size,digits,algo,trial,elapsed,muls,adds,error,rc,checksum,sample,stdout,stderr
4,4,auto,0,10.0,,,"int() argument must be a string, a bytes-like object or a real number, not 'list'",0,,,"{""ok"": false, ""error"": ""int() argument must be a string, a bytes-like object or a real number, not 'list'"", ""elapsed"": 0.0}",[decimal_gemm] auto-selected algo='schoolbook' max_digit_len=None cutoff=None
4,4,auto,1,10.0,,,"int() argument must be a string, a bytes-like object or a real number, not 'list'",0,,,"{""ok"": false, ""error"": ""int() argument must be a string, a bytes-like object or a real number, not 'list'"", ""elapsed"": 0.0}",[decimal_gemm] auto-selected algo='schoolbook' max_digit_len=None cutoff=None
4,4,schoolbook,0,10.0,,,"int() argument must be a string, a bytes-like object or a real number, not 'list'",0,,,"{""ok"": false, ""error"": ""int() argument must be a string, a bytes-like object or a real number, not 'list'"", ""elapsed"": 0.0}",
4,4,schoolbook,1,10.0,,,"int() argument must be a string, a bytes-like object or a real number, not 'list'",0,,,"{""ok"": false, ""error"": ""int() argument must be a string, a bytes-like object or a real number, not 'list'"", ""elapsed"": 0.0}",
4,4,karatsuba,0,10.0,,,"int() argument must be a string, a bytes-like object or a real number, not 'list'",0,,,"{""ok"": false, ""error"": ""int() argument must be a string, a bytes-like object or a real number, not 'list'"", ""elapsed"": 0.0}",
4,4,karatsuba,1,10.0,,,"int() argument must be a string, a bytes-like object or a real number, not 'list'",0,,,"{""ok"": false, ""error"": ""int() argument must be a string, a bytes-like object or a real number, not 'list'"", ""elapsed"": 0.0}",
4,4,strassen,0,10.0,,,"int() argument must be a string, a bytes-like object or a real number, not 'list'",0,,,"{""ok"": false, ""error"": ""int() argument must be a string, a bytes-like object or a real number, not 'list'"", ""elapsed"": 0.0}",
4,4,strassen,1,10.0,,,"int() argument must be a string, a bytes-like object or a real number, not 'list'",0,,,"{""ok"": false, ""error"": ""int() argument must be a string, a bytes-like object or a real number, not 'list'"", ""elapsed"": 0.0}",
4,4,numba,0,10.0,,,Unknown mul_algo: 'numba',0,,,"{""ok"": false, ""error"": ""Unknown mul_algo: 'numba'"", ""elapsed"": 0.0}",
4,4,numba,1,10.0,,,Unknown mul_algo: 'numba',0,,,"{""ok"": false, ""error"": ""Unknown mul_algo: 'numba'"", ""elapsed"": 0.0}",
4,8,auto,0,10.0,,,"int() argument must be a string, a bytes-like object or a real number, not 'list'",0,,,"{""ok"": false, ""error"": ""int() argument must be a string, a bytes-like object or a real number, not 'list'"", ""elapsed"": 0.0}",[decimal_gemm] auto-selected algo='schoolbook' max_digit_len=None cutoff=None
4,8,auto,1,10.0,,,"int() argument must be a string, a bytes-like object or a real number, not 'list'",0,,,"{""ok"": false, ""error"": ""int() argument must be a string, a bytes-like object or a real number, not 'list'"", ""elapsed"": 0.0}",[decimal_gemm] auto-selected algo='schoolbook' max_digit_len=None cutoff=None
4,8,schoolbook,0,10.0,,,"int() argument must be a string, a bytes-like object or a real number, not 'list'",0,,,"{""ok"": false, ""error"": ""int() argument must be a string, a bytes-like object or a real number, not 'list'"", ""elapsed"": 0.0}",
4,8,schoolbook,1,10.0,,,"int() argument must be a string, a bytes-like object or a real number, not 'list'",0,,,"{""ok"": false, ""error"": ""int() argument must be a string, a bytes-like object or a real number, not 'list'"", ""elapsed"": 0.0}",
4,8,karatsuba,0,10.0,,,"int() argument must be a string, a bytes-like object or a real number, not 'list'",0,,,"{""ok"": false, ""error"": ""int() argument must be a string, a bytes-like object or a real number, not 'list'"", ""elapsed"": 0.0}",
4,8,karatsuba,1,10.0,,,"int() argument must be a string, a bytes-like object or a real number, not 'list'",0,,,"{""ok"": false, ""error"": ""int() argument must be a string, a bytes-like object or a real number, not 'list'"", ""elapsed"": 0.0}",
4,8,strassen,0,10.0,,,"int() argument must be a string, a bytes-like object or a real number, not 'list'",0,,,"{""ok"": false, ""error"": ""int() argument must be a string, a bytes-like object or a real number, not 'list'"", ""elapsed"": 0.0}",
4,8,strassen,1,10.0,,,"int() argument must be a string, a bytes-like object or a real number, not 'list'",0,,,"{""ok"": false, ""error"": ""int() argument must be a string, a bytes-like object or a real number, not 'list'"", ""elapsed"": 0.0}",
4,8,numba,0,10.0,,,Unknown mul_algo: 'numba',0,,,"{""ok"": false, ""error"": ""Unknown mul_algo: 'numba'"", ""elapsed"": 0.0}",
4,8,numba,1,10.0,,,Unknown mul_algo: 'numba',0,,,"{""ok"": false, ""error"": ""Unknown mul_algo: 'numba'"", ""elapsed"": 0.0}",
4,16,auto,0,0.0009987354278564453,,,"int() argument must be a string, a bytes-like object or a real number, not 'list'",0,,,"{""ok"": false, ""error"": ""int() argument must be a string, a bytes-like object or a real number, not 'list'"", ""elapsed"": 0.0009987354278564453}",[decimal_gemm] auto-selected algo='schoolbook' max_digit_len=None cutoff=None
4,16,auto,1,10.0,,,"int() argument must be a string, a bytes-like object or a real number, not 'list'",0,,,"{""ok"": false, ""error"": ""int() argument must be a string, a bytes-like object or a real number, not 'list'"", ""elapsed"": 0.0}",[decimal_gemm] auto-selected algo='schoolbook' max_digit_len=None cutoff=None
4,16,schoolbook,0,10.0,,,"int() argument must be a string, a bytes-like object or a real number, not 'list'",0,,,"{""ok"": false, ""error"": ""int() argument must be a string, a bytes-like object or a real number, not 'list'"", ""elapsed"": 0.0}",
4,16,schoolbook,1,10.0,,,"int() argument must be a string, a bytes-like object or a real number, not 'list'",0,,,"{""ok"": false, ""error"": ""int() argument must be a string, a bytes-like object or a real number, not 'list'"", ""elapsed"": 0.0}",
4,16,karatsuba,0,10.0,,,"int() argument must be a string, a bytes-like object or a real number, not 'list'",0,,,"{""ok"": false, ""error"": ""int() argument must be a string, a bytes-like object or a real number, not 'list'"", ""elapsed"": 0.0}",
4,16,karatsuba,1,10.0,,,"int() argument must be a string, a bytes-like object or a real number, not 'list'",0,,,"{""ok"": false, ""error"": ""int() argument must be a string, a bytes-like object or a real number, not 'list'"", ""elapsed"": 0.0}",
4,16,strassen,0,10.0,,,"int() argument must be a string, a bytes-like object or a real number, not 'list'",0,,,"{""ok"": false, ""error"": ""int() argument must be a string, a bytes-like object or a real number, not 'list'"", ""elapsed"": 0.0}",
4,16,strassen,1,10.0,,,"int() argument must be a string, a bytes-like object or a real number, not 'list'",0,,,"{""ok"": false, ""error"": ""int() argument must be a string, a bytes-like object or a real number, not 'list'"", ""elapsed"": 0.0}",
4,16,numba,0,10.0,,,Unknown mul_algo: 'numba',0,,,"{""ok"": false, ""error"": ""Unknown mul_algo: 'numba'"", ""elapsed"": 0.0}",
4,16,numba,1,10.0,,,Unknown mul_algo: 'numba',0,,,"{""ok"": false, ""error"": ""Unknown mul_algo: 'numba'"", ""elapsed"": 0.0}",
8,4,auto,0,10.0,,,"int() argument must be a string, a bytes-like object or a real number, not 'list'",0,,,"{""ok"": false, ""error"": ""int() argument must be a string, a bytes-like object or a real number, not 'list'"", ""elapsed"": 0.0}",[decimal_gemm] auto-selected algo='schoolbook' max_digit_len=None cutoff=None
8,4,auto,1,0.0009999275207519531,,,"int() argument must be a string, a bytes-like object or a real number, not 'list'",0,,,"{""ok"": false, ""error"": ""int() argument must be a string, a bytes-like object or a real number, not 'list'"", ""elapsed"": 0.0009999275207519531}",[decimal_gemm] auto-selected algo='schoolbook' max_digit_len=None cutoff=None
8,4,schoolbook,0,10.0,,,"int() argument must be a string, a bytes-like object or a real number, not 'list'",0,,,"{""ok"": false, ""error"": ""int() argument must be a string, a bytes-like object or a real number, not 'list'"", ""elapsed"": 0.0}",
8,4,schoolbook,1,10.0,,,"int() argument must be a string, a bytes-like object or a real number, not 'list'",0,,,"{""ok"": false, ""error"": ""int() argument must be a string, a bytes-like object or a real number, not 'list'"", ""elapsed"": 0.0}",
8,4,karatsuba,0,10.0,,,"int() argument must be a string, a bytes-like object or a real number, not 'list'",0,,,"{""ok"": false, ""error"": ""int() argument must be a string, a bytes-like object or a real number, not 'list'"", ""elapsed"": 0.0}",
8,4,karatsuba,1,10.0,,,"int() argument must be a string, a bytes-like object or a real number, not 'list'",0,,,"{""ok"": false, ""error"": ""int() argument must be a string, a bytes-like object or a real number, not 'list'"", ""elapsed"": 0.0}",
8,4,strassen,0,10.0,,,"int() argument must be a string, a bytes-like object or a real number, not 'list'",0,,,"{""ok"": false, ""error"": ""int() argument must be a string, a bytes-like object or a real number, not 'list'"", ""elapsed"": 0.0}",
8,4,strassen,1,10.0,,,"int() argument must be a string, a bytes-like object or a real number, not 'list'",0,,,"{""ok"": false, ""error"": ""int() argument must be a string, a bytes-like object or a real number, not 'list'"", ""elapsed"": 0.0}",
8,4,numba,0,10.0,,,Unknown mul_algo: 'numba',0,,,"{""ok"": false, ""error"": ""Unknown mul_algo: 'numba'"", ""elapsed"": 0.0}",
8,4,numba,1,10.0,,,Unknown mul_algo: 'numba',0,,,"{""ok"": false, ""error"": ""Unknown mul_algo: 'numba'"", ""elapsed"": 0.0}",
8,8,auto,0,10.0,,,"int() argument must be a string, a bytes-like object or a real number, not 'list'",0,,,"{""ok"": false, ""error"": ""int() argument must be a string, a bytes-like object or a real number, not 'list'"", ""elapsed"": 0.0}",[decimal_gemm] auto-selected algo='schoolbook' max_digit_len=None cutoff=None
8,8,auto,1,10.0,,,"int() argument must be a string, a bytes-like object or a real number, not 'list'",0,,,"{""ok"": false, ""error"": ""int() argument must be a string, a bytes-like object or a real number, not 'list'"", ""elapsed"": 0.0}",[decimal_gemm] auto-selected algo='schoolbook' max_digit_len=None cutoff=None
8,8,schoolbook,0,10.0,,,"int() argument must be a string, a bytes-like object or a real number, not 'list'",0,,,"{""ok"": false, ""error"": ""int() argument must be a string, a bytes-like object or a real number, not 'list'"", ""elapsed"": 0.0}",
8,8,schoolbook,1,10.0,,,"int() argument must be a string, a bytes-like object or a real number, not 'list'",0,,,"{""ok"": false, ""error"": ""int() argument must be a string, a bytes-like object or a real number, not 'list'"", ""elapsed"": 0.0}",
8,8,karatsuba,0,10.0,,,"int() argument must be a string, a bytes-like object or a real number, not 'list'",0,,,"{""ok"": false, ""error"": ""int() argument must be a string, a bytes-like object or a real number, not 'list'"", ""elapsed"": 0.0}",
8,8,karatsuba,1,10.0,,,"int() argument must be a string, a bytes-like object or a real number, not 'list'",0,,,"{""ok"": false, ""error"": ""int() argument must be a string, a bytes-like object or a real number, not 'list'"", ""elapsed"": 0.0}",
8,8,strassen,0,10.0,,,"int() argument must be a string, a bytes-like object or a real number, not 'list'",0,,,"{""ok"": false, ""error"": ""int() argument must be a string, a bytes-like object or a real number, not 'list'"", ""elapsed"": 0.0}",
8,8,strassen,1,10.0,,,"int() argument must be a string, a bytes-like object or a real number, not 'list'",0,,,"{""ok"": false, ""error"": ""int() argument must be a string, a bytes-like object or a real number, not 'list'"", ""elapsed"": 0.0}",
8,8,numba,0,10.0,,,Unknown mul_algo: 'numba',0,,,"{""ok"": false, ""error"": ""Unknown mul_algo: 'numba'"", ""elapsed"": 0.0}",
8,8,numba,1,10.0,,,Unknown mul_algo: 'numba',0,,,"{""ok"": false, ""error"": ""Unknown mul_algo: 'numba'"", ""elapsed"": 0.0}",
8,16,auto,0,10.0,,,"int() argument must be a string, a bytes-like object or a real number, not 'list'",0,,,"{""ok"": false, ""error"": ""int() argument must be a string, a bytes-like object or a real number, not 'list'"", ""elapsed"": 0.0}",[decimal_gemm] auto-selected algo='schoolbook' max_digit_len=None cutoff=None
8,16,auto,1,10.0,,,"int() argument must be a string, a bytes-like object or a real number, not 'list'",0,,,"{""ok"": false, ""error"": ""int() argument must be a string, a bytes-like object or a real number, not 'list'"", ""elapsed"": 0.0}",[decimal_gemm] auto-selected algo='schoolbook' max_digit_len=None cutoff=None
8,16,schoolbook,0,10.0,,,"int() argument must be a string, a bytes-like object or a real number, not 'list'",0,,,"{""ok"": false, ""error"": ""int() argument must be a string, a bytes-like object or a real number, not 'list'"", ""elapsed"": 0.0}",
8,16,schoolbook,1,10.0,,,"int() argument must be a string, a bytes-like object or a real number, not 'list'",0,,,"{""ok"": false, ""error"": ""int() argument must be a string, a bytes-like object or a real number, not 'list'"", ""elapsed"": 0.0}",
8,16,karatsuba,0,10.0,,,"int() argument must be a string, a bytes-like object or a real number, not 'list'",0,,,"{""ok"": false, ""error"": ""int() argument must be a string, a bytes-like object or a real number, not 'list'"", ""elapsed"": 0.0}",
8,16,karatsuba,1,10.0,,,"int() argument must be a string, a bytes-like object or a real number, not 'list'",0,,,"{""ok"": false, ""error"": ""int() argument must be a string, a bytes-like object or a real number, not 'list'"", ""elapsed"": 0.0}",
8,16,strassen,0,10.0,,,"int() argument must be a string, a bytes-like object or a real number, not 'list'",0,,,"{""ok"": false, ""error"": ""int() argument must be a string, a bytes-like object or a real number, not 'list'"", ""elapsed"": 0.0}",
8,16,strassen,1,10.0,,,"int() argument must be a string, a bytes-like object or a real number, not 'list'",0,,,"{""ok"": false, ""error"": ""int() argument must be a string, a bytes-like object or a real number, not 'list'"", ""elapsed"": 0.0}",
8,16,numba,0,10.0,,,Unknown mul_algo: 'numba',0,,,"{""ok"": false, ""error"": ""Unknown mul_algo: 'numba'"", ""elapsed"": 0.0}",
8,16,numba,1,10.0,,,Unknown mul_algo: 'numba',0,,,"{""ok"": false, ""error"": ""Unknown mul_algo: 'numba'"", ""elapsed"": 0.0}",
16,4,auto,0,10.0,,,"int() argument must be a string, a bytes-like object or a real number, not 'list'",0,,,"{""ok"": false, ""error"": ""int() argument must be a string, a bytes-like object or a real number, not 'list'"", ""elapsed"": 0.0}",[decimal_gemm] auto-selected algo='karatsuba' max_digit_len=None cutoff=None
16,4,auto,1,10.0,,,"int() argument must be a string, a bytes-like object or a real number, not 'list'",0,,,"{""ok"": false, ""error"": ""int() argument must be a string, a bytes-like object or a real number, not 'list'"", ""elapsed"": 0.0}",[decimal_gemm] auto-selected algo='karatsuba' max_digit_len=None cutoff=None
16,4,schoolbook,0,10.0,,,"int() argument must be a string, a bytes-like object or a real number, not 'list'",0,,,"{""ok"": false, ""error"": ""int() argument must be a string, a bytes-like object or a real number, not 'list'"", ""elapsed"": 0.0}",
16,4,schoolbook,1,10.0,,,"int() argument must be a string, a bytes-like object or a real number, not 'list'",0,,,"{""ok"": false, ""error"": ""int() argument must be a string, a bytes-like object or a real number, not 'list'"", ""elapsed"": 0.0}",
16,4,karatsuba,0,10.0,,,"int() argument must be a string, a bytes-like object or a real number, not 'list'",0,,,"{""ok"": false, ""error"": ""int() argument must be a string, a bytes-like object or a real number, not 'list'"", ""elapsed"": 0.0}",
16,4,karatsuba,1,10.0,,,"int() argument must be a string, a bytes-like object or a real number, not 'list'",0,,,"{""ok"": false, ""error"": ""int() argument must be a string, a bytes-like object or a real number, not 'list'"", ""elapsed"": 0.0}",
16,4,strassen,0,10.0,,,"int() argument must be a string, a bytes-like object or a real number, not 'list'",0,,,"{""ok"": false, ""error"": ""int() argument must be a string, a bytes-like object or a real number, not 'list'"", ""elapsed"": 0.0}",
16,4,strassen,1,10.0,,,"int() argument must be a string, a bytes-like object or a real number, not 'list'",0,,,"{""ok"": false, ""error"": ""int() argument must be a string, a bytes-like object or a real number, not 'list'"", ""elapsed"": 0.0}",
4,4,auto,0,10.0,,,"int() argument must be a string, a bytes-like object or a real number, not 'list'",0,,,"{""ok"": false, ""error"": ""int() argument must be a string, a bytes-like object or a real number, not 'list'"", ""elapsed"": 0.0}",[decimal_gemm] auto-selected algo='schoolbook' max_digit_len=None cutoff=None
4,4,auto,1,10.0,,,"int() argument must be a string, a bytes-like object or a real number, not 'list'",0,,,"{""ok"": false, ""error"": ""int() argument must be a string, a bytes-like object or a real number, not 'list'"", ""elapsed"": 0.0}",[decimal_gemm] auto-selected algo='schoolbook' max_digit_len=None cutoff=None
4,4,schoolbook,0,10.0,,,"int() argument must be a string, a bytes-like object or a real number, not 'list'",0,,,"{""ok"": false, ""error"": ""int() argument must be a string, a bytes-like object or a real number, not 'list'"", ""elapsed"": 0.0}",
4,4,schoolbook,1,10.0,,,"int() argument must be a string, a bytes-like object or a real number, not 'list'",0,,,"{""ok"": false, ""error"": ""int() argument must be a string, a bytes-like object or a real number, not 'list'"", ""elapsed"": 0.0}",
4,4,karatsuba,0,10.0,,,"int() argument must be a string, a bytes-like object or a real number, not 'list'",0,,,"{""ok"": false, ""error"": ""int() argument must be a string, a bytes-like object or a real number, not 'list'"", ""elapsed"": 0.0}",
4,4,karatsuba,1,10.0,,,"int() argument must be a string, a bytes-like object or a real number, not 'list'",0,,,"{""ok"": false, ""error"": ""int() argument must be a string, a bytes-like object or a real number, not 'list'"", ""elapsed"": 0.0}",
4,4,strassen,0,10.0,,,"int() argument must be a string, a bytes-like object or a real number, not 'list'",0,,,"{""ok"": false, ""error"": ""int() argument must be a string, a bytes-like object or a real number, not 'list'"", ""elapsed"": 0.0}",
4,4,strassen,1,10.0,,,"int() argument must be a string, a bytes-like object or a real number, not 'list'",0,,,"{""ok"": false, ""error"": ""int() argument must be a string, a bytes-like object or a real number, not 'list'"", ""elapsed"": 0.0}",
4,4,numba,0,10.0,,,Unknown mul_algo: 'numba',0,,,"{""ok"": false, ""error"": ""Unknown mul_algo: 'numba'"", ""elapsed"": 0.0}",
4,4,numba,1,10.0,,,Unknown mul_algo: 'numba',0,,,"{""ok"": false, ""error"": ""Unknown mul_algo: 'numba'"", ""elapsed"": 0.0}",
4,8,auto,0,10.0,,,"int() argument must be a string, a bytes-like object or a real number, not 'list'",0,,,"{""ok"": false, ""error"": ""int() argument must be a string, a bytes-like object or a real number, not 'list'"", ""elapsed"": 0.0}",[decimal_gemm] auto-selected algo='schoolbook' max_digit_len=None cutoff=None
4,8,auto,1,10.0,,,"int() argument must be a string, a bytes-like object or a real number, not 'list'",0,,,"{""ok"": false, ""error"": ""int() argument must be a string, a bytes-like object or a real number, not 'list'"", ""elapsed"": 0.0}",[decimal_gemm] auto-selected algo='schoolbook' max_digit_len=None cutoff=None
4,8,schoolbook,0,10.0,,,"int() argument must be a string, a bytes-like object or a real number, not 'list'",0,,,"{""ok"": false, ""error"": ""int() argument must be a string, a bytes-like object or a real number, not 'list'"", ""elapsed"": 0.0}",
4,8,schoolbook,1,10.0,,,"int() argument must be a string, a bytes-like object or a real number, not 'list'",0,,,"{""ok"": false, ""error"": ""int() argument must be a string, a bytes-like object or a real number, not 'list'"", ""elapsed"": 0.0}",
4,8,karatsuba,0,10.0,,,"int() argument must be a string, a bytes-like object or a real number, not 'list'",0,,,"{""ok"": false, ""error"": ""int() argument must be a string, a bytes-like object or a real number, not 'list'"", ""elapsed"": 0.0}",
4,8,karatsuba,1,10.0,,,"int() argument must be a string, a bytes-like object or a real number, not 'list'",0,,,"{""ok"": false, ""error"": ""int() argument must be a string, a bytes-like object or a real number, not 'list'"", ""elapsed"": 0.0}",
4,8,strassen,0,10.0,,,"int() argument must be a string, a bytes-like object or a real number, not 'list'",0,,,"{""ok"": false, ""error"": ""int() argument must be a string, a bytes-like object or a real number, not 'list'"", ""elapsed"": 0.0}",
4,8,strassen,1,10.0,,,"int() argument must be a string, a bytes-like object or a real number, not 'list'",0,,,"{""ok"": false, ""error"": ""int() argument must be a string, a bytes-like object or a real number, not 'list'"", ""elapsed"": 0.0}",
4,8,numba,0,10.0,,,Unknown mul_algo: 'numba',0,,,"{""ok"": false, ""error"": ""Unknown mul_algo: 'numba'"", ""elapsed"": 0.0}",
4,8,numba,1,10.0,,,Unknown mul_algo: 'numba',0,,,"{""ok"": false, ""error"": ""Unknown mul_algo: 'numba'"", ""elapsed"": 0.0}",
4,16,auto,0,10.0,,,"int() argument must be a string, a bytes-like object or a real number, not 'list'",0,,,"{""ok"": false, ""error"": ""int() argument must be a string, a bytes-like object or a real number, not 'list'"", ""elapsed"": 0.0}",[decimal_gemm] auto-selected algo='schoolbook' max_digit_len=None cutoff=None
4,16,auto,1,10.0,,,"int() argument must be a string, a bytes-like object or a real number, not 'list'",0,,,"{""ok"": false, ""error"": ""int() argument must be a string, a bytes-like object or a real number, not 'list'"", ""elapsed"": 0.0}",[decimal_gemm] auto-selected algo='schoolbook' max_digit_len=None cutoff=None
4,16,schoolbook,0,10.0,,,"int() argument must be a string, a bytes-like object or a real number, not 'list'",0,,,"{""ok"": false, ""error"": ""int() argument must be a string, a bytes-like object or a real number, not 'list'"", ""elapsed"": 0.0}",
4,16,schoolbook,1,10.0,,,"int() argument must be a string, a bytes-like object or a real number, not 'list'",0,,,"{""ok"": false, ""error"": ""int() argument must be a string, a bytes-like object or a real number, not 'list'"", ""elapsed"": 0.0}",
4,16,karatsuba,0,10.0,,,"int() argument must be a string, a bytes-like object or a real number, not 'list'",0,,,"{""ok"": false, ""error"": ""int() argument must be a string, a bytes-like object or a real number, not 'list'"", ""elapsed"": 0.0}",
4,16,karatsuba,1,10.0,,,"int() argument must be a string, a bytes-like object or a real number, not 'list'",0,,,"{""ok"": false, ""error"": ""int() argument must be a string, a bytes-like object or a real number, not 'list'"", ""elapsed"": 0.0}",
4,16,strassen,0,10.0,,,"int() argument must be a string, a bytes-like object or a real number, not 'list'",0,,,"{""ok"": false, ""error"": ""int() argument must be a string, a bytes-like object or a real number, not 'list'"", ""elapsed"": 0.0}",
4,16,strassen,1,10.0,,,"int() argument must be a string, a bytes-like object or a real number, not 'list'",0,,,"{""ok"": false, ""error"": ""int() argument must be a string, a bytes-like object or a real number, not 'list'"", ""elapsed"": 0.0}",
4,16,numba,0,10.0,,,Unknown mul_algo: 'numba',0,,,"{""ok"": false, ""error"": ""Unknown mul_algo: 'numba'"", ""elapsed"": 0.0}",
4,16,numba,1,10.0,,,Unknown mul_algo: 'numba',0,,,"{""ok"": false, ""error"": ""Unknown mul_algo: 'numba'"", ""elapsed"": 0.0}",
8,4,auto,0,10.0,,,"int() argument must be a string, a bytes-like object or a real number, not 'list'",0,,,"{""ok"": false, ""error"": ""int() argument must be a string, a bytes-like object or a real number, not 'list'"", ""elapsed"": 0.0}",[decimal_gemm] auto-selected algo='schoolbook' max_digit_len=None cutoff=None
8,4,auto,1,10.0,,,"int() argument must be a string, a bytes-like object or a real number, not 'list'",0,,,"{""ok"": false, ""error"": ""int() argument must be a string, a bytes-like object or a real number, not 'list'"", ""elapsed"": 0.0}",[decimal_gemm] auto-selected algo='schoolbook' max_digit_len=None cutoff=None
8,4,schoolbook,0,10.0,,,"int() argument must be a string, a bytes-like object or a real number, not 'list'",0,,,"{""ok"": false, ""error"": ""int() argument must be a string, a bytes-like object or a real number, not 'list'"", ""elapsed"": 0.0}",
8,4,schoolbook,1,10.0,,,"int() argument must be a string, a bytes-like object or a real number, not 'list'",0,,,"{""ok"": false, ""error"": ""int() argument must be a string, a bytes-like object or a real number, not 'list'"", ""elapsed"": 0.0}",
8,4,karatsuba,0,10.0,,,"int() argument must be a string, a bytes-like object or a real number, not 'list'",0,,,"{""ok"": false, ""error"": ""int() argument must be a string, a bytes-like object or a real number, not 'list'"", ""elapsed"": 0.0}",
8,4,karatsuba,1,10.0,,,"int() argument must be a string, a bytes-like object or a real number, not 'list'",0,,,"{""ok"": false, ""error"": ""int() argument must be a string, a bytes-like object or a real number, not 'list'"", ""elapsed"": 0.0}",
8,4,strassen,0,10.0,,,"int() argument must be a string, a bytes-like object or a real number, not 'list'",0,,,"{""ok"": false, ""error"": ""int() argument must be a string, a bytes-like object or a real number, not 'list'"", ""elapsed"": 0.0}",
8,4,strassen,1,10.0,,,"int() argument must be a string, a bytes-like object or a real number, not 'list'",0,,,"{""ok"": false, ""error"": ""int() argument must be a string, a bytes-like object or a real number, not 'list'"", ""elapsed"": 0.0}",
8,4,numba,0,10.0,,,Unknown mul_algo: 'numba',0,,,"{""ok"": false, ""error"": ""Unknown mul_algo: 'numba'"", ""elapsed"": 0.0}",
8,4,numba,1,10.0,,,Unknown mul_algo: 'numba',0,,,"{""ok"": false, ""error"": ""Unknown mul_algo: 'numba'"", ""elapsed"": 0.0}",
8,8,auto,0,10.0,,,"int() argument must be a string, a bytes-like object or a real number, not 'list'",0,,,"{""ok"": false, ""error"": ""int() argument must be a string, a bytes-like object or a real number, not 'list'"", ""elapsed"": 0.0}",[decimal_gemm] auto-selected algo='schoolbook' max_digit_len=None cutoff=None
8,8,auto,1,10.0,,,"int() argument must be a string, a bytes-like object or a real number, not 'list'",0,,,"{""ok"": false, ""error"": ""int() argument must be a string, a bytes-like object or a real number, not 'list'"", ""elapsed"": 0.0}",[decimal_gemm] auto-selected algo='schoolbook' max_digit_len=None cutoff=None
8,8,schoolbook,0,10.0,,,"int() argument must be a string, a bytes-like object or a real number, not 'list'",0,,,"{""ok"": false, ""error"": ""int() argument must be a string, a bytes-like object or a real number, not 'list'"", ""elapsed"": 0.0}",
8,8,schoolbook,1,10.0,,,"int() argument must be a string, a bytes-like object or a real number, not 'list'",0,,,"{""ok"": false, ""error"": ""int() argument must be a string, a bytes-like object or a real number, not 'list'"", ""elapsed"": 0.0}",
8,8,karatsuba,0,10.0,,,"int() argument must be a string, a bytes-like object or a real number, not 'list'",0,,,"{""ok"": false, ""error"": ""int() argument must be a string, a bytes-like object or a real number, not 'list'"", ""elapsed"": 0.0}",
8,8,karatsuba,1,10.0,,,"int() argument must be a string, a bytes-like object or a real number, not 'list'",0,,,"{""ok"": false, ""error"": ""int() argument must be a string, a bytes-like object or a real number, not 'list'"", ""elapsed"": 0.0}",
8,8,strassen,0,10.0,,,"int() argument must be a string, a bytes-like object or a real number, not 'list'",0,,,"{""ok"": false, ""error"": ""int() argument must be a string, a bytes-like object or a real number, not 'list'"", ""elapsed"": 0.0}",
8,8,strassen,1,10.0,,,"int() argument must be a string, a bytes-like object or a real number, not 'list'",0,,,"{""ok"": false, ""error"": ""int() argument must be a string, a bytes-like object or a real number, not 'list'"", ""elapsed"": 0.0}",
8,8,numba,0,10.0,,,Unknown mul_algo: 'numba',0,,,"{""ok"": false, ""error"": ""Unknown mul_algo: 'numba'"", ""elapsed"": 0.0}",
8,8,numba,1,10.0,,,Unknown mul_algo: 'numba',0,,,"{""ok"": false, ""error"": ""Unknown mul_algo: 'numba'"", ""elapsed"": 0.0}",
8,16,auto,0,0.0010001659393310547,,,"int() argument must be a string, a bytes-like object or a real number, not 'list'",0,,,"{""ok"": false, ""error"": ""int() argument must be a string, a bytes-like object or a real number, not 'list'"", ""elapsed"": 0.0010001659393310547}",[decimal_gemm] auto-selected algo='schoolbook' max_digit_len=None cutoff=None
8,16,auto,1,10.0,,,"int() argument must be a string, a bytes-like object or a real number, not 'list'",0,,,"{""ok"": false, ""error"": ""int() argument must be a string, a bytes-like object or a real number, not 'list'"", ""elapsed"": 0.0}",[decimal_gemm] auto-selected algo='schoolbook' max_digit_len=None cutoff=None
8,16,schoolbook,0,10.0,,,"int() argument must be a string, a bytes-like object or a real number, not 'list'",0,,,"{""ok"": false, ""error"": ""int() argument must be a string, a bytes-like object or a real number, not 'list'"", ""elapsed"": 0.0}",
8,16,schoolbook,1,10.0,,,"int() argument must be a string, a bytes-like object or a real number, not 'list'",0,,,"{""ok"": false, ""error"": ""int() argument must be a string, a bytes-like object or a real number, not 'list'"", ""elapsed"": 0.0}",
8,16,karatsuba,0,10.0,,,"int() argument must be a string, a bytes-like object or a real number, not 'list'",0,,,"{""ok"": false, ""error"": ""int() argument must be a string, a bytes-like object or a real number, not 'list'"", ""elapsed"": 0.0}",
8,16,karatsuba,1,10.0,,,"int() argument must be a string, a bytes-like object or a real number, not 'list'",0,,,"{""ok"": false, ""error"": ""int() argument must be a string, a bytes-like object or a real number, not 'list'"", ""elapsed"": 0.0}",
8,16,strassen,0,10.0,,,"int() argument must be a string, a bytes-like object or a real number, not 'list'",0,,,"{""ok"": false, ""error"": ""int() argument must be a string, a bytes-like object or a real number, not 'list'"", ""elapsed"": 0.0}",
8,16,strassen,1,10.0,,,"int() argument must be a string, a bytes-like object or a real number, not 'list'",0,,,"{""ok"": false, ""error"": ""int() argument must be a string, a bytes-like object or a real number, not 'list'"", ""elapsed"": 0.0}",
8,16,numba,0,10.0,,,Unknown mul_algo: 'numba',0,,,"{""ok"": false, ""error"": ""Unknown mul_algo: 'numba'"", ""elapsed"": 0.0}",
8,16,numba,1,10.0,,,Unknown mul_algo: 'numba',0,,,"{""ok"": false, ""error"": ""Unknown mul_algo: 'numba'"", ""elapsed"": 0.0}",
16,4,auto,0,10.0,,,"int() argument must be a string, a bytes-like object or a real number, not 'list'",0,,,"{""ok"": false, ""error"": ""int() argument must be a string, a bytes-like object or a real number, not 'list'"", ""elapsed"": 0.0}",[decimal_gemm] auto-selected algo='karatsuba' max_digit_len=None cutoff=None
16,4,auto,1,10.0,,,"int() argument must be a string, a bytes-like object or a real number, not 'list'",0,,,"{""ok"": false, ""error"": ""int() argument must be a string, a bytes-like object or a real number, not 'list'"", ""elapsed"": 0.0}",[decimal_gemm] auto-selected algo='karatsuba' max_digit_len=None cutoff=None
16,4,schoolbook,0,10.0,,,"int() argument must be a string, a bytes-like object or a real number, not 'list'",0,,,"{""ok"": false, ""error"": ""int() argument must be a string, a bytes-like object or a real number, not 'list'"", ""elapsed"": 0.0}",
16,4,schoolbook,1,10.0,,,"int() argument must be a string, a bytes-like object or a real number, not 'list'",0,,,"{""ok"": false, ""error"": ""int() argument must be a string, a bytes-like object or a real number, not 'list'"", ""elapsed"": 0.0}",
16,4,karatsuba,0,10.0,,,"int() argument must be a string, a bytes-like object or a real number, not 'list'",0,,,"{""ok"": false, ""error"": ""int() argument must be a string, a bytes-like object or a real number, not 'list'"", ""elapsed"": 0.0}",
16,4,karatsuba,1,10.0,,,"int() argument must be a string, a bytes-like object or a real number, not 'list'",0,,,"{""ok"": false, ""error"": ""int() argument must be a string, a bytes-like object or a real number, not 'list'"", ""elapsed"": 0.0}",
16,4,strassen,0,10.0,,,"int() argument must be a string, a bytes-like object or a real number, not 'list'",0,,,"{""ok"": false, ""error"": ""int() argument must be a string, a bytes-like object or a real number, not 'list'"", ""elapsed"": 0.0}",
16,4,strassen,1,10.0,,,"int() argument must be a string, a bytes-like object or a real number, not 'list'",0,,,"{""ok"": false, ""error"": ""int() argument must be a string, a bytes-like object or a real number, not 'list'"", ""elapsed"": 0.0}",
16,4,numba,0,10.0,,,Unknown mul_algo: 'numba',0,,,"{""ok"": false, ""error"": ""Unknown mul_algo: 'numba'"", ""elapsed"": 0.0}",
16,4,numba,1,10.0,,,Unknown mul_algo: 'numba',0,,,"{""ok"": false, ""error"": ""Unknown mul_algo: 'numba'"", ""elapsed"": 0.0}",
16,8,auto,0,10.0,,,"int() argument must be a string, a bytes-like object or a real number, not 'list'",0,,,"{""ok"": false, ""error"": ""int() argument must be a string, a bytes-like object or a real number, not 'list'"", ""elapsed"": 0.0}",[decimal_gemm] auto-selected algo='karatsuba' max_digit_len=None cutoff=None
16,8,auto,1,0.0010008811950683594,,,"int() argument must be a string, a bytes-like object or a real number, not 'list'",0,,,"{""ok"": false, ""error"": ""int() argument must be a string, a bytes-like object or a real number, not 'list'"", ""elapsed"": 0.0010008811950683594}",[decimal_gemm] auto-selected algo='karatsuba' max_digit_len=None cutoff=None
16,8,schoolbook,0,10.0,,,"int() argument must be a string, a bytes-like object or a real number, not 'list'",0,,,"{""ok"": false, ""error"": ""int() argument must be a string, a bytes-like object or a real number, not 'list'"", ""elapsed"": 0.0}",
16,8,schoolbook,1,10.0,,,"int() argument must be a string, a bytes-like object or a real number, not 'list'",0,,,"{""ok"": false, ""error"": ""int() argument must be a string, a bytes-like object or a real number, not 'list'"", ""elapsed"": 0.0}",
16,8,karatsuba,0,10.0,,,"int() argument must be a string, a bytes-like object or a real number, not 'list'",0,,,"{""ok"": false, ""error"": ""int() argument must be a string, a bytes-like object or a real number, not 'list'"", ""elapsed"": 0.0}",
16,8,karatsuba,1,10.0,,,"int() argument must be a string, a bytes-like object or a real number, not 'list'",0,,,"{""ok"": false, ""error"": ""int() argument must be a string, a bytes-like object or a real number, not 'list'"", ""elapsed"": 0.0}",
16,8,strassen,0,10.0,,,"int() argument must be a string, a bytes-like object or a real number, not 'list'",0,,,"{""ok"": false, ""error"": ""int() argument must be a string, a bytes-like object or a real number, not 'list'"", ""elapsed"": 0.0}",
16,8,strassen,1,10.0,,,"int() argument must be a string, a bytes-like object or a real number, not 'list'",0,,,"{""ok"": false, ""error"": ""int() argument must be a string, a bytes-like object or a real number, not 'list'"", ""elapsed"": 0.0}",
16,8,numba,0,10.0,,,Unknown mul_algo: 'numba',0,,,"{""ok"": false, ""error"": ""Unknown mul_algo: 'numba'"", ""elapsed"": 0.0}",
16,8,numba,1,10.0,,,Unknown mul_algo: 'numba',0,,,"{""ok"": false, ""error"": ""Unknown mul_algo: 'numba'"", ""elapsed"": 0.0}",
16,16,auto,0,10.0,,,"int() argument must be a string, a bytes-like object or a real number, not 'list'",0,,,"{""ok"": false, ""error"": ""int() argument must be a string, a bytes-like object or a real number, not 'list'"", ""elapsed"": 0.0}",[decimal_gemm] auto-selected algo='karatsuba' max_digit_len=None cutoff=None
16,16,auto,1,10.0,,,"int() argument must be a string, a bytes-like object or a real number, not 'list'",0,,,"{""ok"": false, ""error"": ""int() argument must be a string, a bytes-like object or a real number, not 'list'"", ""elapsed"": 0.0}",[decimal_gemm] auto-selected algo='karatsuba' max_digit_len=None cutoff=None
16,16,schoolbook,0,10.0,,,"int() argument must be a string, a bytes-like object or a real number, not 'list'",0,,,"{""ok"": false, ""error"": ""int() argument must be a string, a bytes-like object or a real number, not 'list'"", ""elapsed"": 0.0}",
16,16,schoolbook,1,10.0,,,"int() argument must be a string, a bytes-like object or a real number, not 'list'",0,,,"{""ok"": false, ""error"": ""int() argument must be a string, a bytes-like object or a real number, not 'list'"", ""elapsed"": 0.0}",
16,16,karatsuba,0,10.0,,,"int() argument must be a string, a bytes-like object or a real number, not 'list'",0,,,"{""ok"": false, ""error"": ""int() argument must be a string, a bytes-like object or a real number, not 'list'"", ""elapsed"": 0.0}",
16,16,karatsuba,1,10.0,,,"int() argument must be a string, a bytes-like object or a real number, not 'list'",0,,,"{""ok"": false, ""error"": ""int() argument must be a string, a bytes-like object or a real number, not 'list'"", ""elapsed"": 0.0}",
16,16,strassen,0,10.0,,,"int() argument must be a string, a bytes-like object or a real number, not 'list'",0,,,"{""ok"": false, ""error"": ""int() argument must be a string, a bytes-like object or a real number, not 'list'"", ""elapsed"": 0.0}",
16,16,strassen,1,10.0,,,"int() argument must be a string, a bytes-like object or a real number, not 'list'",0,,,"{""ok"": false, ""error"": ""int() argument must be a string, a bytes-like object or a real number, not 'list'"", ""elapsed"": 0.0}",
16,16,numba,0,10.0,,,Unknown mul_algo: 'numba',0,,,"{""ok"": false, ""error"": ""Unknown mul_algo: 'numba'"", ""elapsed"": 0.0}",
16,16,numba,1,10.0,,,Unknown mul_algo: 'numba',0,,,"{""ok"": false, ""error"": ""Unknown mul_algo: 'numba'"", ""elapsed"": 0.0}",
4,4,auto,0,10.0,,,"int() argument must be a string, a bytes-like object or a real number, not 'list'",0,,,"{""ok"": false, ""error"": ""int() argument must be a string, a bytes-like object or a real number, not 'list'"", ""elapsed"": 0.0}",[decimal_gemm] auto-selected algo='schoolbook' max_digit_len=None cutoff=None
4,4,auto,1,10.0,,,"int() argument must be a string, a bytes-like object or a real number, not 'list'",0,,,"{""ok"": false, ""error"": ""int() argument must be a string, a bytes-like object or a real number, not 'list'"", ""elapsed"": 0.0}",[decimal_gemm] auto-selected algo='schoolbook' max_digit_len=None cutoff=None
4,4,schoolbook,0,10.0,,,"int() argument must be a string, a bytes-like object or a real number, not 'list'",0,,,"{""ok"": false, ""error"": ""int() argument must be a string, a bytes-like object or a real number, not 'list'"", ""elapsed"": 0.0}",
4,4,schoolbook,1,10.0,,,"int() argument must be a string, a bytes-like object or a real number, not 'list'",0,,,"{""ok"": false, ""error"": ""int() argument must be a string, a bytes-like object or a real number, not 'list'"", ""elapsed"": 0.0}",
4,4,karatsuba,0,0.0010001659393310547,,,"int() argument must be a string, a bytes-like object or a real number, not 'list'",0,,,"{""ok"": false, ""error"": ""int() argument must be a string, a bytes-like object or a real number, not 'list'"", ""elapsed"": 0.0010001659393310547}",
4,4,karatsuba,1,10.0,,,"int() argument must be a string, a bytes-like object or a real number, not 'list'",0,,,"{""ok"": false, ""error"": ""int() argument must be a string, a bytes-like object or a real number, not 'list'"", ""elapsed"": 0.0}",
4,4,strassen,0,10.0,,,"int() argument must be a string, a bytes-like object or a real number, not 'list'",0,,,"{""ok"": false, ""error"": ""int() argument must be a string, a bytes-like object or a real number, not 'list'"", ""elapsed"": 0.0}",
4,4,strassen,1,10.0,,,"int() argument must be a string, a bytes-like object or a real number, not 'list'",0,,,"{""ok"": false, ""error"": ""int() argument must be a string, a bytes-like object or a real number, not 'list'"", ""elapsed"": 0.0}",
4,4,numba,0,10.0,,,Unknown mul_algo: 'numba',0,,,"{""ok"": false, ""error"": ""Unknown mul_algo: 'numba'"", ""elapsed"": 0.0}",
4,4,numba,1,10.0,,,Unknown mul_algo: 'numba',0,,,"{""ok"": false, ""error"": ""Unknown mul_algo: 'numba'"", ""elapsed"": 0.0}",
4,8,auto,0,0.0010008811950683594,,,"int() argument must be a string, a bytes-like object or a real number, not 'list'",0,,,"{""ok"": false, ""error"": ""int() argument must be a string, a bytes-like object or a real number, not 'list'"", ""elapsed"": 0.0010008811950683594}",[decimal_gemm] auto-selected algo='schoolbook' max_digit_len=None cutoff=None
4,8,auto,1,10.0,,,"int() argument must be a string, a bytes-like object or a real number, not 'list'",0,,,"{""ok"": false, ""error"": ""int() argument must be a string, a bytes-like object or a real number, not 'list'"", ""elapsed"": 0.0}",[decimal_gemm] auto-selected algo='schoolbook' max_digit_len=None cutoff=None
4,8,schoolbook,0,10.0,,,"int() argument must be a string, a bytes-like object or a real number, not 'list'",0,,,"{""ok"": false, ""error"": ""int() argument must be a string, a bytes-like object or a real number, not 'list'"", ""elapsed"": 0.0}",
4,8,schoolbook,1,10.0,,,"int() argument must be a string, a bytes-like object or a real number, not 'list'",0,,,"{""ok"": false, ""error"": ""int() argument must be a string, a bytes-like object or a real number, not 'list'"", ""elapsed"": 0.0}",
4,8,karatsuba,0,10.0,,,"int() argument must be a string, a bytes-like object or a real number, not 'list'",0,,,"{""ok"": false, ""error"": ""int() argument must be a string, a bytes-like object or a real number, not 'list'"", ""elapsed"": 0.0}",
4,8,karatsuba,1,10.0,,,"int() argument must be a string, a bytes-like object or a real number, not 'list'",0,,,"{""ok"": false, ""error"": ""int() argument must be a string, a bytes-like object or a real number, not 'list'"", ""elapsed"": 0.0}",
4,8,strassen,0,10.0,,,"int() argument must be a string, a bytes-like object or a real number, not 'list'",0,,,"{""ok"": false, ""error"": ""int() argument must be a string, a bytes-like object or a real number, not 'list'"", ""elapsed"": 0.0}",
4,8,strassen,1,10.0,,,"int() argument must be a string, a bytes-like object or a real number, not 'list'",0,,,"{""ok"": false, ""error"": ""int() argument must be a string, a bytes-like object or a real number, not 'list'"", ""elapsed"": 0.0}",
4,8,numba,0,10.0,,,Unknown mul_algo: 'numba',0,,,"{""ok"": false, ""error"": ""Unknown mul_algo: 'numba'"", ""elapsed"": 0.0}",
4,8,numba,1,10.0,,,Unknown mul_algo: 'numba',0,,,"{""ok"": false, ""error"": ""Unknown mul_algo: 'numba'"", ""elapsed"": 0.0}",
4,16,auto,0,10.0,,,"int() argument must be a string, a bytes-like object or a real number, not 'list'",0,,,"{""ok"": false, ""error"": ""int() argument must be a string, a bytes-like object or a real number, not 'list'"", ""elapsed"": 0.0}",[decimal_gemm] auto-selected algo='schoolbook' max_digit_len=None cutoff=None
4,16,auto,1,10.0,,,"int() argument must be a string, a bytes-like object or a real number, not 'list'",0,,,"{""ok"": false, ""error"": ""int() argument must be a string, a bytes-like object or a real number, not 'list'"", ""elapsed"": 0.0}",[decimal_gemm] auto-selected algo='schoolbook' max_digit_len=None cutoff=None
4,16,schoolbook,0,10.0,,,"int() argument must be a string, a bytes-like object or a real number, not 'list'",0,,,"{""ok"": false, ""error"": ""int() argument must be a string, a bytes-like object or a real number, not 'list'"", ""elapsed"": 0.0}",
4,16,schoolbook,1,10.0,,,"int() argument must be a string, a bytes-like object or a real number, not 'list'",0,,,"{""ok"": false, ""error"": ""int() argument must be a string, a bytes-like object or a real number, not 'list'"", ""elapsed"": 0.0}",
4,16,karatsuba,0,10.0,,,"int() argument must be a string, a bytes-like object or a real number, not 'list'",0,,,"{""ok"": false, ""error"": ""int() argument must be a string, a bytes-like object or a real number, not 'list'"", ""elapsed"": 0.0}",
4,16,karatsuba,1,10.0,,,"int() argument must be a string, a bytes-like object or a real number, not 'list'",0,,,"{""ok"": false, ""error"": ""int() argument must be a string, a bytes-like object or a real number, not 'list'"", ""elapsed"": 0.0}",
4,16,strassen,0,10.0,,,"int() argument must be a string, a bytes-like object or a real number, not 'list'",0,,,"{""ok"": false, ""error"": ""int() argument must be a string, a bytes-like object or a real number, not 'list'"", ""elapsed"": 0.0}",
4,16,strassen,1,10.0,,,"int() argument must be a string, a bytes-like object or a real number, not 'list'",0,,,"{""ok"": false, ""error"": ""int() argument must be a string, a bytes-like object or a real number, not 'list'"", ""elapsed"": 0.0}",
4,16,numba,0,10.0,,,Unknown mul_algo: 'numba',0,,,"{""ok"": false, ""error"": ""Unknown mul_algo: 'numba'"", ""elapsed"": 0.0}",
4,16,numba,1,10.0,,,Unknown mul_algo: 'numba',0,,,"{""ok"": false, ""error"": ""Unknown mul_algo: 'numba'"", ""elapsed"": 0.0}",
8,4,auto,0,10.0,,,"int() argument must be a string, a bytes-like object or a real number, not 'list'",0,,,"{""ok"": false, ""error"": ""int() argument must be a string, a bytes-like object or a real number, not 'list'"", ""elapsed"": 0.0}",[decimal_gemm] auto-selected algo='schoolbook' max_digit_len=None cutoff=None
8,4,auto,1,10.0,,,"int() argument must be a string, a bytes-like object or a real number, not 'list'",0,,,"{""ok"": false, ""error"": ""int() argument must be a string, a bytes-like object or a real number, not 'list'"", ""elapsed"": 0.0}",[decimal_gemm] auto-selected algo='schoolbook' max_digit_len=None cutoff=None
8,4,schoolbook,0,10.0,,,"int() argument must be a string, a bytes-like object or a real number, not 'list'",0,,,"{""ok"": false, ""error"": ""int() argument must be a string, a bytes-like object or a real number, not 'list'"", ""elapsed"": 0.0}",
8,4,schoolbook,1,10.0,,,"int() argument must be a string, a bytes-like object or a real number, not 'list'",0,,,"{""ok"": false, ""error"": ""int() argument must be a string, a bytes-like object or a real number, not 'list'"", ""elapsed"": 0.0}",
8,4,karatsuba,0,10.0,,,"int() argument must be a string, a bytes-like object or a real number, not 'list'",0,,,"{""ok"": false, ""error"": ""int() argument must be a string, a bytes-like object or a real number, not 'list'"", ""elapsed"": 0.0}",
8,4,karatsuba,1,10.0,,,"int() argument must be a string, a bytes-like object or a real number, not 'list'",0,,,"{""ok"": false, ""error"": ""int() argument must be a string, a bytes-like object or a real number, not 'list'"", ""elapsed"": 0.0}",
8,4,strassen,0,10.0,,,"int() argument must be a string, a bytes-like object or a real number, not 'list'",0,,,"{""ok"": false, ""error"": ""int() argument must be a string, a bytes-like object or a real number, not 'list'"", ""elapsed"": 0.0}",
8,4,strassen,1,10.0,,,"int() argument must be a string, a bytes-like object or a real number, not 'list'",0,,,"{""ok"": false, ""error"": ""int() argument must be a string, a bytes-like object or a real number, not 'list'"", ""elapsed"": 0.0}",
8,4,numba,0,10.0,,,Unknown mul_algo: 'numba',0,,,"{""ok"": false, ""error"": ""Unknown mul_algo: 'numba'"", ""elapsed"": 0.0}",
8,4,numba,1,10.0,,,Unknown mul_algo: 'numba',0,,,"{""ok"": false, ""error"": ""Unknown mul_algo: 'numba'"", ""elapsed"": 0.0}",
8,8,auto,0,10.0,,,"int() argument must be a string, a bytes-like object or a real number, not 'list'",0,,,"{""ok"": false, ""error"": ""int() argument must be a string, a bytes-like object or a real number, not 'list'"", ""elapsed"": 0.0}",[decimal_gemm] auto-selected algo='schoolbook' max_digit_len=None cutoff=None
8,8,auto,1,10.0,,,"int() argument must be a string, a bytes-like object or a real number, not 'list'",0,,,"{""ok"": false, ""error"": ""int() argument must be a string, a bytes-like object or a real number, not 'list'"", ""elapsed"": 0.0}",[decimal_gemm] auto-selected algo='schoolbook' max_digit_len=None cutoff=None
8,8,schoolbook,0,10.0,,,"int() argument must be a string, a bytes-like object or a real number, not 'list'",0,,,"{""ok"": false, ""error"": ""int() argument must be a string, a bytes-like object or a real number, not 'list'"", ""elapsed"": 0.0}",
8,8,schoolbook,1,10.0,,,"int() argument must be a string, a bytes-like object or a real number, not 'list'",0,,,"{""ok"": false, ""error"": ""int() argument must be a string, a bytes-like object or a real number, not 'list'"", ""elapsed"": 0.0}",
8,8,karatsuba,0,10.0,,,"int() argument must be a string, a bytes-like object or a real number, not 'list'",0,,,"{""ok"": false, ""error"": ""int() argument must be a string, a bytes-like object or a real number, not 'list'"", ""elapsed"": 0.0}",
8,8,karatsuba,1,10.0,,,"int() argument must be a string, a bytes-like object or a real number, not 'list'",0,,,"{""ok"": false, ""error"": ""int() argument must be a string, a bytes-like object or a real number, not 'list'"", ""elapsed"": 0.0}",
8,8,strassen,0,10.0,,,"int() argument must be a string, a bytes-like object or a real number, not 'list'",0,,,"{""ok"": false, ""error"": ""int() argument must be a string, a bytes-like object or a real number, not 'list'"", ""elapsed"": 0.0}",
8,8,strassen,1,10.0,,,"int() argument must be a string, a bytes-like object or a real number, not 'list'",0,,,"{""ok"": false, ""error"": ""int() argument must be a string, a bytes-like object or a real number, not 'list'"", ""elapsed"": 0.0}",
8,8,numba,0,10.0,,,Unknown mul_algo: 'numba',0,,,"{""ok"": false, ""error"": ""Unknown mul_algo: 'numba'"", ""elapsed"": 0.0}",
8,8,numba,1,10.0,,,Unknown mul_algo: 'numba',0,,,"{""ok"": false, ""error"": ""Unknown mul_algo: 'numba'"", ""elapsed"": 0.0}",
8,16,auto,0,10.0,,,"int() argument must be a string, a bytes-like object or a real number, not 'list'",0,,,"{""ok"": false, ""error"": ""int() argument must be a string, a bytes-like object or a real number, not 'list'"", ""elapsed"": 0.0}",[decimal_gemm] auto-selected algo='schoolbook' max_digit_len=None cutoff=None
8,16,auto,1,10.0,,,"int() argument must be a string, a bytes-like object or a real number, not 'list'",0,,,"{""ok"": false, ""error"": ""int() argument must be a string, a bytes-like object or a real number, not 'list'"", ""elapsed"": 0.0}",[decimal_gemm] auto-selected algo='schoolbook' max_digit_len=None cutoff=None
8,16,schoolbook,0,10.0,,,"int() argument must be a string, a bytes-like object or a real number, not 'list'",0,,,"{""ok"": false, ""error"": ""int() argument must be a string, a bytes-like object or a real number, not 'list'"", ""elapsed"": 0.0}",
8,16,schoolbook,1,10.0,,,"int() argument must be a string, a bytes-like object or a real number, not 'list'",0,,,"{""ok"": false, ""error"": ""int() argument must be a string, a bytes-like object or a real number, not 'list'"", ""elapsed"": 0.0}",
8,16,karatsuba,0,10.0,,,"int() argument must be a string, a bytes-like object or a real number, not 'list'",0,,,"{""ok"": false, ""error"": ""int() argument must be a string, a bytes-like object or a real number, not 'list'"", ""elapsed"": 0.0}",
8,16,karatsuba,1,10.0,,,"int() argument must be a string, a bytes-like object or a real number, not 'list'",0,,,"{""ok"": false, ""error"": ""int() argument must be a string, a bytes-like object or a real number, not 'list'"", ""elapsed"": 0.0}",
8,16,strassen,0,10.0,,,"int() argument must be a string, a bytes-like object or a real number, not 'list'",0,,,"{""ok"": false, ""error"": ""int() argument must be a string, a bytes-like object or a real number, not 'list'"", ""elapsed"": 0.0}",
8,16,strassen,1,10.0,,,"int() argument must be a string, a bytes-like object or a real number, not 'list'",0,,,"{""ok"": false, ""error"": ""int() argument must be a string, a bytes-like object or a real number, not 'list'"", ""elapsed"": 0.0}",
8,16,numba,0,10.0,,,Unknown mul_algo: 'numba',0,,,"{""ok"": false, ""error"": ""Unknown mul_algo: 'numba'"", ""elapsed"": 0.0}",
8,16,numba,1,10.0,,,Unknown mul_algo: 'numba',0,,,"{""ok"": false, ""error"": ""Unknown mul_algo: 'numba'"", ""elapsed"": 0.0}",
16,4,auto,0,0.0009992122650146484,,,"int() argument must be a string, a bytes-like object or a real number, not 'list'",0,,,"{""ok"": false, ""error"": ""int() argument must be a string, a bytes-like object or a real number, not 'list'"", ""elapsed"": 0.0009992122650146484}",[decimal_gemm] auto-selected algo='karatsuba' max_digit_len=None cutoff=None
16,4,auto,1,10.0,,,"int() argument must be a string, a bytes-like object or a real number, not 'list'",0,,,"{""ok"": false, ""error"": ""int() argument must be a string, a bytes-like object or a real number, not 'list'"", ""elapsed"": 0.0}",[decimal_gemm] auto-selected algo='karatsuba' max_digit_len=None cutoff=None
16,4,schoolbook,0,10.0,,,"int() argument must be a string, a bytes-like object or a real number, not 'list'",0,,,"{""ok"": false, ""error"": ""int() argument must be a string, a bytes-like object or a real number, not 'list'"", ""elapsed"": 0.0}",
16,4,schoolbook,1,10.0,,,"int() argument must be a string, a bytes-like object or a real number, not 'list'",0,,,"{""ok"": false, ""error"": ""int() argument must be a string, a bytes-like object or a real number, not 'list'"", ""elapsed"": 0.0}",
16,4,karatsuba,0,10.0,,,"int() argument must be a string, a bytes-like object or a real number, not 'list'",0,,,"{""ok"": false, ""error"": ""int() argument must be a string, a bytes-like object or a real number, not 'list'"", ""elapsed"": 0.0}",
16,4,karatsuba,1,10.0,,,"int() argument must be a string, a bytes-like object or a real number, not 'list'",0,,,"{""ok"": false, ""error"": ""int() argument must be a string, a bytes-like object or a real number, not 'list'"", ""elapsed"": 0.0}",
16,4,strassen,0,10.0,,,"int() argument must be a string, a bytes-like object or a real number, not 'list'",0,,,"{""ok"": false, ""error"": ""int() argument must be a string, a bytes-like object or a real number, not 'list'"", ""elapsed"": 0.0}",
16,4,strassen,1,10.0,,,"int() argument must be a string, a bytes-like object or a real number, not 'list'",0,,,"{""ok"": false, ""error"": ""int() argument must be a string, a bytes-like object or a real number, not 'list'"", ""elapsed"": 0.0}",
16,4,numba,0,10.0,,,Unknown mul_algo: 'numba',0,,,"{""ok"": false, ""error"": ""Unknown mul_algo: 'numba'"", ""elapsed"": 0.0}",
16,4,numba,1,10.0,,,Unknown mul_algo: 'numba',0,,,"{""ok"": false, ""error"": ""Unknown mul_algo: 'numba'"", ""elapsed"": 0.0}",
16,8,auto,0,10.0,,,"int() argument must be a string, a bytes-like object or a real number, not 'list'",0,,,"{""ok"": false, ""error"": ""int() argument must be a string, a bytes-like object or a real number, not 'list'"", ""elapsed"": 0.0}",[decimal_gemm] auto-selected algo='karatsuba' max_digit_len=None cutoff=None
16,8,auto,1,0.0010039806365966797,,,"int() argument must be a string, a bytes-like object or a real number, not 'list'",0,,,"{""ok"": false, ""error"": ""int() argument must be a string, a bytes-like object or a real number, not 'list'"", ""elapsed"": 0.0010039806365966797}",[decimal_gemm] auto-selected algo='karatsuba' max_digit_len=None cutoff=None
16,8,schoolbook,0,10.0,,,"int() argument must be a string, a bytes-like object or a real number, not 'list'",0,,,"{""ok"": false, ""error"": ""int() argument must be a string, a bytes-like object or a real number, not 'list'"", ""elapsed"": 0.0}",
16,8,schoolbook,1,10.0,,,"int() argument must be a string, a bytes-like object or a real number, not 'list'",0,,,"{""ok"": false, ""error"": ""int() argument must be a string, a bytes-like object or a real number, not 'list'"", ""elapsed"": 0.0}",
16,8,karatsuba,0,10.0,,,"int() argument must be a string, a bytes-like object or a real number, not 'list'",0,,,"{""ok"": false, ""error"": ""int() argument must be a string, a bytes-like object or a real number, not 'list'"", ""elapsed"": 0.0}",
16,8,karatsuba,1,10.0,,,"int() argument must be a string, a bytes-like object or a real number, not 'list'",0,,,"{""ok"": false, ""error"": ""int() argument must be a string, a bytes-like object or a real number, not 'list'"", ""elapsed"": 0.0}",
16,8,strassen,0,10.0,,,"int() argument must be a string, a bytes-like object or a real number, not 'list'",0,,,"{""ok"": false, ""error"": ""int() argument must be a string, a bytes-like object or a real number, not 'list'"", ""elapsed"": 0.0}",
16,8,strassen,1,10.0,,,"int() argument must be a string, a bytes-like object or a real number, not 'list'",0,,,"{""ok"": false, ""error"": ""int() argument must be a string, a bytes-like object or a real number, not 'list'"", ""elapsed"": 0.0}",
16,8,numba,0,10.0,,,Unknown mul_algo: 'numba',0,,,"{""ok"": false, ""error"": ""Unknown mul_algo: 'numba'"", ""elapsed"": 0.0}",
16,8,numba,1,10.0,,,Unknown mul_algo: 'numba',0,,,"{""ok"": false, ""error"": ""Unknown mul_algo: 'numba'"", ""elapsed"": 0.0}",
16,16,auto,0,10.0,,,"int() argument must be a string, a bytes-like object or a real number, not 'list'",0,,,"{""ok"": false, ""error"": ""int() argument must be a string, a bytes-like object or a real number, not 'list'"", ""elapsed"": 0.0}",[decimal_gemm] auto-selected algo='karatsuba' max_digit_len=None cutoff=None
16,16,auto,1,10.0,,,"int() argument must be a string, a bytes-like object or a real number, not 'list'",0,,,"{""ok"": false, ""error"": ""int() argument must be a string, a bytes-like object or a real number, not 'list'"", ""elapsed"": 0.0}",[decimal_gemm] auto-selected algo='karatsuba' max_digit_len=None cutoff=None
16,16,schoolbook,0,10.0,,,"int() argument must be a string, a bytes-like object or a real number, not 'list'",0,,,"{""ok"": false, ""error"": ""int() argument must be a string, a bytes-like object or a real number, not 'list'"", ""elapsed"": 0.0}",
16,16,schoolbook,1,10.0,,,"int() argument must be a string, a bytes-like object or a real number, not 'list'",0,,,"{""ok"": false, ""error"": ""int() argument must be a string, a bytes-like object or a real number, not 'list'"", ""elapsed"": 0.0}",
16,16,karatsuba,0,10.0,,,"int() argument must be a string, a bytes-like object or a real number, not 'list'",0,,,"{""ok"": false, ""error"": ""int() argument must be a string, a bytes-like object or a real number, not 'list'"", ""elapsed"": 0.0}",
16,16,karatsuba,1,10.0,,,"int() argument must be a string, a bytes-like object or a real number, not 'list'",0,,,"{""ok"": false, ""error"": ""int() argument must be a string, a bytes-like object or a real number, not 'list'"", ""elapsed"": 0.0}",
16,16,strassen,0,10.0,,,"int() argument must be a string, a bytes-like object or a real number, not 'list'",0,,,"{""ok"": false, ""error"": ""int() argument must be a string, a bytes-like object or a real number, not 'list'"", ""elapsed"": 0.0}",
16,16,strassen,1,10.0,,,"int() argument must be a string, a bytes-like object or a real number, not 'list'",0,,,"{""ok"": false, ""error"": ""int() argument must be a string, a bytes-like object or a real number, not 'list'"", ""elapsed"": 0.0}",
16,16,numba,0,10.0,,,Unknown mul_algo: 'numba',0,,,"{""ok"": false, ""error"": ""Unknown mul_algo: 'numba'"", ""elapsed"": 0.0}",
16,16,numba,1,10.0,,,Unknown mul_algo: 'numba',0,,,"{""ok"": false, ""error"": ""Unknown mul_algo: 'numba'"", ""elapsed"": 0.0}",
4,4,auto,0,0.0010046958923339844,,,"int() argument must be a string, a bytes-like object or a real number, not 'list'",0,,,"{""ok"": false, ""error"": ""int() argument must be a string, a bytes-like object or a real number, not 'list'"", ""elapsed"": 0.0010046958923339844}",[decimal_gemm] auto-selected algo='schoolbook' max_digit_len=None cutoff=None
4,4,auto,1,10.0,,,"int() argument must be a string, a bytes-like object or a real number, not 'list'",0,,,"{""ok"": false, ""error"": ""int() argument must be a string, a bytes-like object or a real number, not 'list'"", ""elapsed"": 0.0}",[decimal_gemm] auto-selected algo='schoolbook' max_digit_len=None cutoff=None
4,4,schoolbook,0,10.0,,,"int() argument must be a string, a bytes-like object or a real number, not 'list'",0,,,"{""ok"": false, ""error"": ""int() argument must be a string, a bytes-like object or a real number, not 'list'"", ""elapsed"": 0.0}",
4,4,schoolbook,1,10.0,,,"int() argument must be a string, a bytes-like object or a real number, not 'list'",0,,,"{""ok"": false, ""error"": ""int() argument must be a string, a bytes-like object or a real number, not 'list'"", ""elapsed"": 0.0}",
4,4,karatsuba,0,10.0,,,"int() argument must be a string, a bytes-like object or a real number, not 'list'",0,,,"{""ok"": false, ""error"": ""int() argument must be a string, a bytes-like object or a real number, not 'list'"", ""elapsed"": 0.0}",
4,4,karatsuba,1,10.0,,,"int() argument must be a string, a bytes-like object or a real number, not 'list'",0,,,"{""ok"": false, ""error"": ""int() argument must be a string, a bytes-like object or a real number, not 'list'"", ""elapsed"": 0.0}",
4,4,strassen,0,10.0,,,"int() argument must be a string, a bytes-like object or a real number, not 'list'",0,,,"{""ok"": false, ""error"": ""int() argument must be a string, a bytes-like object or a real number, not 'list'"", ""elapsed"": 0.0}",
4,4,strassen,1,10.0,,,"int() argument must be a string, a bytes-like object or a real number, not 'list'",0,,,"{""ok"": false, ""error"": ""int() argument must be a string, a bytes-like object or a real number, not 'list'"", ""elapsed"": 0.0}",
4,4,numba,0,10.0,,,Unknown mul_algo: 'numba',0,,,"{""ok"": false, ""error"": ""Unknown mul_algo: 'numba'"", ""elapsed"": 0.0}",
4,4,numba,1,10.0,,,Unknown mul_algo: 'numba',0,,,"{""ok"": false, ""error"": ""Unknown mul_algo: 'numba'"", ""elapsed"": 0.0}",
4,8,auto,0,10.0,,,"int() argument must be a string, a bytes-like object or a real number, not 'list'",0,,,"{""ok"": false, ""error"": ""int() argument must be a string, a bytes-like object or a real number, not 'list'"", ""elapsed"": 0.0}",[decimal_gemm] auto-selected algo='schoolbook' max_digit_len=None cutoff=None
4,8,auto,1,10.0,,,"int() argument must be a string, a bytes-like object or a real number, not 'list'",0,,,"{""ok"": false, ""error"": ""int() argument must be a string, a bytes-like object or a real number, not 'list'"", ""elapsed"": 0.0}",[decimal_gemm] auto-selected algo='schoolbook' max_digit_len=None cutoff=None
4,8,schoolbook,0,10.0,,,"int() argument must be a string, a bytes-like object or a real number, not 'list'",0,,,"{""ok"": false, ""error"": ""int() argument must be a string, a bytes-like object or a real number, not 'list'"", ""elapsed"": 0.0}",
4,8,schoolbook,1,10.0,,,"int() argument must be a string, a bytes-like object or a real number, not 'list'",0,,,"{""ok"": false, ""error"": ""int() argument must be a string, a bytes-like object or a real number, not 'list'"", ""elapsed"": 0.0}",
4,8,karatsuba,0,10.0,,,"int() argument must be a string, a bytes-like object or a real number, not 'list'",0,,,"{""ok"": false, ""error"": ""int() argument must be a string, a bytes-like object or a real number, not 'list'"", ""elapsed"": 0.0}",
4,8,karatsuba,1,10.0,,,"int() argument must be a string, a bytes-like object or a real number, not 'list'",0,,,"{""ok"": false, ""error"": ""int() argument must be a string, a bytes-like object or a real number, not 'list'"", ""elapsed"": 0.0}",
4,8,strassen,0,10.0,,,"int() argument must be a string, a bytes-like object or a real number, not 'list'",0,,,"{""ok"": false, ""error"": ""int() argument must be a string, a bytes-like object or a real number, not 'list'"", ""elapsed"": 0.0}",
4,8,strassen,1,10.0,,,"int() argument must be a string, a bytes-like object or a real number, not 'list'",0,,,"{""ok"": false, ""error"": ""int() argument must be a string, a bytes-like object or a real number, not 'list'"", ""elapsed"": 0.0}",
4,8,numba,0,10.0,,,Unknown mul_algo: 'numba',0,,,"{""ok"": false, ""error"": ""Unknown mul_algo: 'numba'"", ""elapsed"": 0.0}",
4,8,numba,1,10.0,,,Unknown mul_algo: 'numba',0,,,"{""ok"": false, ""error"": ""Unknown mul_algo: 'numba'"", ""elapsed"": 0.0}",
4,16,auto,0,10.0,,,"int() argument must be a string, a bytes-like object or a real number, not 'list'",0,,,"{""ok"": false, ""error"": ""int() argument must be a string, a bytes-like object or a real number, not 'list'"", ""elapsed"": 0.0}",[decimal_gemm] auto-selected algo='schoolbook' max_digit_len=None cutoff=None
4,16,auto,1,10.0,,,"int() argument must be a string, a bytes-like object or a real number, not 'list'",0,,,"{""ok"": false, ""error"": ""int() argument must be a string, a bytes-like object or a real number, not 'list'"", ""elapsed"": 0.0}",[decimal_gemm] auto-selected algo='schoolbook' max_digit_len=None cutoff=None
4,16,schoolbook,0,10.0,,,"int() argument must be a string, a bytes-like object or a real number, not 'list'",0,,,"{""ok"": false, ""error"": ""int() argument must be a string, a bytes-like object or a real number, not 'list'"", ""elapsed"": 0.0}",
4,16,schoolbook,1,10.0,,,"int() argument must be a string, a bytes-like object or a real number, not 'list'",0,,,"{""ok"": false, ""error"": ""int() argument must be a string, a bytes-like object or a real number, not 'list'"", ""elapsed"": 0.0}",
4,4,auto,0,10.0,,,"int() argument must be a string, a bytes-like object or a real number, not 'list'",0,,,"{""ok"": false, ""error"": ""int() argument must be a string, a bytes-like object or a real number, not 'list'"", ""elapsed"": 0.0}",[decimal_gemm] auto-selected algo='schoolbook' max_digit_len=None cutoff=None
4,4,auto,1,10.0,,,"int() argument must be a string, a bytes-like object or a real number, not 'list'",0,,,"{""ok"": false, ""error"": ""int() argument must be a string, a bytes-like object or a real number, not 'list'"", ""elapsed"": 0.0}",[decimal_gemm] auto-selected algo='schoolbook' max_digit_len=None cutoff=None
4,4,schoolbook,0,10.0,,,"int() argument must be a string, a bytes-like object or a real number, not 'list'",0,,,"{""ok"": false, ""error"": ""int() argument must be a string, a bytes-like object or a real number, not 'list'"", ""elapsed"": 0.0}",
4,4,schoolbook,1,10.0,,,"int() argument must be a string, a bytes-like object or a real number, not 'list'",0,,,"{""ok"": false, ""error"": ""int() argument must be a string, a bytes-like object or a real number, not 'list'"", ""elapsed"": 0.0}",
4,4,karatsuba,0,0.0010006427764892578,,,"int() argument must be a string, a bytes-like object or a real number, not 'list'",0,,,"{""ok"": false, ""error"": ""int() argument must be a string, a bytes-like object or a real number, not 'list'"", ""elapsed"": 0.0010006427764892578}",
4,4,karatsuba,1,10.0,,,"int() argument must be a string, a bytes-like object or a real number, not 'list'",0,,,"{""ok"": false, ""error"": ""int() argument must be a string, a bytes-like object or a real number, not 'list'"", ""elapsed"": 0.0}",
4,4,strassen,0,10.0,,,"int() argument must be a string, a bytes-like object or a real number, not 'list'",0,,,"{""ok"": false, ""error"": ""int() argument must be a string, a bytes-like object or a real number, not 'list'"", ""elapsed"": 0.0}",
4,4,strassen,1,10.0,,,"int() argument must be a string, a bytes-like object or a real number, not 'list'",0,,,"{""ok"": false, ""error"": ""int() argument must be a string, a bytes-like object or a real number, not 'list'"", ""elapsed"": 0.0}",
4,4,numba,0,10.0,,,Unknown mul_algo: 'numba',0,,,"{""ok"": false, ""error"": ""Unknown mul_algo: 'numba'"", ""elapsed"": 0.0}",
4,4,numba,1,10.0,,,Unknown mul_algo: 'numba',0,,,"{""ok"": false, ""error"": ""Unknown mul_algo: 'numba'"", ""elapsed"": 0.0}",
4,8,auto,0,10.0,,,"int() argument must be a string, a bytes-like object or a real number, not 'list'",0,,,"{""ok"": false, ""error"": ""int() argument must be a string, a bytes-like object or a real number, not 'list'"", ""elapsed"": 0.0}",[decimal_gemm] auto-selected algo='schoolbook' max_digit_len=None cutoff=None
4,8,auto,1,10.0,,,"int() argument must be a string, a bytes-like object or a real number, not 'list'",0,,,"{""ok"": false, ""error"": ""int() argument must be a string, a bytes-like object or a real number, not 'list'"", ""elapsed"": 0.0}",[decimal_gemm] auto-selected algo='schoolbook' max_digit_len=None cutoff=None
4,8,schoolbook,0,10.0,,,"int() argument must be a string, a bytes-like object or a real number, not 'list'",0,,,"{""ok"": false, ""error"": ""int() argument must be a string, a bytes-like object or a real number, not 'list'"", ""elapsed"": 0.0}",
4,8,schoolbook,1,10.0,,,"int() argument must be a string, a bytes-like object or a real number, not 'list'",0,,,"{""ok"": false, ""error"": ""int() argument must be a string, a bytes-like object or a real number, not 'list'"", ""elapsed"": 0.0}",
4,8,karatsuba,0,10.0,,,"int() argument must be a string, a bytes-like object or a real number, not 'list'",0,,,"{""ok"": false, ""error"": ""int() argument must be a string, a bytes-like object or a real number, not 'list'"", ""elapsed"": 0.0}",
4,8,karatsuba,1,10.0,,,"int() argument must be a string, a bytes-like object or a real number, not 'list'",0,,,"{""ok"": false, ""error"": ""int() argument must be a string, a bytes-like object or a real number, not 'list'"", ""elapsed"": 0.0}",
4,8,strassen,0,10.0,,,"int() argument must be a string, a bytes-like object or a real number, not 'list'",0,,,"{""ok"": false, ""error"": ""int() argument must be a string, a bytes-like object or a real number, not 'list'"", ""elapsed"": 0.0}",
4,8,strassen,1,10.0,,,"int() argument must be a string, a bytes-like object or a real number, not 'list'",0,,,"{""ok"": false, ""error"": ""int() argument must be a string, a bytes-like object or a real number, not 'list'"", ""elapsed"": 0.0}",
4,8,numba,0,10.0,,,Unknown mul_algo: 'numba',0,,,"{""ok"": false, ""error"": ""Unknown mul_algo: 'numba'"", ""elapsed"": 0.0}",
4,8,numba,1,10.0,,,Unknown mul_algo: 'numba',0,,,"{""ok"": false, ""error"": ""Unknown mul_algo: 'numba'"", ""elapsed"": 0.0}",
4,16,auto,0,0.0009982585906982422,,,"int() argument must be a string, a bytes-like object or a real number, not 'list'",0,,,"{""ok"": false, ""error"": ""int() argument must be a string, a bytes-like object or a real number, not 'list'"", ""elapsed"": 0.0009982585906982422}",[decimal_gemm] auto-selected algo='schoolbook' max_digit_len=None cutoff=None
4,16,auto,1,10.0,,,"int() argument must be a string, a bytes-like object or a real number, not 'list'",0,,,"{""ok"": false, ""error"": ""int() argument must be a string, a bytes-like object or a real number, not 'list'"", ""elapsed"": 0.0}",[decimal_gemm] auto-selected algo='schoolbook' max_digit_len=None cutoff=None
4,16,schoolbook,0,10.0,,,"int() argument must be a string, a bytes-like object or a real number, not 'list'",0,,,"{""ok"": false, ""error"": ""int() argument must be a string, a bytes-like object or a real number, not 'list'"", ""elapsed"": 0.0}",
4,16,schoolbook,1,10.0,,,"int() argument must be a string, a bytes-like object or a real number, not 'list'",0,,,"{""ok"": false, ""error"": ""int() argument must be a string, a bytes-like object or a real number, not 'list'"", ""elapsed"": 0.0}",
4,16,karatsuba,0,10.0,,,"int() argument must be a string, a bytes-like object or a real number, not 'list'",0,,,"{""ok"": false, ""error"": ""int() argument must be a string, a bytes-like object or a real number, not 'list'"", ""elapsed"": 0.0}",
4,16,karatsuba,1,10.0,,,"int() argument must be a string, a bytes-like object or a real number, not 'list'",0,,,"{""ok"": false, ""error"": ""int() argument must be a string, a bytes-like object or a real number, not 'list'"", ""elapsed"": 0.0}",
4,16,strassen,0,10.0,,,"int() argument must be a string, a bytes-like object or a real number, not 'list'",0,,,"{""ok"": false, ""error"": ""int() argument must be a string, a bytes-like object or a real number, not 'list'"", ""elapsed"": 0.0}",
4,16,strassen,1,10.0,,,"int() argument must be a string, a bytes-like object or a real number, not 'list'",0,,,"{""ok"": false, ""error"": ""int() argument must be a string, a bytes-like object or a real number, not 'list'"", ""elapsed"": 0.0}",
4,16,numba,0,10.0,,,Unknown mul_algo: 'numba',0,,,"{""ok"": false, ""error"": ""Unknown mul_algo: 'numba'"", ""elapsed"": 0.0}",
4,16,numba,1,10.0,,,Unknown mul_algo: 'numba',0,,,"{""ok"": false, ""error"": ""Unknown mul_algo: 'numba'"", ""elapsed"": 0.0}",
8,4,auto,0,10.0,,,"int() argument must be a string, a bytes-like object or a real number, not 'list'",0,,,"{""ok"": false, ""error"": ""int() argument must be a string, a bytes-like object or a real number, not 'list'"", ""elapsed"": 0.0}",[decimal_gemm] auto-selected algo='schoolbook' max_digit_len=None cutoff=None
8,4,auto,1,10.0,,,"int() argument must be a string, a bytes-like object or a real number, not 'list'",0,,,"{""ok"": false, ""error"": ""int() argument must be a string, a bytes-like object or a real number, not 'list'"", ""elapsed"": 0.0}",[decimal_gemm] auto-selected algo='schoolbook' max_digit_len=None cutoff=None
8,4,schoolbook,0,10.0,,,"int() argument must be a string, a bytes-like object or a real number, not 'list'",0,,,"{""ok"": false, ""error"": ""int() argument must be a string, a bytes-like object or a real number, not 'list'"", ""elapsed"": 0.0}",
8,4,schoolbook,1,10.0,,,"int() argument must be a string, a bytes-like object or a real number, not 'list'",0,,,"{""ok"": false, ""error"": ""int() argument must be a string, a bytes-like object or a real number, not 'list'"", ""elapsed"": 0.0}",
8,4,karatsuba,0,10.0,,,"int() argument must be a string, a bytes-like object or a real number, not 'list'",0,,,"{""ok"": false, ""error"": ""int() argument must be a string, a bytes-like object or a real number, not 'list'"", ""elapsed"": 0.0}",
8,4,karatsuba,1,10.0,,,"int() argument must be a string, a bytes-like object or a real number, not 'list'",0,,,"{""ok"": false, ""error"": ""int() argument must be a string, a bytes-like object or a real number, not 'list'"", ""elapsed"": 0.0}",
8,4,strassen,0,10.0,,,"int() argument must be a string, a bytes-like object or a real number, not 'list'",0,,,"{""ok"": false, ""error"": ""int() argument must be a string, a bytes-like object or a real number, not 'list'"", ""elapsed"": 0.0}",
8,4,strassen,1,10.0,,,"int() argument must be a string, a bytes-like object or a real number, not 'list'",0,,,"{""ok"": false, ""error"": ""int() argument must be a string, a bytes-like object or a real number, not 'list'"", ""elapsed"": 0.0}",
8,4,numba,0,10.0,,,Unknown mul_algo: 'numba',0,,,"{""ok"": false, ""error"": ""Unknown mul_algo: 'numba'"", ""elapsed"": 0.0}",
8,4,numba,1,10.0,,,Unknown mul_algo: 'numba',0,,,"{""ok"": false, ""error"": ""Unknown mul_algo: 'numba'"", ""elapsed"": 0.0}",
8,8,auto,0,10.0,,,"int() argument must be a string, a bytes-like object or a real number, not 'list'",0,,,"{""ok"": false, ""error"": ""int() argument must be a string, a bytes-like object or a real number, not 'list'"", ""elapsed"": 0.0}",[decimal_gemm] auto-selected algo='schoolbook' max_digit_len=None cutoff=None
8,8,auto,1,10.0,,,"int() argument must be a string, a bytes-like object or a real number, not 'list'",0,,,"{""ok"": false, ""error"": ""int() argument must be a string, a bytes-like object or a real number, not 'list'"", ""elapsed"": 0.0}",[decimal_gemm] auto-selected algo='schoolbook' max_digit_len=None cutoff=None
8,8,schoolbook,0,10.0,,,"int() argument must be a string, a bytes-like object or a real number, not 'list'",0,,,"{""ok"": false, ""error"": ""int() argument must be a string, a bytes-like object or a real number, not 'list'"", ""elapsed"": 0.0}",
8,8,schoolbook,1,10.0,,,"int() argument must be a string, a bytes-like object or a real number, not 'list'",0,,,"{""ok"": false, ""error"": ""int() argument must be a string, a bytes-like object or a real number, not 'list'"", ""elapsed"": 0.0}",
8,8,karatsuba,0,10.0,,,"int() argument must be a string, a bytes-like object or a real number, not 'list'",0,,,"{""ok"": false, ""error"": ""int() argument must be a string, a bytes-like object or a real number, not 'list'"", ""elapsed"": 0.0}",
8,8,karatsuba,1,10.0,,,"int() argument must be a string, a bytes-like object or a real number, not 'list'",0,,,"{""ok"": false, ""error"": ""int() argument must be a string, a bytes-like object or a real number, not 'list'"", ""elapsed"": 0.0}",
8,8,strassen,0,0.0010027885437011719,,,"int() argument must be a string, a bytes-like object or a real number, not 'list'",0,,,"{""ok"": false, ""error"": ""int() argument must be a string, a bytes-like object or a real number, not 'list'"", ""elapsed"": 0.0010027885437011719}",
8,8,strassen,1,10.0,,,"int() argument must be a string, a bytes-like object or a real number, not 'list'",0,,,"{""ok"": false, ""error"": ""int() argument must be a string, a bytes-like object or a real number, not 'list'"", ""elapsed"": 0.0}",
8,8,numba,0,10.0,,,Unknown mul_algo: 'numba',0,,,"{""ok"": false, ""error"": ""Unknown mul_algo: 'numba'"", ""elapsed"": 0.0}",
8,8,numba,1,10.0,,,Unknown mul_algo: 'numba',0,,,"{""ok"": false, ""error"": ""Unknown mul_algo: 'numba'"", ""elapsed"": 0.0}",
8,16,auto,0,10.0,,,"int() argument must be a string, a bytes-like object or a real number, not 'list'",0,,,"{""ok"": false, ""error"": ""int() argument must be a string, a bytes-like object or a real number, not 'list'"", ""elapsed"": 0.0}",[decimal_gemm] auto-selected algo='schoolbook' max_digit_len=None cutoff=None
8,16,auto,1,10.0,,,"int() argument must be a string, a bytes-like object or a real number, not 'list'",0,,,"{""ok"": false, ""error"": ""int() argument must be a string, a bytes-like object or a real number, not 'list'"", ""elapsed"": 0.0}",[decimal_gemm] auto-selected algo='schoolbook' max_digit_len=None cutoff=None
8,16,schoolbook,0,10.0,,,"int() argument must be a string, a bytes-like object or a real number, not 'list'",0,,,"{""ok"": false, ""error"": ""int() argument must be a string, a bytes-like object or a real number, not 'list'"", ""elapsed"": 0.0}",
8,16,schoolbook,1,10.0,,,"int() argument must be a string, a bytes-like object or a real number, not 'list'",0,,,"{""ok"": false, ""error"": ""int() argument must be a string, a bytes-like object or a real number, not 'list'"", ""elapsed"": 0.0}",
8,16,karatsuba,0,10.0,,,"int() argument must be a string, a bytes-like object or a real number, not 'list'",0,,,"{""ok"": false, ""error"": ""int() argument must be a string, a bytes-like object or a real number, not 'list'"", ""elapsed"": 0.0}",
8,16,karatsuba,1,10.0,,,"int() argument must be a string, a bytes-like object or a real number, not 'list'",0,,,"{""ok"": false, ""error"": ""int() argument must be a string, a bytes-like object or a real number, not 'list'"", ""elapsed"": 0.0}",
8,16,strassen,0,10.0,,,"int() argument must be a string, a bytes-like object or a real number, not 'list'",0,,,"{""ok"": false, ""error"": ""int() argument must be a string, a bytes-like object or a real number, not 'list'"", ""elapsed"": 0.0}",
8,16,strassen,1,10.0,,,"int() argument must be a string, a bytes-like object or a real number, not 'list'",0,,,"{""ok"": false, ""error"": ""int() argument must be a string, a bytes-like object or a real number, not 'list'"", ""elapsed"": 0.0}",
8,16,numba,0,10.0,,,Unknown mul_algo: 'numba',0,,,"{""ok"": false, ""error"": ""Unknown mul_algo: 'numba'"", ""elapsed"": 0.0}",
8,16,numba,1,10.0,,,Unknown mul_algo: 'numba',0,,,"{""ok"": false, ""error"": ""Unknown mul_algo: 'numba'"", ""elapsed"": 0.0}",
16,4,auto,0,10.0,,,"int() argument must be a string, a bytes-like object or a real number, not 'list'",0,,,"{""ok"": false, ""error"": ""int() argument must be a string, a bytes-like object or a real number, not 'list'"", ""elapsed"": 0.0}",[decimal_gemm] auto-selected algo='karatsuba' max_digit_len=None cutoff=None
16,4,auto,1,10.0,,,"int() argument must be a string, a bytes-like object or a real number, not 'list'",0,,,"{""ok"": false, ""error"": ""int() argument must be a string, a bytes-like object or a real number, not 'list'"", ""elapsed"": 0.0}",[decimal_gemm] auto-selected algo='karatsuba' max_digit_len=None cutoff=None
16,4,schoolbook,0,10.0,,,"int() argument must be a string, a bytes-like object or a real number, not 'list'",0,,,"{""ok"": false, ""error"": ""int() argument must be a string, a bytes-like object or a real number, not 'list'"", ""elapsed"": 0.0}",
16,4,schoolbook,1,10.0,,,"int() argument must be a string, a bytes-like object or a real number, not 'list'",0,,,"{""ok"": false, ""error"": ""int() argument must be a string, a bytes-like object or a real number, not 'list'"", ""elapsed"": 0.0}",
16,4,karatsuba,0,10.0,,,"int() argument must be a string, a bytes-like object or a real number, not 'list'",0,,,"{""ok"": false, ""error"": ""int() argument must be a string, a bytes-like object or a real number, not 'list'"", ""elapsed"": 0.0}",
16,4,karatsuba,1,10.0,,,"int() argument must be a string, a bytes-like object or a real number, not 'list'",0,,,"{""ok"": false, ""error"": ""int() argument must be a string, a bytes-like object or a real number, not 'list'"", ""elapsed"": 0.0}",
16,4,strassen,0,10.0,,,"int() argument must be a string, a bytes-like object or a real number, not 'list'",0,,,"{""ok"": false, ""error"": ""int() argument must be a string, a bytes-like object or a real number, not 'list'"", ""elapsed"": 0.0}",
16,4,strassen,1,10.0,,,"int() argument must be a string, a bytes-like object or a real number, not 'list'",0,,,"{""ok"": false, ""error"": ""int() argument must be a string, a bytes-like object or a real number, not 'list'"", ""elapsed"": 0.0}",
16,4,numba,0,10.0,,,Unknown mul_algo: 'numba',0,,,"{""ok"": false, ""error"": ""Unknown mul_algo: 'numba'"", ""elapsed"": 0.0}",
16,4,numba,1,10.0,,,Unknown mul_algo: 'numba',0,,,"{""ok"": false, ""error"": ""Unknown mul_algo: 'numba'"", ""elapsed"": 0.0}",
16,8,auto,0,10.0,,,"int() argument must be a string, a bytes-like object or a real number, not 'list'",0,,,"{""ok"": false, ""error"": ""int() argument must be a string, a bytes-like object or a real number, not 'list'"", ""elapsed"": 0.0}",[decimal_gemm] auto-selected algo='karatsuba' max_digit_len=None cutoff=None
16,8,auto,1,0.0009975433349609375,,,"int() argument must be a string, a bytes-like object or a real number, not 'list'",0,,,"{""ok"": false, ""error"": ""int() argument must be a string, a bytes-like object or a real number, not 'list'"", ""elapsed"": 0.0009975433349609375}",[decimal_gemm] auto-selected algo='karatsuba' max_digit_len=None cutoff=None
16,8,schoolbook,0,10.0,,,"int() argument must be a string, a bytes-like object or a real number, not 'list'",0,,,"{""ok"": false, ""error"": ""int() argument must be a string, a bytes-like object or a real number, not 'list'"", ""elapsed"": 0.0}",
16,8,schoolbook,1,10.0,,,"int() argument must be a string, a bytes-like object or a real number, not 'list'",0,,,"{""ok"": false, ""error"": ""int() argument must be a string, a bytes-like object or a real number, not 'list'"", ""elapsed"": 0.0}",
16,8,karatsuba,0,10.0,,,"int() argument must be a string, a bytes-like object or a real number, not 'list'",0,,,"{""ok"": false, ""error"": ""int() argument must be a string, a bytes-like object or a real number, not 'list'"", ""elapsed"": 0.0}",
16,8,karatsuba,1,10.0,,,"int() argument must be a string, a bytes-like object or a real number, not 'list'",0,,,"{""ok"": false, ""error"": ""int() argument must be a string, a bytes-like object or a real number, not 'list'"", ""elapsed"": 0.0}",
16,8,strassen,0,10.0,,,"int() argument must be a string, a bytes-like object or a real number, not 'list'",0,,,"{""ok"": false, ""error"": ""int() argument must be a string, a bytes-like object or a real number, not 'list'"", ""elapsed"": 0.0}",
16,8,strassen,1,10.0,,,"int() argument must be a string, a bytes-like object or a real number, not 'list'",0,,,"{""ok"": false, ""error"": ""int() argument must be a string, a bytes-like object or a real number, not 'list'"", ""elapsed"": 0.0}",
16,8,numba,0,10.0,,,Unknown mul_algo: 'numba',0,,,"{""ok"": false, ""error"": ""Unknown mul_algo: 'numba'"", ""elapsed"": 0.0}",
16,8,numba,1,10.0,,,Unknown mul_algo: 'numba',0,,,"{""ok"": false, ""error"": ""Unknown mul_algo: 'numba'"", ""elapsed"": 0.0}",
16,16,auto,0,0.0010001659393310547,,,"int() argument must be a string, a bytes-like object or a real number, not 'list'",0,,,"{""ok"": false, ""error"": ""int() argument must be a string, a bytes-like object or a real number, not 'list'"", ""elapsed"": 0.0010001659393310547}",[decimal_gemm] auto-selected algo='karatsuba' max_digit_len=None cutoff=None
16,16,auto,1,0.0009989738464355469,,,"int() argument must be a string, a bytes-like object or a real number, not 'list'",0,,,"{""ok"": false, ""error"": ""int() argument must be a string, a bytes-like object or a real number, not 'list'"", ""elapsed"": 0.0009989738464355469}",[decimal_gemm] auto-selected algo='karatsuba' max_digit_len=None cutoff=None
16,16,schoolbook,0,10.0,,,"int() argument must be a string, a bytes-like object or a real number, not 'list'",0,,,"{""ok"": false, ""error"": ""int() argument must be a string, a bytes-like object or a real number, not 'list'"", ""elapsed"": 0.0}",
16,16,schoolbook,1,10.0,,,"int() argument must be a string, a bytes-like object or a real number, not 'list'",0,,,"{""ok"": false, ""error"": ""int() argument must be a string, a bytes-like object or a real number, not 'list'"", ""elapsed"": 0.0}",
16,16,karatsuba,0,10.0,,,"int() argument must be a string, a bytes-like object or a real number, not 'list'",0,,,"{""ok"": false, ""error"": ""int() argument must be a string, a bytes-like object or a real number, not 'list'"", ""elapsed"": 0.0}",
16,16,karatsuba,1,10.0,,,"int() argument must be a string, a bytes-like object or a real number, not 'list'",0,,,"{""ok"": false, ""error"": ""int() argument must be a string, a bytes-like object or a real number, not 'list'"", ""elapsed"": 0.0}",
16,16,strassen,0,10.0,,,"int() argument must be a string, a bytes-like object or a real number, not 'list'",0,,,"{""ok"": false, ""error"": ""int() argument must be a string, a bytes-like object or a real number, not 'list'"", ""elapsed"": 0.0}",
16,16,strassen,1,10.0,,,"int() argument must be a string, a bytes-like object or a real number, not 'list'",0,,,"{""ok"": false, ""error"": ""int() argument must be a string, a bytes-like object or a real number, not 'list'"", ""elapsed"": 0.0}",
16,16,numba,0,10.0,,,Unknown mul_algo: 'numba',0,,,"{""ok"": false, ""error"": ""Unknown mul_algo: 'numba'"", ""elapsed"": 0.0}",
16,16,numba,1,10.0,,,Unknown mul_algo: 'numba',0,,,"{""ok"": false, ""error"": ""Unknown mul_algo: 'numba'"", ""elapsed"": 0.0}",
4,4,auto,0,,,,call_failed,4,,,"{""ok"": false, ""error"": ""call_failed"", ""trace"": ""Traceback (most recent call last):\n  File \""C:\\Users\\asus\\AppData\\Local\\Temp\\bench_runner_lc8v3ay3\\runner.py\"", line 29, in <module>\n    res = decimal_gemm_naive(A, B, mul_algo=algo, cutoff=cutoff, return_counters=True)\n          ^^^^^^^^^^^^^^^^^^^^^^^^^^^^^^^^^^^^^^^^^^^^^^^^^^^^^^^^^^^^^^^^^^^^^^^^^^^^\n  File \""D:\\decimal_computer\\decimal_gemm.py\"", line 171, in decimal_gemm_naive\n    C = schoolbook_gemm(A, B, counters=counters)\n        ^^^^^^^^^^^^^^^^^^^^^^^^^^^^^^^^^^^^^^^^\n  File \""D:\\decimal_computer\\decimal_gemm.py\"", line 73, in schoolbook_gemm\n    a = _to_numpy_int_matrix(A)\n        ^^^^^^^^^^^^^^^^^^^^^^^\n  File \""D:\\decimal_computer\\decimal_gemm.py\"", line 60, in _to_numpy_int_matrix\n    return np.array([[int(x) for x in row] for row in M], dtype=np.int64)\n                    ^^^^^^^^^^^^^^^^^^^^^^^^^^^^^^^^^^^^\n  File \""D:\\decimal_computer\\decimal_gemm.py\"", line 60, in <listcomp>\n    return np.array([[int(x) for x in row] for row in M], dtype=np.int64)\n                     ^^^^^^^^^^^^^^^^^^^^^\n  File \""D:\\decimal_computer\\decimal_gemm.py\"", line 60, in <listcomp>\n    return np.array([[int(x) for x in row] for row in M], dtype=np.int64)\n                      ^^^^^^\nTypeError: int() argument must be a string, a bytes-like object or a real number, not 'list'\n\nDuring handling of the above exception, another exception occurred:\n\nTraceback (most recent call last):\n  File \""C:\\Users\\asus\\AppData\\Local\\Temp\\bench_runner_lc8v3ay3\\runner.py\"", line 32, in <module>\n    res = decimal_gemm_naive(A, B, mul_algo=algo, cutoff=cutoff)\n          ^^^^^^^^^^^^^^^^^^^^^^^^^^^^^^^^^^^^^^^^^^^^^^^^^^^^^^\n  File \""D:\\decimal_computer\\decimal_gemm.py\"", line 171, in decimal_gemm_naive\n    C = schoolbook_gemm(A, B, counters=counters)\n        ^^^^^^^^^^^^^^^^^^^^^^^^^^^^^^^^^^^^^^^^\n  File \""D:\\decimal_computer\\decimal_gemm.py\"", line 73, in schoolbook_gemm\n    a = _to_numpy_int_matrix(A)\n        ^^^^^^^^^^^^^^^^^^^^^^^\n  File \""D:\\decimal_computer\\decimal_gemm.py\"", line 60, in _to_numpy_int_matrix\n    return np.array([[int(x) for x in row] for row in M], dtype=np.int64)\n                    ^^^^^^^^^^^^^^^^^^^^^^^^^^^^^^^^^^^^\n  File \""D:\\decimal_computer\\decimal_gemm.py\"", line 60, in <listcomp>\n    return np.array([[int(x) for x in row] for row in M], dtype=np.int64)\n                     ^^^^^^^^^^^^^^^^^^^^^\n  File \""D:\\decimal_computer\\decimal_gemm.py\"", line 60, in <listcomp>\n    return np.array([[int(x) for x in row] for row in M], dtype=np.int64)\n                      ^^^^^^\nTypeError: int() argument must be a string, a bytes-like object or a real number, not 'list'\n""}","[decimal_gemm] auto-selected algo='schoolbook' max_digit_len=None cutoff=None
[decimal_gemm] auto-selected algo='schoolbook' max_digit_len=None cutoff=None
Traceback (most recent call last):
  File ""C:\Users\asus\AppData\Local\Temp\bench_runner_lc8v3ay3\runner.py"", line 29, in <module>
    res = decimal_gemm_naive(A, B, mul_algo=algo, cutoff=cutoff, return_counters=True)
          ^^^^^^^^^^^^^^^^^^^^^^^^^^^^^^^^^^^^^^^^^^^^^^^^^^^^^^^^^^^^^^^^^^^^^^^^^^^^
  File ""D:\decimal_computer\decimal_gemm.py"", line 171, in decimal_gemm_naive
    C = schoolbook_gemm(A, B, counters=counters)
        ^^^^^^^^^^^^^^^^^^^^^^^^^^^^^^^^^^^^^^^^
  File ""D:\decimal_computer\decimal_gemm.py"", line 73, in schoolbook_gemm
    a = _to_numpy_int_matrix(A)
        ^^^^^^^^^^^^^^^^^^^^^^^
  File ""D:\decimal_computer\decimal_gemm.py"", line 60, in _to_numpy_int_matrix
    return np.array([[int(x) for x in row] for row in M], dtype=np.int64)
                    ^^^^^^^^^^^^^^^^^^^^^^^^^^^^^^^^^^^^
  File ""D:\decimal_computer\decimal_gemm.py"", line 60, in <listcomp>
    return np.array([[int(x) for x in row] for row in M], dtype=np.int64)
                     ^^^^^^^^^^^^^^^^^^^^^
  File ""D:\decimal_computer\decimal_gemm.py"", line 60, in <listcomp>
    return np.array([[int(x) for x in row] for row in M], dtype=np.int64)
                      ^^^^^^
TypeError: int() argument must be a string, a bytes-like object or a real number, not 'list'

During handling of the above exception, another exception occurred:

Traceback (most recent call last):
  File ""C:\Users\asus\AppData\Local\Temp\bench_runner_lc8v3ay3\runner.py"", line 32, in <module>
    res = decimal_gemm_naive(A, B, mul_algo=algo, cutoff=cutoff)
          ^^^^^^^^^^^^^^^^^^^^^^^^^^^^^^^^^^^^^^^^^^^^^^^^^^^^^^
  File ""D:\decimal_computer\decimal_gemm.py"", line 171, in decimal_gemm_naive
    C = schoolbook_gemm(A, B, counters=counters)
        ^^^^^^^^^^^^^^^^^^^^^^^^^^^^^^^^^^^^^^^^
  File ""D:\decimal_computer\decimal_gemm.py"", line 73, in schoolbook_gemm
    a = _to_numpy_int_matrix(A)
        ^^^^^^^^^^^^^^^^^^^^^^^
  File ""D:\decimal_computer\decimal_gemm.py"", line 60, in _to_numpy_int_matrix
    return np.array([[int(x) for x in row] for row in M], dtype=np.int64)
                    ^^^^^^^^^^^^^^^^^^^^^^^^^^^^^^^^^^^^
  File ""D:\decimal_computer\decimal_gemm.py"", line 60, in <listcomp>
    return np.array([[int(x) for x in row] for row in M], dtype=np.int64)
                     ^^^^^^^^^^^^^^^^^^^^^
  File ""D:\decimal_computer\decimal_gemm.py"", line 60, in <listcomp>
    return np.array([[int(x) for x in row] for row in M], dtype=np.int64)
                      ^^^^^^
TypeError: int() argument must be a string, a bytes-like object or a real number, not 'list'
",2025-10-01T06:35:36Z,LAPTOP-PNEMF9C4,20688
4,16,auto,0,,,,call_failed,4,,,"{""ok"": false, ""error"": ""call_failed"", ""trace"": ""Traceback (most recent call last):\n  File \""C:\\Users\\asus\\AppData\\Local\\Temp\\bench_runner_yztknymo\\runner.py\"", line 36, in <module>\n    res = decimal_gemm_naive(A, B, mul_algo=algo, cutoff=cutoff, return_counters=True)\n          ^^^^^^^^^^^^^^^^^^^^^^^^^^^^^^^^^^^^^^^^^^^^^^^^^^^^^^^^^^^^^^^^^^^^^^^^^^^^\n  File \""D:\\decimal_computer\\decimal_gemm.py\"", line 171, in decimal_gemm_naive\n    C = schoolbook_gemm(A, B, counters=counters)\n        ^^^^^^^^^^^^^^^^^^^^^^^^^^^^^^^^^^^^^^^^\n  File \""D:\\decimal_computer\\decimal_gemm.py\"", line 88, in schoolbook_gemm\n    C[i, j] = s\n    ~^^^^^^\nOverflowError: int too big to convert\n""}","[decimal_gemm] auto-selected algo='schoolbook' max_digit_len=None cutoff=None
Traceback (most recent call last):
  File ""C:\Users\asus\AppData\Local\Temp\bench_runner_yztknymo\runner.py"", line 36, in <module>
    res = decimal_gemm_naive(A, B, mul_algo=algo, cutoff=cutoff, return_counters=True)
          ^^^^^^^^^^^^^^^^^^^^^^^^^^^^^^^^^^^^^^^^^^^^^^^^^^^^^^^^^^^^^^^^^^^^^^^^^^^^
  File ""D:\decimal_computer\decimal_gemm.py"", line 171, in decimal_gemm_naive
    C = schoolbook_gemm(A, B, counters=counters)
        ^^^^^^^^^^^^^^^^^^^^^^^^^^^^^^^^^^^^^^^^
  File ""D:\decimal_computer\decimal_gemm.py"", line 88, in schoolbook_gemm
    C[i, j] = s
    ~^^^^^^
OverflowError: int too big to convert
",2025-10-01T07:10:25Z,LAPTOP-PNEMF9C4,28676
4,16,auto,0,,,,call_failed,4,,,"{""ok"": false, ""error"": ""call_failed"", ""trace"": ""Traceback (most recent call last):\n  File \""C:\\Users\\asus\\AppData\\Local\\Temp\\bench_runner_y7mkpu3l\\runner.py\"", line 36, in <module>\n    res = decimal_gemm_naive(A, B, mul_algo=algo, cutoff=cutoff, return_counters=True)\n          ^^^^^^^^^^^^^^^^^^^^^^^^^^^^^^^^^^^^^^^^^^^^^^^^^^^^^^^^^^^^^^^^^^^^^^^^^^^^\n  File \""D:\\decimal_computer\\decimal_gemm.py\"", line 171, in decimal_gemm_naive\n    C = schoolbook_gemm(A, B, counters=counters)\n        ^^^^^^^^^^^^^^^^^^^^^^^^^^^^^^^^^^^^^^^^\n  File \""D:\\decimal_computer\\decimal_gemm.py\"", line 88, in schoolbook_gemm\n    C[i, j] = s\n    ~^^^^^^\nOverflowError: int too big to convert\n""}","[decimal_gemm] auto-selected algo='schoolbook' max_digit_len=None cutoff=None
Traceback (most recent call last):
  File ""C:\Users\asus\AppData\Local\Temp\bench_runner_y7mkpu3l\runner.py"", line 36, in <module>
    res = decimal_gemm_naive(A, B, mul_algo=algo, cutoff=cutoff, return_counters=True)
          ^^^^^^^^^^^^^^^^^^^^^^^^^^^^^^^^^^^^^^^^^^^^^^^^^^^^^^^^^^^^^^^^^^^^^^^^^^^^
  File ""D:\decimal_computer\decimal_gemm.py"", line 171, in decimal_gemm_naive
    C = schoolbook_gemm(A, B, counters=counters)
        ^^^^^^^^^^^^^^^^^^^^^^^^^^^^^^^^^^^^^^^^
  File ""D:\decimal_computer\decimal_gemm.py"", line 88, in schoolbook_gemm
    C[i, j] = s
    ~^^^^^^
OverflowError: int too big to convert
",2025-10-01T07:19:38Z,LAPTOP-PNEMF9C4,15240
4,16,auto,0,,,,call_failed,4,,,"{""ok"": false, ""error"": ""call_failed"", ""trace"": ""Traceback (most recent call last):\n  File \""C:\\Users\\asus\\AppData\\Local\\Temp\\bench_runner_sc3abugj\\runner.py\"", line 36, in <module>\n    res = decimal_gemm_naive(A, B, mul_algo=algo, cutoff=cutoff, return_counters=True)\n          ^^^^^^^^^^^^^^^^^^^^^^^^^^^^^^^^^^^^^^^^^^^^^^^^^^^^^^^^^^^^^^^^^^^^^^^^^^^^\n  File \""D:\\decimal_computer\\decimal_gemm.py\"", line 171, in decimal_gemm_naive\n    C = schoolbook_gemm(A, B, counters=counters)\n        ^^^^^^^^^^^^^^^^^^^^^^^^^^^^^^^^^^^^^^^^\n  File \""D:\\decimal_computer\\decimal_gemm.py\"", line 88, in schoolbook_gemm\n    C[i, j] = s\n    ~^^^^^^\nOverflowError: int too big to convert\n""}","[decimal_gemm] auto-selected algo='schoolbook' max_digit_len=None cutoff=None
Traceback (most recent call last):
  File ""C:\Users\asus\AppData\Local\Temp\bench_runner_sc3abugj\runner.py"", line 36, in <module>
    res = decimal_gemm_naive(A, B, mul_algo=algo, cutoff=cutoff, return_counters=True)
          ^^^^^^^^^^^^^^^^^^^^^^^^^^^^^^^^^^^^^^^^^^^^^^^^^^^^^^^^^^^^^^^^^^^^^^^^^^^^
  File ""D:\decimal_computer\decimal_gemm.py"", line 171, in decimal_gemm_naive
    C = schoolbook_gemm(A, B, counters=counters)
        ^^^^^^^^^^^^^^^^^^^^^^^^^^^^^^^^^^^^^^^^
  File ""D:\decimal_computer\decimal_gemm.py"", line 88, in schoolbook_gemm
    C[i, j] = s
    ~^^^^^^
OverflowError: int too big to convert
",2025-10-01T07:22:43Z,LAPTOP-PNEMF9C4,11360
4,16,auto,0,,,,call_failed,4,,,"{""ok"": false, ""error"": ""call_failed"", ""trace"": ""Traceback (most recent call last):\n  File \""C:\\Users\\asus\\AppData\\Local\\Temp\\bench_runner_aofew3s2\\runner.py\"", line 36, in <module>\n    res = decimal_gemm_naive(A, B, mul_algo=algo, cutoff=cutoff, return_counters=True)\n          ^^^^^^^^^^^^^^^^^^^^^^^^^^^^^^^^^^^^^^^^^^^^^^^^^^^^^^^^^^^^^^^^^^^^^^^^^^^^\n  File \""D:\\decimal_computer\\decimal_gemm.py\"", line 171, in decimal_gemm_naive\n    C = schoolbook_gemm(A, B, counters=counters)\n        ^^^^^^^^^^^^^^^^^^^^^^^^^^^^^^^^^^^^^^^^\n  File \""D:\\decimal_computer\\decimal_gemm.py\"", line 88, in schoolbook_gemm\n    C[i, j] = s\n    ~^^^^^^\nOverflowError: int too big to convert\n""}","[decimal_gemm] auto-selected algo='schoolbook' max_digit_len=None cutoff=None
Traceback (most recent call last):
  File ""C:\Users\asus\AppData\Local\Temp\bench_runner_aofew3s2\runner.py"", line 36, in <module>
    res = decimal_gemm_naive(A, B, mul_algo=algo, cutoff=cutoff, return_counters=True)
          ^^^^^^^^^^^^^^^^^^^^^^^^^^^^^^^^^^^^^^^^^^^^^^^^^^^^^^^^^^^^^^^^^^^^^^^^^^^^
  File ""D:\decimal_computer\decimal_gemm.py"", line 171, in decimal_gemm_naive
    C = schoolbook_gemm(A, B, counters=counters)
        ^^^^^^^^^^^^^^^^^^^^^^^^^^^^^^^^^^^^^^^^
  File ""D:\decimal_computer\decimal_gemm.py"", line 88, in schoolbook_gemm
    C[i, j] = s
    ~^^^^^^
OverflowError: int too big to convert
",2025-10-01T07:24:16Z,LAPTOP-PNEMF9C4,11156
4,16,auto,0,,,,call_failed,4,,,"{""ok"": false, ""error"": ""call_failed"", ""trace"": ""Traceback (most recent call last):\n  File \""C:\\Users\\asus\\AppData\\Local\\Temp\\bench_runner_s1h99jbf\\runner.py\"", line 36, in <module>\n    res = decimal_gemm_naive(A, B, mul_algo=algo, cutoff=cutoff, return_counters=True)\n          ^^^^^^^^^^^^^^^^^^^^^^^^^^^^^^^^^^^^^^^^^^^^^^^^^^^^^^^^^^^^^^^^^^^^^^^^^^^^\n  File \""D:\\decimal_computer\\decimal_gemm.py\"", line 171, in decimal_gemm_naive\n    C = schoolbook_gemm(A, B, counters=counters)\n        ^^^^^^^^^^^^^^^^^^^^^^^^^^^^^^^^^^^^^^^^\n  File \""D:\\decimal_computer\\decimal_gemm.py\"", line 88, in schoolbook_gemm\n    C[i, j] = s\n    ~^^^^^^\nOverflowError: int too big to convert\n""}","[decimal_gemm] auto-selected algo='schoolbook' max_digit_len=None cutoff=None
Traceback (most recent call last):
  File ""C:\Users\asus\AppData\Local\Temp\bench_runner_s1h99jbf\runner.py"", line 36, in <module>
    res = decimal_gemm_naive(A, B, mul_algo=algo, cutoff=cutoff, return_counters=True)
          ^^^^^^^^^^^^^^^^^^^^^^^^^^^^^^^^^^^^^^^^^^^^^^^^^^^^^^^^^^^^^^^^^^^^^^^^^^^^
  File ""D:\decimal_computer\decimal_gemm.py"", line 171, in decimal_gemm_naive
    C = schoolbook_gemm(A, B, counters=counters)
        ^^^^^^^^^^^^^^^^^^^^^^^^^^^^^^^^^^^^^^^^
  File ""D:\decimal_computer\decimal_gemm.py"", line 88, in schoolbook_gemm
    C[i, j] = s
    ~^^^^^^
OverflowError: int too big to convert
",2025-10-01T07:24:30Z,LAPTOP-PNEMF9C4,4972
4,16,auto,0,,,,call_failed,4,,,"{""ok"": false, ""error"": ""call_failed"", ""trace"": ""Traceback (most recent call last):\n  File \""C:\\Users\\asus\\AppData\\Local\\Temp\\bench_runner_c45xql1c\\runner.py\"", line 36, in <module>\n    res = decimal_gemm_naive(A, B, mul_algo=algo, cutoff=cutoff, return_counters=True)\n          ^^^^^^^^^^^^^^^^^^^^^^^^^^^^^^^^^^^^^^^^^^^^^^^^^^^^^^^^^^^^^^^^^^^^^^^^^^^^\n  File \""D:\\decimal_computer\\decimal_gemm.py\"", line 171, in decimal_gemm_naive\n    C = schoolbook_gemm(A, B, counters=counters)\n        ^^^^^^^^^^^^^^^^^^^^^^^^^^^^^^^^^^^^^^^^\n  File \""D:\\decimal_computer\\decimal_gemm.py\"", line 88, in schoolbook_gemm\n    C[i, j] = s\n    ~^^^^^^\nOverflowError: int too big to convert\n""}","[decimal_gemm] auto-selected algo='schoolbook' max_digit_len=None cutoff=None
Traceback (most recent call last):
  File ""C:\Users\asus\AppData\Local\Temp\bench_runner_c45xql1c\runner.py"", line 36, in <module>
    res = decimal_gemm_naive(A, B, mul_algo=algo, cutoff=cutoff, return_counters=True)
          ^^^^^^^^^^^^^^^^^^^^^^^^^^^^^^^^^^^^^^^^^^^^^^^^^^^^^^^^^^^^^^^^^^^^^^^^^^^^
  File ""D:\decimal_computer\decimal_gemm.py"", line 171, in decimal_gemm_naive
    C = schoolbook_gemm(A, B, counters=counters)
        ^^^^^^^^^^^^^^^^^^^^^^^^^^^^^^^^^^^^^^^^
  File ""D:\decimal_computer\decimal_gemm.py"", line 88, in schoolbook_gemm
    C[i, j] = s
    ~^^^^^^
OverflowError: int too big to convert
",2025-10-01T07:25:28Z,LAPTOP-PNEMF9C4,26608
4,4,schoolbook,0,0.0007374999986495823,64,64,,0,1817238359,"[[90078972, 76196805], [199693136, 187602034]]","{""ok"": true, ""sample"": [[90078972, 76196805], [199693136, 187602034]], ""muls"": 64, ""adds"": 64, ""elapsed"": 0.0007374999986495823, ""checksum"": 1817238359}","[decimal_gemm] SCHOOLBOOK result C = [[90078972, 76196805, 53851119, 40380666], [199693136, 187602034, 85761001, 105776681], [128836048, 124824398, 57634901, 64678304], [211383096, 195542502, 98644554, 96354142]]
[decimal_gemm]   digit muls: 64 digit adds: 64 time (s): 0.000737",2025-10-01T07:44:13Z,LAPTOP-PNEMF9C4,22976
4,4,schoolbook,0,0.0018321000097785145,64,64,,0,1487813038,"[[73497991, 103191604], [117423014, 100622492]]","{""ok"": true, ""sample"": [[73497991, 103191604], [117423014, 100622492]], ""muls"": 64, ""adds"": 64, ""elapsed"": 0.0018321000097785145, ""checksum"": 1487813038}","[decimal_gemm] SCHOOLBOOK result C = [[73497991, 103191604, 79262350, 78882496], [117423014, 100622492, 71623286, 119531556], [87740519, 118303558, 92486064, 81141601], [88522351, 105836586, 82980773, 86766797]]
[decimal_gemm]   digit muls: 64 digit adds: 64 time (s): 0.001832",2025-10-01T07:46:22Z,LAPTOP-PNEMF9C4,22228
2,8,karatsuba,0,4.200000000764703e-05,,,"int() argument must be a string, a bytes-like object or a real number, not 'list'",0,,,"{""ok"": false, ""error"": ""int() argument must be a string, a bytes-like object or a real number, not 'list'"", ""trace"": ""Traceback (most recent call last):\n  File \""C:\\Users\\asus\\AppData\\Local\\Temp\\bench_runner_iia_tmwo\\runner.py\"", line 20, in main\n    res = decimal_gemm_naive(A, B, mul_algo=algo, cutoff=cutoff, return_counters=True)\n          ^^^^^^^^^^^^^^^^^^^^^^^^^^^^^^^^^^^^^^^^^^^^^^^^^^^^^^^^^^^^^^^^^^^^^^^^^^^^\n  File \""D:\\decimal_computer\\decimal_gemm.py\"", line 173, in decimal_gemm_naive\n    C = karatsuba_gemm(A, B, cutoff=cutoff, counters=counters)\n        ^^^^^^^^^^^^^^^^^^^^^^^^^^^^^^^^^^^^^^^^^^^^^^^^^^^^^^\n  File \""D:\\decimal_computer\\decimal_gemm.py\"", line 103, in karatsuba_gemm\n    return schoolbook_gemm(A, B, counters=counters)\n           ^^^^^^^^^^^^^^^^^^^^^^^^^^^^^^^^^^^^^^^^\n  File \""D:\\decimal_computer\\decimal_gemm.py\"", line 73, in schoolbook_gemm\n    a = _to_numpy_int_matrix(A)\n        ^^^^^^^^^^^^^^^^^^^^^^^\n  File \""D:\\decimal_computer\\decimal_gemm.py\"", line 60, in _to_numpy_int_matrix\n    return np.array([[int(x) for x in row] for row in M], dtype=np.int64)\n                    ^^^^^^^^^^^^^^^^^^^^^^^^^^^^^^^^^^^^\n  File \""D:\\decimal_computer\\decimal_gemm.py\"", line 60, in <listcomp>\n    return np.array([[int(x) for x in row] for row in M], dtype=np.int64)\n                     ^^^^^^^^^^^^^^^^^^^^^\n  File \""D:\\decimal_computer\\decimal_gemm.py\"", line 60, in <listcomp>\n    return np.array([[int(x) for x in row] for row in M], dtype=np.int64)\n                      ^^^^^^\nTypeError: int() argument must be a string, a bytes-like object or a real number, not 'list'\n"", ""elapsed"": 4.200000000764703e-05}",,2025-10-01T08:06:19Z,LAPTOP-PNEMF9C4,20412
2,8,karatsuba,0,3.5600000046542846e-05,,,"int() argument must be a string, a bytes-like object or a real number, not 'list'",0,,,"{""ok"": false, ""error"": ""int() argument must be a string, a bytes-like object or a real number, not 'list'"", ""trace"": ""Traceback (most recent call last):\n  File \""C:\\Users\\asus\\AppData\\Local\\Temp\\bench_runner_pct3ofpy\\runner.py\"", line 20, in main\n    res = decimal_gemm_naive(A, B, mul_algo=algo, cutoff=cutoff, return_counters=True)\n          ^^^^^^^^^^^^^^^^^^^^^^^^^^^^^^^^^^^^^^^^^^^^^^^^^^^^^^^^^^^^^^^^^^^^^^^^^^^^\n  File \""D:\\decimal_computer\\decimal_gemm.py\"", line 173, in decimal_gemm_naive\n    C = karatsuba_gemm(A, B, cutoff=cutoff, counters=counters)\n        ^^^^^^^^^^^^^^^^^^^^^^^^^^^^^^^^^^^^^^^^^^^^^^^^^^^^^^\n  File \""D:\\decimal_computer\\decimal_gemm.py\"", line 103, in karatsuba_gemm\n    return schoolbook_gemm(A, B, counters=counters)\n           ^^^^^^^^^^^^^^^^^^^^^^^^^^^^^^^^^^^^^^^^\n  File \""D:\\decimal_computer\\decimal_gemm.py\"", line 73, in schoolbook_gemm\n    a = _to_numpy_int_matrix(A)\n        ^^^^^^^^^^^^^^^^^^^^^^^\n  File \""D:\\decimal_computer\\decimal_gemm.py\"", line 60, in _to_numpy_int_matrix\n    return np.array([[int(x) for x in row] for row in M], dtype=np.int64)\n                    ^^^^^^^^^^^^^^^^^^^^^^^^^^^^^^^^^^^^\n  File \""D:\\decimal_computer\\decimal_gemm.py\"", line 60, in <listcomp>\n    return np.array([[int(x) for x in row] for row in M], dtype=np.int64)\n                     ^^^^^^^^^^^^^^^^^^^^^\n  File \""D:\\decimal_computer\\decimal_gemm.py\"", line 60, in <listcomp>\n    return np.array([[int(x) for x in row] for row in M], dtype=np.int64)\n                      ^^^^^^\nTypeError: int() argument must be a string, a bytes-like object or a real number, not 'list'\n"", ""elapsed"": 3.5600000046542846e-05}",,2025-10-01T08:11:00Z,LAPTOP-PNEMF9C4,16276
2,8,karatsuba,0,2.7099999897473026e-05,,,"int() argument must be a string, a bytes-like object or a real number, not 'list'",0,,,"{""ok"": false, ""error"": ""int() argument must be a string, a bytes-like object or a real number, not 'list'"", ""trace"": ""Traceback (most recent call last):\n  File \""C:\\Users\\asus\\AppData\\Local\\Temp\\bench_runner_v2tsgfkl\\runner.py\"", line 20, in main\n    res = decimal_gemm_naive(A, B, mul_algo=algo, cutoff=cutoff, return_counters=True)\n          ^^^^^^^^^^^^^^^^^^^^^^^^^^^^^^^^^^^^^^^^^^^^^^^^^^^^^^^^^^^^^^^^^^^^^^^^^^^^\n  File \""D:\\decimal_computer\\decimal_gemm.py\"", line 173, in decimal_gemm_naive\n    C = karatsuba_gemm(A, B, cutoff=cutoff, counters=counters)\n        ^^^^^^^^^^^^^^^^^^^^^^^^^^^^^^^^^^^^^^^^^^^^^^^^^^^^^^\n  File \""D:\\decimal_computer\\decimal_gemm.py\"", line 103, in karatsuba_gemm\n    return schoolbook_gemm(A, B, counters=counters)\n           ^^^^^^^^^^^^^^^^^^^^^^^^^^^^^^^^^^^^^^^^\n  File \""D:\\decimal_computer\\decimal_gemm.py\"", line 73, in schoolbook_gemm\n    a = _to_numpy_int_matrix(A)\n        ^^^^^^^^^^^^^^^^^^^^^^^\n  File \""D:\\decimal_computer\\decimal_gemm.py\"", line 60, in _to_numpy_int_matrix\n    return np.array([[int(x) for x in row] for row in M], dtype=np.int64)\n                    ^^^^^^^^^^^^^^^^^^^^^^^^^^^^^^^^^^^^\n  File \""D:\\decimal_computer\\decimal_gemm.py\"", line 60, in <listcomp>\n    return np.array([[int(x) for x in row] for row in M], dtype=np.int64)\n                     ^^^^^^^^^^^^^^^^^^^^^\n  File \""D:\\decimal_computer\\decimal_gemm.py\"", line 60, in <listcomp>\n    return np.array([[int(x) for x in row] for row in M], dtype=np.int64)\n                      ^^^^^^\nTypeError: int() argument must be a string, a bytes-like object or a real number, not 'list'\n"", ""elapsed"": 2.7099999897473026e-05}",,2025-10-01T08:29:57Z,LAPTOP-PNEMF9C4,14104
2,8,karatsuba,0,3.0100000003585592e-05,,,"int() argument must be a string, a bytes-like object or a real number, not 'list'",0,,,"{""ok"": false, ""error"": ""int() argument must be a string, a bytes-like object or a real number, not 'list'"", ""trace"": ""Traceback (most recent call last):\n  File \""C:\\Users\\asus\\AppData\\Local\\Temp\\bench_runner_lcdka9r1\\runner.py\"", line 20, in main\n    res = decimal_gemm_naive(A, B, mul_algo=algo, cutoff=cutoff, return_counters=True)\n          ^^^^^^^^^^^^^^^^^^^^^^^^^^^^^^^^^^^^^^^^^^^^^^^^^^^^^^^^^^^^^^^^^^^^^^^^^^^^\n  File \""D:\\decimal_computer\\decimal_gemm.py\"", line 173, in decimal_gemm_naive\n    C = karatsuba_gemm(A, B, cutoff=cutoff, counters=counters)\n        ^^^^^^^^^^^^^^^^^^^^^^^^^^^^^^^^^^^^^^^^^^^^^^^^^^^^^^\n  File \""D:\\decimal_computer\\decimal_gemm.py\"", line 103, in karatsuba_gemm\n    return schoolbook_gemm(A, B, counters=counters)\n           ^^^^^^^^^^^^^^^^^^^^^^^^^^^^^^^^^^^^^^^^\n  File \""D:\\decimal_computer\\decimal_gemm.py\"", line 73, in schoolbook_gemm\n    a = _to_numpy_int_matrix(A)\n        ^^^^^^^^^^^^^^^^^^^^^^^\n  File \""D:\\decimal_computer\\decimal_gemm.py\"", line 60, in _to_numpy_int_matrix\n    return np.array([[int(x) for x in row] for row in M], dtype=np.int64)\n                    ^^^^^^^^^^^^^^^^^^^^^^^^^^^^^^^^^^^^\n  File \""D:\\decimal_computer\\decimal_gemm.py\"", line 60, in <listcomp>\n    return np.array([[int(x) for x in row] for row in M], dtype=np.int64)\n                     ^^^^^^^^^^^^^^^^^^^^^\n  File \""D:\\decimal_computer\\decimal_gemm.py\"", line 60, in <listcomp>\n    return np.array([[int(x) for x in row] for row in M], dtype=np.int64)\n                      ^^^^^^\nTypeError: int() argument must be a string, a bytes-like object or a real number, not 'list'\n"", ""elapsed"": 3.0100000003585592e-05}",,2025-10-01T08:34:32Z,LAPTOP-PNEMF9C4,27660
2,8,karatsuba,0,3.190000006725313e-05,,,"int() argument must be a string, a bytes-like object or a real number, not 'list'",0,,,"{""ok"": false, ""error"": ""int() argument must be a string, a bytes-like object or a real number, not 'list'"", ""trace"": ""Traceback (most recent call last):\n  File \""C:\\Users\\asus\\AppData\\Local\\Temp\\bench_runner_ellpx97l\\runner.py\"", line 20, in main\n    res = decimal_gemm_naive(A, B, mul_algo=algo, cutoff=cutoff, return_counters=True)\n          ^^^^^^^^^^^^^^^^^^^^^^^^^^^^^^^^^^^^^^^^^^^^^^^^^^^^^^^^^^^^^^^^^^^^^^^^^^^^\n  File \""D:\\decimal_computer\\decimal_gemm.py\"", line 173, in decimal_gemm_naive\n    C = karatsuba_gemm(A, B, cutoff=cutoff, counters=counters)\n        ^^^^^^^^^^^^^^^^^^^^^^^^^^^^^^^^^^^^^^^^^^^^^^^^^^^^^^\n  File \""D:\\decimal_computer\\decimal_gemm.py\"", line 103, in karatsuba_gemm\n    return schoolbook_gemm(A, B, counters=counters)\n           ^^^^^^^^^^^^^^^^^^^^^^^^^^^^^^^^^^^^^^^^\n  File \""D:\\decimal_computer\\decimal_gemm.py\"", line 73, in schoolbook_gemm\n    a = _to_numpy_int_matrix(A)\n        ^^^^^^^^^^^^^^^^^^^^^^^\n  File \""D:\\decimal_computer\\decimal_gemm.py\"", line 60, in _to_numpy_int_matrix\n    return np.array([[int(x) for x in row] for row in M], dtype=np.int64)\n                    ^^^^^^^^^^^^^^^^^^^^^^^^^^^^^^^^^^^^\n  File \""D:\\decimal_computer\\decimal_gemm.py\"", line 60, in <listcomp>\n    return np.array([[int(x) for x in row] for row in M], dtype=np.int64)\n                     ^^^^^^^^^^^^^^^^^^^^^\n  File \""D:\\decimal_computer\\decimal_gemm.py\"", line 60, in <listcomp>\n    return np.array([[int(x) for x in row] for row in M], dtype=np.int64)\n                      ^^^^^^\nTypeError: int() argument must be a string, a bytes-like object or a real number, not 'list'\n"", ""elapsed"": 3.190000006725313e-05}",,2025-10-01T08:35:30Z,LAPTOP-PNEMF9C4,8700
2,8,karatsuba,0,5.830000009154901e-05,,,"int() argument must be a string, a bytes-like object or a real number, not 'list'",0,,,"{""ok"": false, ""error"": ""int() argument must be a string, a bytes-like object or a real number, not 'list'"", ""trace"": ""Traceback (most recent call last):\n  File \""C:\\Users\\asus\\AppData\\Local\\Temp\\bench_runner_m99k3vr2\\runner.py\"", line 20, in main\n    res = decimal_gemm_naive(A, B, mul_algo=algo, cutoff=cutoff, return_counters=True)\n          ^^^^^^^^^^^^^^^^^^^^^^^^^^^^^^^^^^^^^^^^^^^^^^^^^^^^^^^^^^^^^^^^^^^^^^^^^^^^\n  File \""D:\\decimal_computer\\decimal_gemm.py\"", line 173, in decimal_gemm_naive\n    C = karatsuba_gemm(A, B, cutoff=cutoff, counters=counters)\n        ^^^^^^^^^^^^^^^^^^^^^^^^^^^^^^^^^^^^^^^^^^^^^^^^^^^^^^\n  File \""D:\\decimal_computer\\decimal_gemm.py\"", line 103, in karatsuba_gemm\n    return schoolbook_gemm(A, B, counters=counters)\n           ^^^^^^^^^^^^^^^^^^^^^^^^^^^^^^^^^^^^^^^^\n  File \""D:\\decimal_computer\\decimal_gemm.py\"", line 73, in schoolbook_gemm\n    a = _to_numpy_int_matrix(A)\n        ^^^^^^^^^^^^^^^^^^^^^^^\n  File \""D:\\decimal_computer\\decimal_gemm.py\"", line 60, in _to_numpy_int_matrix\n    return np.array([[int(x) for x in row] for row in M], dtype=np.int64)\n                    ^^^^^^^^^^^^^^^^^^^^^^^^^^^^^^^^^^^^\n  File \""D:\\decimal_computer\\decimal_gemm.py\"", line 60, in <listcomp>\n    return np.array([[int(x) for x in row] for row in M], dtype=np.int64)\n                     ^^^^^^^^^^^^^^^^^^^^^\n  File \""D:\\decimal_computer\\decimal_gemm.py\"", line 60, in <listcomp>\n    return np.array([[int(x) for x in row] for row in M], dtype=np.int64)\n                      ^^^^^^\nTypeError: int() argument must be a string, a bytes-like object or a real number, not 'list'\n"", ""elapsed"": 5.830000009154901e-05}",,2025-10-01T08:39:03Z,LAPTOP-PNEMF9C4,28524
2,8,karatsuba,0,2.89999998130952e-05,,,"int() argument must be a string, a bytes-like object or a real number, not 'list'",0,,,"{""ok"": false, ""error"": ""int() argument must be a string, a bytes-like object or a real number, not 'list'"", ""trace"": ""Traceback (most recent call last):\n  File \""C:\\Users\\asus\\AppData\\Local\\Temp\\bench_runner__gm_ekaa\\runner.py\"", line 20, in main\n    res = decimal_gemm_naive(A, B, mul_algo=algo, cutoff=cutoff, return_counters=True)\n          ^^^^^^^^^^^^^^^^^^^^^^^^^^^^^^^^^^^^^^^^^^^^^^^^^^^^^^^^^^^^^^^^^^^^^^^^^^^^\n  File \""D:\\decimal_computer\\decimal_gemm.py\"", line 173, in decimal_gemm_naive\n    C = karatsuba_gemm(A, B, cutoff=cutoff, counters=counters)\n        ^^^^^^^^^^^^^^^^^^^^^^^^^^^^^^^^^^^^^^^^^^^^^^^^^^^^^^\n  File \""D:\\decimal_computer\\decimal_gemm.py\"", line 103, in karatsuba_gemm\n    return schoolbook_gemm(A, B, counters=counters)\n           ^^^^^^^^^^^^^^^^^^^^^^^^^^^^^^^^^^^^^^^^\n  File \""D:\\decimal_computer\\decimal_gemm.py\"", line 73, in schoolbook_gemm\n    a = _to_numpy_int_matrix(A)\n        ^^^^^^^^^^^^^^^^^^^^^^^\n  File \""D:\\decimal_computer\\decimal_gemm.py\"", line 60, in _to_numpy_int_matrix\n    return np.array([[int(x) for x in row] for row in M], dtype=np.int64)\n                    ^^^^^^^^^^^^^^^^^^^^^^^^^^^^^^^^^^^^\n  File \""D:\\decimal_computer\\decimal_gemm.py\"", line 60, in <listcomp>\n    return np.array([[int(x) for x in row] for row in M], dtype=np.int64)\n                     ^^^^^^^^^^^^^^^^^^^^^\n  File \""D:\\decimal_computer\\decimal_gemm.py\"", line 60, in <listcomp>\n    return np.array([[int(x) for x in row] for row in M], dtype=np.int64)\n                      ^^^^^^\nTypeError: int() argument must be a string, a bytes-like object or a real number, not 'list'\n"", ""elapsed"": 2.89999998130952e-05}",,2025-10-01T08:46:09Z,LAPTOP-PNEMF9C4,7020
2,8,karatsuba,0,4.4800000068789814e-05,,,"int() argument must be a string, a bytes-like object or a real number, not 'list'",0,,,"{""ok"": false, ""error"": ""int() argument must be a string, a bytes-like object or a real number, not 'list'"", ""trace"": ""Traceback (most recent call last):\n  File \""C:\\Users\\asus\\AppData\\Local\\Temp\\bench_runner_gx9oo9vo\\runner.py\"", line 20, in main\n    res = decimal_gemm_naive(A, B, mul_algo=algo, cutoff=cutoff, return_counters=True)\n          ^^^^^^^^^^^^^^^^^^^^^^^^^^^^^^^^^^^^^^^^^^^^^^^^^^^^^^^^^^^^^^^^^^^^^^^^^^^^\n  File \""D:\\decimal_computer\\decimal_gemm.py\"", line 173, in decimal_gemm_naive\n    C = karatsuba_gemm(A, B, cutoff=cutoff, counters=counters)\n        ^^^^^^^^^^^^^^^^^^^^^^^^^^^^^^^^^^^^^^^^^^^^^^^^^^^^^^\n  File \""D:\\decimal_computer\\decimal_gemm.py\"", line 103, in karatsuba_gemm\n    return schoolbook_gemm(A, B, counters=counters)\n           ^^^^^^^^^^^^^^^^^^^^^^^^^^^^^^^^^^^^^^^^\n  File \""D:\\decimal_computer\\decimal_gemm.py\"", line 73, in schoolbook_gemm\n    a = _to_numpy_int_matrix(A)\n        ^^^^^^^^^^^^^^^^^^^^^^^\n  File \""D:\\decimal_computer\\decimal_gemm.py\"", line 60, in _to_numpy_int_matrix\n    return np.array([[int(x) for x in row] for row in M], dtype=np.int64)\n                    ^^^^^^^^^^^^^^^^^^^^^^^^^^^^^^^^^^^^\n  File \""D:\\decimal_computer\\decimal_gemm.py\"", line 60, in <listcomp>\n    return np.array([[int(x) for x in row] for row in M], dtype=np.int64)\n                     ^^^^^^^^^^^^^^^^^^^^^\n  File \""D:\\decimal_computer\\decimal_gemm.py\"", line 60, in <listcomp>\n    return np.array([[int(x) for x in row] for row in M], dtype=np.int64)\n                      ^^^^^^\nTypeError: int() argument must be a string, a bytes-like object or a real number, not 'list'\n"", ""elapsed"": 4.4800000068789814e-05}",,2025-10-01T08:52:22Z,LAPTOP-PNEMF9C4,2660
2,8,karatsuba,0,3.0199999855540227e-05,,,"int() argument must be a string, a bytes-like object or a real number, not 'list'",0,,,"{""ok"": false, ""error"": ""int() argument must be a string, a bytes-like object or a real number, not 'list'"", ""trace"": ""Traceback (most recent call last):\n  File \""C:\\Users\\asus\\AppData\\Local\\Temp\\bench_runner_tk113m8q\\runner.py\"", line 20, in main\n    res = decimal_gemm_naive(A, B, mul_algo=algo, cutoff=cutoff, return_counters=True)\n          ^^^^^^^^^^^^^^^^^^^^^^^^^^^^^^^^^^^^^^^^^^^^^^^^^^^^^^^^^^^^^^^^^^^^^^^^^^^^\n  File \""D:\\decimal_computer\\decimal_gemm.py\"", line 173, in decimal_gemm_naive\n    C = karatsuba_gemm(A, B, cutoff=cutoff, counters=counters)\n        ^^^^^^^^^^^^^^^^^^^^^^^^^^^^^^^^^^^^^^^^^^^^^^^^^^^^^^\n  File \""D:\\decimal_computer\\decimal_gemm.py\"", line 103, in karatsuba_gemm\n    return schoolbook_gemm(A, B, counters=counters)\n           ^^^^^^^^^^^^^^^^^^^^^^^^^^^^^^^^^^^^^^^^\n  File \""D:\\decimal_computer\\decimal_gemm.py\"", line 73, in schoolbook_gemm\n    a = _to_numpy_int_matrix(A)\n        ^^^^^^^^^^^^^^^^^^^^^^^\n  File \""D:\\decimal_computer\\decimal_gemm.py\"", line 60, in _to_numpy_int_matrix\n    return np.array([[int(x) for x in row] for row in M], dtype=np.int64)\n                    ^^^^^^^^^^^^^^^^^^^^^^^^^^^^^^^^^^^^\n  File \""D:\\decimal_computer\\decimal_gemm.py\"", line 60, in <listcomp>\n    return np.array([[int(x) for x in row] for row in M], dtype=np.int64)\n                     ^^^^^^^^^^^^^^^^^^^^^\n  File \""D:\\decimal_computer\\decimal_gemm.py\"", line 60, in <listcomp>\n    return np.array([[int(x) for x in row] for row in M], dtype=np.int64)\n                      ^^^^^^\nTypeError: int() argument must be a string, a bytes-like object or a real number, not 'list'\n"", ""elapsed"": 3.0199999855540227e-05}",,2025-10-01T08:53:06Z,LAPTOP-PNEMF9C4,10108
2,8,karatsuba,0,2.7599999611993553e-05,,,"int() argument must be a string, a bytes-like object or a real number, not 'list'",0,,,"{""ok"": false, ""error"": ""int() argument must be a string, a bytes-like object or a real number, not 'list'"", ""trace"": ""Traceback (most recent call last):\n  File \""C:\\Users\\asus\\AppData\\Local\\Temp\\bench_runner_5o17r6oa\\runner.py\"", line 20, in main\n    res = decimal_gemm_naive(A, B, mul_algo=algo, cutoff=cutoff, return_counters=True)\n          ^^^^^^^^^^^^^^^^^^^^^^^^^^^^^^^^^^^^^^^^^^^^^^^^^^^^^^^^^^^^^^^^^^^^^^^^^^^^\n  File \""D:\\decimal_computer\\decimal_gemm.py\"", line 173, in decimal_gemm_naive\n    C = karatsuba_gemm(A, B, cutoff=cutoff, counters=counters)\n        ^^^^^^^^^^^^^^^^^^^^^^^^^^^^^^^^^^^^^^^^^^^^^^^^^^^^^^\n  File \""D:\\decimal_computer\\decimal_gemm.py\"", line 103, in karatsuba_gemm\n    return schoolbook_gemm(A, B, counters=counters)\n           ^^^^^^^^^^^^^^^^^^^^^^^^^^^^^^^^^^^^^^^^\n  File \""D:\\decimal_computer\\decimal_gemm.py\"", line 73, in schoolbook_gemm\n    a = _to_numpy_int_matrix(A)\n        ^^^^^^^^^^^^^^^^^^^^^^^\n  File \""D:\\decimal_computer\\decimal_gemm.py\"", line 60, in _to_numpy_int_matrix\n    return np.array([[int(x) for x in row] for row in M], dtype=np.int64)\n                    ^^^^^^^^^^^^^^^^^^^^^^^^^^^^^^^^^^^^\n  File \""D:\\decimal_computer\\decimal_gemm.py\"", line 60, in <listcomp>\n    return np.array([[int(x) for x in row] for row in M], dtype=np.int64)\n                     ^^^^^^^^^^^^^^^^^^^^^\n  File \""D:\\decimal_computer\\decimal_gemm.py\"", line 60, in <listcomp>\n    return np.array([[int(x) for x in row] for row in M], dtype=np.int64)\n                      ^^^^^^\nTypeError: int() argument must be a string, a bytes-like object or a real number, not 'list'\n"", ""elapsed"": 2.7599999611993553e-05}",,2025-10-01T08:53:36Z,LAPTOP-PNEMF9C4,27364
2,4,numba,0,1.0200000360782724e-05,,,Unknown mul_algo: 'numba',0,,,"{""ok"": false, ""error"": ""Unknown mul_algo: 'numba'"", ""trace"": ""Traceback (most recent call last):\n  File \""C:\\Users\\asus\\AppData\\Local\\Temp\\bench_runner_rxrnzgss\\runner.py\"", line 20, in main\n    res = decimal_gemm_naive(A, B, mul_algo=algo, cutoff=cutoff, return_counters=True)\n          ^^^^^^^^^^^^^^^^^^^^^^^^^^^^^^^^^^^^^^^^^^^^^^^^^^^^^^^^^^^^^^^^^^^^^^^^^^^^\n  File \""D:\\decimal_computer\\decimal_gemm.py\"", line 177, in decimal_gemm_naive\n    raise ValueError(f\""Unknown mul_algo: {mul_algo!r}\"")\nValueError: Unknown mul_algo: 'numba'\n"", ""elapsed"": 1.0200000360782724e-05}",,2025-10-01T09:11:26Z,LAPTOP-PNEMF9C4,26292
4,4,auto,0,0.00012040000001434237,,,"int() argument must be a string, a bytes-like object or a real number, not 'list'",0,,,"{""ok"": false, ""error"": ""int() argument must be a string, a bytes-like object or a real number, not 'list'"", ""trace"": ""Traceback (most recent call last):\n  File \""C:\\Users\\asus\\AppData\\Local\\Temp\\bench_runner_fsdowk4r\\runner.py\"", line 20, in main\n    res = decimal_gemm_naive(A, B, mul_algo=algo, cutoff=cutoff, return_counters=True)\n          ^^^^^^^^^^^^^^^^^^^^^^^^^^^^^^^^^^^^^^^^^^^^^^^^^^^^^^^^^^^^^^^^^^^^^^^^^^^^\n  File \""D:\\decimal_computer\\decimal_gemm.py\"", line 171, in decimal_gemm_naive\n    C = schoolbook_gemm(A, B, counters=counters)\n        ^^^^^^^^^^^^^^^^^^^^^^^^^^^^^^^^^^^^^^^^\n  File \""D:\\decimal_computer\\decimal_gemm.py\"", line 73, in schoolbook_gemm\n    a = _to_numpy_int_matrix(A)\n        ^^^^^^^^^^^^^^^^^^^^^^^\n  File \""D:\\decimal_computer\\decimal_gemm.py\"", line 60, in _to_numpy_int_matrix\n    return np.array([[int(x) for x in row] for row in M], dtype=np.int64)\n                    ^^^^^^^^^^^^^^^^^^^^^^^^^^^^^^^^^^^^\n  File \""D:\\decimal_computer\\decimal_gemm.py\"", line 60, in <listcomp>\n    return np.array([[int(x) for x in row] for row in M], dtype=np.int64)\n                     ^^^^^^^^^^^^^^^^^^^^^\n  File \""D:\\decimal_computer\\decimal_gemm.py\"", line 60, in <listcomp>\n    return np.array([[int(x) for x in row] for row in M], dtype=np.int64)\n                      ^^^^^^\nTypeError: int() argument must be a string, a bytes-like object or a real number, not 'list'\n"", ""elapsed"": 0.00012040000001434237}",[decimal_gemm] auto-selected algo='schoolbook' max_digit_len=None cutoff=None,2025-10-01T09:39:25Z,LAPTOP-PNEMF9C4,27116
4,4,auto,0,0.00013790000048174988,,,"int() argument must be a string, a bytes-like object or a real number, not 'list'",0,,,"{""ok"": false, ""error"": ""int() argument must be a string, a bytes-like object or a real number, not 'list'"", ""trace"": ""Traceback (most recent call last):\n  File \""C:\\Users\\asus\\AppData\\Local\\Temp\\bench_runner_pandvfal\\runner.py\"", line 20, in main\n    res = decimal_gemm_naive(A, B, mul_algo=algo, cutoff=cutoff, return_counters=True)\n          ^^^^^^^^^^^^^^^^^^^^^^^^^^^^^^^^^^^^^^^^^^^^^^^^^^^^^^^^^^^^^^^^^^^^^^^^^^^^\n  File \""D:\\decimal_computer\\decimal_gemm.py\"", line 171, in decimal_gemm_naive\n    C = schoolbook_gemm(A, B, counters=counters)\n        ^^^^^^^^^^^^^^^^^^^^^^^^^^^^^^^^^^^^^^^^\n  File \""D:\\decimal_computer\\decimal_gemm.py\"", line 73, in schoolbook_gemm\n    a = _to_numpy_int_matrix(A)\n        ^^^^^^^^^^^^^^^^^^^^^^^\n  File \""D:\\decimal_computer\\decimal_gemm.py\"", line 60, in _to_numpy_int_matrix\n    return np.array([[int(x) for x in row] for row in M], dtype=np.int64)\n                    ^^^^^^^^^^^^^^^^^^^^^^^^^^^^^^^^^^^^\n  File \""D:\\decimal_computer\\decimal_gemm.py\"", line 60, in <listcomp>\n    return np.array([[int(x) for x in row] for row in M], dtype=np.int64)\n                     ^^^^^^^^^^^^^^^^^^^^^\n  File \""D:\\decimal_computer\\decimal_gemm.py\"", line 60, in <listcomp>\n    return np.array([[int(x) for x in row] for row in M], dtype=np.int64)\n                      ^^^^^^\nTypeError: int() argument must be a string, a bytes-like object or a real number, not 'list'\n"", ""elapsed"": 0.00013790000048174988}",[decimal_gemm] auto-selected algo='schoolbook' max_digit_len=None cutoff=None,2025-10-01T09:46:23Z,LAPTOP-PNEMF9C4,14992
4,4,auto,0,0.00015470000016648555,,,"int() argument must be a string, a bytes-like object or a real number, not 'list'",0,,,"{""ok"": false, ""error"": ""int() argument must be a string, a bytes-like object or a real number, not 'list'"", ""trace"": ""Traceback (most recent call last):\n  File \""C:\\Users\\asus\\AppData\\Local\\Temp\\bench_runner_fyidx4uv\\runner.py\"", line 20, in main\n    res = decimal_gemm_naive(A, B, mul_algo=algo, cutoff=cutoff, return_counters=True)\n          ^^^^^^^^^^^^^^^^^^^^^^^^^^^^^^^^^^^^^^^^^^^^^^^^^^^^^^^^^^^^^^^^^^^^^^^^^^^^\n  File \""D:\\decimal_computer\\decimal_gemm.py\"", line 171, in decimal_gemm_naive\n    C = schoolbook_gemm(A, B, counters=counters)\n        ^^^^^^^^^^^^^^^^^^^^^^^^^^^^^^^^^^^^^^^^\n  File \""D:\\decimal_computer\\decimal_gemm.py\"", line 73, in schoolbook_gemm\n    a = _to_numpy_int_matrix(A)\n        ^^^^^^^^^^^^^^^^^^^^^^^\n  File \""D:\\decimal_computer\\decimal_gemm.py\"", line 60, in _to_numpy_int_matrix\n    return np.array([[int(x) for x in row] for row in M], dtype=np.int64)\n                    ^^^^^^^^^^^^^^^^^^^^^^^^^^^^^^^^^^^^\n  File \""D:\\decimal_computer\\decimal_gemm.py\"", line 60, in <listcomp>\n    return np.array([[int(x) for x in row] for row in M], dtype=np.int64)\n                     ^^^^^^^^^^^^^^^^^^^^^\n  File \""D:\\decimal_computer\\decimal_gemm.py\"", line 60, in <listcomp>\n    return np.array([[int(x) for x in row] for row in M], dtype=np.int64)\n                      ^^^^^^\nTypeError: int() argument must be a string, a bytes-like object or a real number, not 'list'\n"", ""elapsed"": 0.00015470000016648555}",[decimal_gemm] auto-selected algo='schoolbook' max_digit_len=None cutoff=None,2025-10-01T09:53:41Z,LAPTOP-PNEMF9C4,5504
4,4,auto,0,0.00011749999976018444,,,"int() argument must be a string, a bytes-like object or a real number, not 'list'",0,,,"{""ok"": false, ""error"": ""int() argument must be a string, a bytes-like object or a real number, not 'list'"", ""trace"": ""Traceback (most recent call last):\n  File \""C:\\Users\\asus\\AppData\\Local\\Temp\\bench_runner_m6h_44i9\\runner.py\"", line 20, in main\n    res = decimal_gemm_naive(A, B, mul_algo=algo, cutoff=cutoff, return_counters=True)\n          ^^^^^^^^^^^^^^^^^^^^^^^^^^^^^^^^^^^^^^^^^^^^^^^^^^^^^^^^^^^^^^^^^^^^^^^^^^^^\n  File \""D:\\decimal_computer\\decimal_gemm.py\"", line 171, in decimal_gemm_naive\n    C = schoolbook_gemm(A, B, counters=counters)\n        ^^^^^^^^^^^^^^^^^^^^^^^^^^^^^^^^^^^^^^^^\n  File \""D:\\decimal_computer\\decimal_gemm.py\"", line 73, in schoolbook_gemm\n    a = _to_numpy_int_matrix(A)\n        ^^^^^^^^^^^^^^^^^^^^^^^\n  File \""D:\\decimal_computer\\decimal_gemm.py\"", line 60, in _to_numpy_int_matrix\n    return np.array([[int(x) for x in row] for row in M], dtype=np.int64)\n                    ^^^^^^^^^^^^^^^^^^^^^^^^^^^^^^^^^^^^\n  File \""D:\\decimal_computer\\decimal_gemm.py\"", line 60, in <listcomp>\n    return np.array([[int(x) for x in row] for row in M], dtype=np.int64)\n                     ^^^^^^^^^^^^^^^^^^^^^\n  File \""D:\\decimal_computer\\decimal_gemm.py\"", line 60, in <listcomp>\n    return np.array([[int(x) for x in row] for row in M], dtype=np.int64)\n                      ^^^^^^\nTypeError: int() argument must be a string, a bytes-like object or a real number, not 'list'\n"", ""elapsed"": 0.00011749999976018444}",[decimal_gemm] auto-selected algo='schoolbook' max_digit_len=None cutoff=None,2025-10-01T09:53:54Z,LAPTOP-PNEMF9C4,19796
4,4,auto,0,0.014423299999180017,,,"runner_error:Traceback (most recent call last):
  File ""C:\Users\asus\AppData\Local\Temp\bench_runner_m4w0p9d5\runner.py"", line 30, in <module>
    C, counters = decimal_gemm_naive(A, B, mul_algo=algo, cutoff=cutoff, return_counters=True)
                  ^^^^^^^^^^^^^^^^^^^^^^^^^^^^^^^^^^^^^^^^^^^^^^^^^^^^^^^^^^^^^^^^^^^^^^^^^^^^
  File ""D:\decimal_computer\decimal_gemm.py"", line 171, in decimal_gemm_naive
    C = schoolbook_gemm(A, B, counters=counters)
        ^^^^^^^^^^^^^^^^^^^^^^^^^^^^^^^^^^^^^^^^
  File ""D:\decimal_computer\decimal_gemm.py"", line 73, in schoolbook_gemm
    a = _to_numpy_int_matrix(A)
        ^^^^^^^^^^^^^^^^^^^^^^^
  File ""D:\decimal_computer\decimal_gemm.py"", line 60, in _to_numpy_int_matrix
    return np.array([[int(x) for x in row] for row in M], dtype=np.int64)
                    ^^^^^^^^^^^^^^^^^^^^^^^^^^^^^^^^^^^^
  File ""D:\decimal_computer\decimal_gemm.py"", line 60, in <listcomp>
    return np.array([[int(x) for x in row] for row in M], dtype=np.int64)
                     ^^^^^^^^^^^^^^^^^^^^^
  File ""D:\decimal_computer\decimal_gemm.py"", line 60, in <listcomp>
    return np.array([[int(x) for x in row] for row in M], dtype=np.int64)
                      ^^^^^^
TypeError: int() argument must be a string, a bytes-like object or a real number, not 'list'

During handling of the above exception, another exception occurred:

Traceback (most recent call last):
  File ""C:\Users\asus\AppData\Local\Temp\bench_runner_m4w0p9d5\runner.py"", line 33, in <module>
    res = decimal_gemm_naive(A, B, mul_algo=algo, cutoff=cutoff)
          ^^^^^^^^^^^^^^^^^^^^^^^^^^^^^^^^^^^^^^^^^^^^^^^^^^^^^^
  File ""D:\decimal_computer\decimal_gemm.py"", line 171, in decimal_gemm_naive
    C = schoolbook_gemm(A, B, counters=counters)
        ^^^^^^^^^^^^^^^^^^^^^^^^^^^^^^^^^^^^^^^^
  File ""D:\decimal_computer\decimal_gemm.py"", line 73, in schoolbook_gemm
    a = _to_numpy_int_matrix(A)
        ^^^^^^^^^^^^^^^^^^^^^^^
  File ""D:\decimal_computer\decimal_gemm.py"", line 60, in _to_numpy_int_matrix
    return np.array([[int(x) for x in row] for row in M], dtype=np.int64)
                    ^^^^^^^^^^^^^^^^^^^^^^^^^^^^^^^^^^^^
  File ""D:\decimal_computer\decimal_gemm.py"", line 60, in <listcomp>
    return np.array([[int(x) for x in row] for row in M], dtype=np.int64)
                     ^^^^^^^^^^^^^^^^^^^^^
  File ""D:\decimal_computer\decimal_gemm.py"", line 60, in <listcomp>
    return np.array([[int(x) for x in row] for row in M], dtype=np.int64)
                      ^^^^^^
TypeError: int() argument must be a string, a bytes-like object or a real number, not 'list'
",4,,,"{""ok"": false, ""error"": ""call_failed"", ""trace"": ""Traceback (most recent call last):\n  File \""C:\\Users\\asus\\AppData\\Local\\Temp\\bench_runner_m4w0p9d5\\runner.py\"", line 30, in <module>\n    C, counters = decimal_gemm_naive(A, B, mul_algo=algo, cutoff=cutoff, return_counters=True)\n                  ^^^^^^^^^^^^^^^^^^^^^^^^^^^^^^^^^^^^^^^^^^^^^^^^^^^^^^^^^^^^^^^^^^^^^^^^^^^^\n  File \""D:\\decimal_computer\\decimal_gemm.py\"", line 171, in decimal_gemm_naive\n    C = schoolbook_gemm(A, B, counters=counters)\n        ^^^^^^^^^^^^^^^^^^^^^^^^^^^^^^^^^^^^^^^^\n  File \""D:\\decimal_computer\\decimal_gemm.py\"", line 73, in schoolbook_gemm\n    a = _to_numpy_int_matrix(A)\n        ^^^^^^^^^^^^^^^^^^^^^^^\n  File \""D:\\decimal_computer\\decimal_gemm.py\"", line 60, in _to_numpy_int_matrix\n    return np.array([[int(x) for x in row] for row in M], dtype=np.int64)\n                    ^^^^^^^^^^^^^^^^^^^^^^^^^^^^^^^^^^^^\n  File \""D:\\decimal_computer\\decimal_gemm.py\"", line 60, in <listcomp>\n    return np.array([[int(x) for x in row] for row in M], dtype=np.int64)\n                     ^^^^^^^^^^^^^^^^^^^^^\n  File \""D:\\decimal_computer\\decimal_gemm.py\"", line 60, in <listcomp>\n    return np.array([[int(x) for x in row] for row in M], dtype=np.int64)\n                      ^^^^^^\nTypeError: int() argument must be a string, a bytes-like object or a real number, not 'list'\n\nDuring handling of the above exception, another exception occurred:\n\nTraceback (most recent call last):\n  File \""C:\\Users\\asus\\AppData\\Local\\Temp\\bench_runner_m4w0p9d5\\runner.py\"", line 33, in <module>\n    res = decimal_gemm_naive(A, B, mul_algo=algo, cutoff=cutoff)\n          ^^^^^^^^^^^^^^^^^^^^^^^^^^^^^^^^^^^^^^^^^^^^^^^^^^^^^^\n  File \""D:\\decimal_computer\\decimal_gemm.py\"", line 171, in decimal_gemm_naive\n    C = schoolbook_gemm(A, B, counters=counters)\n        ^^^^^^^^^^^^^^^^^^^^^^^^^^^^^^^^^^^^^^^^\n  File \""D:\\decimal_computer\\decimal_gemm.py\"", line 73, in schoolbook_gemm\n    a = _to_numpy_int_matrix(A)\n        ^^^^^^^^^^^^^^^^^^^^^^^\n  File \""D:\\decimal_computer\\decimal_gemm.py\"", line 60, in _to_numpy_int_matrix\n    return np.array([[int(x) for x in row] for row in M], dtype=np.int64)\n                    ^^^^^^^^^^^^^^^^^^^^^^^^^^^^^^^^^^^^\n  File \""D:\\decimal_computer\\decimal_gemm.py\"", line 60, in <listcomp>\n    return np.array([[int(x) for x in row] for row in M], dtype=np.int64)\n                     ^^^^^^^^^^^^^^^^^^^^^\n  File \""D:\\decimal_computer\\decimal_gemm.py\"", line 60, in <listcomp>\n    return np.array([[int(x) for x in row] for row in M], dtype=np.int64)\n                      ^^^^^^\nTypeError: int() argument must be a string, a bytes-like object or a real number, not 'list'\n"", ""elapsed"": 0.014423299999180017}","[decimal_gemm] auto-selected algo='schoolbook' max_digit_len=None cutoff=None
[decimal_gemm] auto-selected algo='schoolbook' max_digit_len=None cutoff=None",2025-10-01T11:23:47Z,LAPTOP-PNEMF9C4,20564
4,4,auto,0,0.0023443999998562504,,,"runner_error:Traceback (most recent call last):
  File ""C:\Users\asus\AppData\Local\Temp\bench_runner_bifd6pru\runner.py"", line 30, in <module>
    C, counters = decimal_gemm_naive(A, B, mul_algo=algo, cutoff=cutoff, return_counters=True)
                  ^^^^^^^^^^^^^^^^^^^^^^^^^^^^^^^^^^^^^^^^^^^^^^^^^^^^^^^^^^^^^^^^^^^^^^^^^^^^
  File ""D:\decimal_computer\decimal_gemm.py"", line 171, in decimal_gemm_naive
    C = schoolbook_gemm(A, B, counters=counters)
        ^^^^^^^^^^^^^^^^^^^^^^^^^^^^^^^^^^^^^^^^
  File ""D:\decimal_computer\decimal_gemm.py"", line 73, in schoolbook_gemm
    a = _to_numpy_int_matrix(A)
        ^^^^^^^^^^^^^^^^^^^^^^^
  File ""D:\decimal_computer\decimal_gemm.py"", line 60, in _to_numpy_int_matrix
    return np.array([[int(x) for x in row] for row in M], dtype=np.int64)
                    ^^^^^^^^^^^^^^^^^^^^^^^^^^^^^^^^^^^^
  File ""D:\decimal_computer\decimal_gemm.py"", line 60, in <listcomp>
    return np.array([[int(x) for x in row] for row in M], dtype=np.int64)
                     ^^^^^^^^^^^^^^^^^^^^^
  File ""D:\decimal_computer\decimal_gemm.py"", line 60, in <listcomp>
    return np.array([[int(x) for x in row] for row in M], dtype=np.int64)
                      ^^^^^^
TypeError: int() argument must be a string, a bytes-like object or a real number, not 'list'

During handling of the above exception, another exception occurred:

Traceback (most recent call last):
  File ""C:\Users\asus\AppData\Local\Temp\bench_runner_bifd6pru\runner.py"", line 33, in <module>
    res = decimal_gemm_naive(A, B, mul_algo=algo, cutoff=cutoff)
          ^^^^^^^^^^^^^^^^^^^^^^^^^^^^^^^^^^^^^^^^^^^^^^^^^^^^^^
  File ""D:\decimal_computer\decimal_gemm.py"", line 171, in decimal_gemm_naive
    C = schoolbook_gemm(A, B, counters=counters)
        ^^^^^^^^^^^^^^^^^^^^^^^^^^^^^^^^^^^^^^^^
  File ""D:\decimal_computer\decimal_gemm.py"", line 73, in schoolbook_gemm
    a = _to_numpy_int_matrix(A)
        ^^^^^^^^^^^^^^^^^^^^^^^
  File ""D:\decimal_computer\decimal_gemm.py"", line 60, in _to_numpy_int_matrix
    return np.array([[int(x) for x in row] for row in M], dtype=np.int64)
                    ^^^^^^^^^^^^^^^^^^^^^^^^^^^^^^^^^^^^
  File ""D:\decimal_computer\decimal_gemm.py"", line 60, in <listcomp>
    return np.array([[int(x) for x in row] for row in M], dtype=np.int64)
                     ^^^^^^^^^^^^^^^^^^^^^
  File ""D:\decimal_computer\decimal_gemm.py"", line 60, in <listcomp>
    return np.array([[int(x) for x in row] for row in M], dtype=np.int64)
                      ^^^^^^
TypeError: int() argument must be a string, a bytes-like object or a real number, not 'list'
",4,,,"{""ok"": false, ""error"": ""call_failed"", ""trace"": ""Traceback (most recent call last):\n  File \""C:\\Users\\asus\\AppData\\Local\\Temp\\bench_runner_bifd6pru\\runner.py\"", line 30, in <module>\n    C, counters = decimal_gemm_naive(A, B, mul_algo=algo, cutoff=cutoff, return_counters=True)\n                  ^^^^^^^^^^^^^^^^^^^^^^^^^^^^^^^^^^^^^^^^^^^^^^^^^^^^^^^^^^^^^^^^^^^^^^^^^^^^\n  File \""D:\\decimal_computer\\decimal_gemm.py\"", line 171, in decimal_gemm_naive\n    C = schoolbook_gemm(A, B, counters=counters)\n        ^^^^^^^^^^^^^^^^^^^^^^^^^^^^^^^^^^^^^^^^\n  File \""D:\\decimal_computer\\decimal_gemm.py\"", line 73, in schoolbook_gemm\n    a = _to_numpy_int_matrix(A)\n        ^^^^^^^^^^^^^^^^^^^^^^^\n  File \""D:\\decimal_computer\\decimal_gemm.py\"", line 60, in _to_numpy_int_matrix\n    return np.array([[int(x) for x in row] for row in M], dtype=np.int64)\n                    ^^^^^^^^^^^^^^^^^^^^^^^^^^^^^^^^^^^^\n  File \""D:\\decimal_computer\\decimal_gemm.py\"", line 60, in <listcomp>\n    return np.array([[int(x) for x in row] for row in M], dtype=np.int64)\n                     ^^^^^^^^^^^^^^^^^^^^^\n  File \""D:\\decimal_computer\\decimal_gemm.py\"", line 60, in <listcomp>\n    return np.array([[int(x) for x in row] for row in M], dtype=np.int64)\n                      ^^^^^^\nTypeError: int() argument must be a string, a bytes-like object or a real number, not 'list'\n\nDuring handling of the above exception, another exception occurred:\n\nTraceback (most recent call last):\n  File \""C:\\Users\\asus\\AppData\\Local\\Temp\\bench_runner_bifd6pru\\runner.py\"", line 33, in <module>\n    res = decimal_gemm_naive(A, B, mul_algo=algo, cutoff=cutoff)\n          ^^^^^^^^^^^^^^^^^^^^^^^^^^^^^^^^^^^^^^^^^^^^^^^^^^^^^^\n  File \""D:\\decimal_computer\\decimal_gemm.py\"", line 171, in decimal_gemm_naive\n    C = schoolbook_gemm(A, B, counters=counters)\n        ^^^^^^^^^^^^^^^^^^^^^^^^^^^^^^^^^^^^^^^^\n  File \""D:\\decimal_computer\\decimal_gemm.py\"", line 73, in schoolbook_gemm\n    a = _to_numpy_int_matrix(A)\n        ^^^^^^^^^^^^^^^^^^^^^^^\n  File \""D:\\decimal_computer\\decimal_gemm.py\"", line 60, in _to_numpy_int_matrix\n    return np.array([[int(x) for x in row] for row in M], dtype=np.int64)\n                    ^^^^^^^^^^^^^^^^^^^^^^^^^^^^^^^^^^^^\n  File \""D:\\decimal_computer\\decimal_gemm.py\"", line 60, in <listcomp>\n    return np.array([[int(x) for x in row] for row in M], dtype=np.int64)\n                     ^^^^^^^^^^^^^^^^^^^^^\n  File \""D:\\decimal_computer\\decimal_gemm.py\"", line 60, in <listcomp>\n    return np.array([[int(x) for x in row] for row in M], dtype=np.int64)\n                      ^^^^^^\nTypeError: int() argument must be a string, a bytes-like object or a real number, not 'list'\n"", ""elapsed"": 0.0023443999998562504}","[decimal_gemm] auto-selected algo='schoolbook' max_digit_len=None cutoff=None
[decimal_gemm] auto-selected algo='schoolbook' max_digit_len=None cutoff=None",2025-10-01T11:32:04Z,LAPTOP-PNEMF9C4,27792
4,4,auto,0,0.0,,,"runner_error: Traceback (most recent call last):
  File ""C:\Users\asus\AppData\Local\Temp\bench_runner_5ud4kti0\runner.py"", line 21, in <module>
    res = decimal_gemm_naive(A, B, mul_algo=algo, cutoff=cutoff, return_counters=True)
          ^^^^^^^^^^^^^^^^^^^^^^^^^^^^^^^^^^^^^^^^^^^^^^^^^^^^^^^^^^^^^^^^^^^^^^^^^^^^
  File ""D:\decimal_computer\decimal_gemm.py"", line 171, in decimal_gemm_naive
    C = schoolbook_gemm(A, B, counters=counters)
        ^^^^^^^^^^^^^^^^^^^^^^^^^^^^^^^^^^^^^^^^
  File ""D:\decimal_computer\decimal_gemm.py"", line 73, in schoolbook_gemm
    a = _to_numpy_int_matrix(A)
        ^^^^^^^^^^^^^^^^^^^^^^^
  File ""D:\decimal_computer\decimal_gemm.py"", line 60, in _to_numpy_int_matrix
    return np.array([[int(x) for x in row] for row in M], dtype=np.int64)
                    ^^^^^^^^^^^^^^^^^^^^^^^^^^^^^^^^^^^^
  File ""D:\decimal_computer\decimal_gemm.py"", line 60, in <listcomp>
    return np.array([[int(x) for x in row] for row in M], dtype=np.int64)
                     ^^^^^^^^^^^^^^^^^^^^^
  File ""D:\decimal_computer\decimal_gemm.py"", line 60, in <listcomp>
    return np.array([[int(x) for x in row] for row in M], dtype=np.int64)
                      ^^^^^^
TypeError: int() argument must be a string, a bytes-like object or a real number, not 'list'

During handling of the above exception, another exception occurred:

Traceback (most recent call last):
  File ""C:\Users\asus\AppData\Local\Temp\bench_runner_5ud4kti0\runner.py"", line 24, in <module>
    res = decimal_gemm_naive(A, B, mul_algo=algo, cutoff=cutoff)
          ^^^^^^^^^^^^^^^^^^^^^^^^^^^^^^^^^^^^^^^^^^^^^^^^^^^^^^
  File ""D:\decimal_computer\decimal_gemm.py"", line 171, in decimal_gemm_naive
    C = schoolbook_gemm(A, B, counters=counters)
        ^^^^^^^^^^^^^^^^^^^^^^^^^^^^^^^^^^^^^^^^
  File ""D:\decimal_computer\decimal_gemm.py"", line 73, in schoolbook_gemm
    a = _to_numpy_int_matrix(A)
        ^^^^^^^^^^^^^^^^^^^^^^^
  File ""D:\decimal_computer\decimal_gemm.py"", line 60, in _to_numpy_int_matrix
    return np.array([[int(x) for x in row] for row in M], dtype=np.int64)
                    ^^^^^^^^^^^^^^^^^^^^^^^^^^^^^^^^^^^^
  File ""D:\decimal_computer\decimal_gemm.py"", line 60, in <listcomp>
    return np.array([[int(x) for x in row] for row in M], dtype=np.int64)
                     ^^^^^^^^^^^^^^^^^^^^^
  File ""D:\decimal_computer\decimal_gemm.py"", line 60, in <listcomp>
    return np.array([[int(x) for x in row] for row in M], dtype=np.int64)
                      ^^^^^^
TypeError: int() argument must be a string, a bytes-like object or a real number, not 'list'
",4,,,"{""ok"": false, ""error"": ""call_failed"", ""trace"": ""Traceback (most recent call last):\n  File \""C:\\Users\\asus\\AppData\\Local\\Temp\\bench_runner_5ud4kti0\\runner.py\"", line 21, in <module>\n    res = decimal_gemm_naive(A, B, mul_algo=algo, cutoff=cutoff, return_counters=True)\n          ^^^^^^^^^^^^^^^^^^^^^^^^^^^^^^^^^^^^^^^^^^^^^^^^^^^^^^^^^^^^^^^^^^^^^^^^^^^^\n  File \""D:\\decimal_computer\\decimal_gemm.py\"", line 171, in decimal_gemm_naive\n    C = schoolbook_gemm(A, B, counters=counters)\n        ^^^^^^^^^^^^^^^^^^^^^^^^^^^^^^^^^^^^^^^^\n  File \""D:\\decimal_computer\\decimal_gemm.py\"", line 73, in schoolbook_gemm\n    a = _to_numpy_int_matrix(A)\n        ^^^^^^^^^^^^^^^^^^^^^^^\n  File \""D:\\decimal_computer\\decimal_gemm.py\"", line 60, in _to_numpy_int_matrix\n    return np.array([[int(x) for x in row] for row in M], dtype=np.int64)\n                    ^^^^^^^^^^^^^^^^^^^^^^^^^^^^^^^^^^^^\n  File \""D:\\decimal_computer\\decimal_gemm.py\"", line 60, in <listcomp>\n    return np.array([[int(x) for x in row] for row in M], dtype=np.int64)\n                     ^^^^^^^^^^^^^^^^^^^^^\n  File \""D:\\decimal_computer\\decimal_gemm.py\"", line 60, in <listcomp>\n    return np.array([[int(x) for x in row] for row in M], dtype=np.int64)\n                      ^^^^^^\nTypeError: int() argument must be a string, a bytes-like object or a real number, not 'list'\n\nDuring handling of the above exception, another exception occurred:\n\nTraceback (most recent call last):\n  File \""C:\\Users\\asus\\AppData\\Local\\Temp\\bench_runner_5ud4kti0\\runner.py\"", line 24, in <module>\n    res = decimal_gemm_naive(A, B, mul_algo=algo, cutoff=cutoff)\n          ^^^^^^^^^^^^^^^^^^^^^^^^^^^^^^^^^^^^^^^^^^^^^^^^^^^^^^\n  File \""D:\\decimal_computer\\decimal_gemm.py\"", line 171, in decimal_gemm_naive\n    C = schoolbook_gemm(A, B, counters=counters)\n        ^^^^^^^^^^^^^^^^^^^^^^^^^^^^^^^^^^^^^^^^\n  File \""D:\\decimal_computer\\decimal_gemm.py\"", line 73, in schoolbook_gemm\n    a = _to_numpy_int_matrix(A)\n        ^^^^^^^^^^^^^^^^^^^^^^^\n  File \""D:\\decimal_computer\\decimal_gemm.py\"", line 60, in _to_numpy_int_matrix\n    return np.array([[int(x) for x in row] for row in M], dtype=np.int64)\n                    ^^^^^^^^^^^^^^^^^^^^^^^^^^^^^^^^^^^^\n  File \""D:\\decimal_computer\\decimal_gemm.py\"", line 60, in <listcomp>\n    return np.array([[int(x) for x in row] for row in M], dtype=np.int64)\n                     ^^^^^^^^^^^^^^^^^^^^^\n  File \""D:\\decimal_computer\\decimal_gemm.py\"", line 60, in <listcomp>\n    return np.array([[int(x) for x in row] for row in M], dtype=np.int64)\n                      ^^^^^^\nTypeError: int() argument must be a string, a bytes-like object or a real number, not 'list'\n""}
","[decimal_gemm] auto-selected algo='schoolbook' max_digit_len=None cutoff=None
[decimal_gemm] auto-selected algo='schoolbook' max_digit_len=None cutoff=None
"
4,4,auto,1,0.0,,,"runner_error: Traceback (most recent call last):
  File ""C:\Users\asus\AppData\Local\Temp\bench_runner_1ixf_b31\runner.py"", line 21, in <module>
    res = decimal_gemm_naive(A, B, mul_algo=algo, cutoff=cutoff, return_counters=True)
          ^^^^^^^^^^^^^^^^^^^^^^^^^^^^^^^^^^^^^^^^^^^^^^^^^^^^^^^^^^^^^^^^^^^^^^^^^^^^
  File ""D:\decimal_computer\decimal_gemm.py"", line 171, in decimal_gemm_naive
    C = schoolbook_gemm(A, B, counters=counters)
        ^^^^^^^^^^^^^^^^^^^^^^^^^^^^^^^^^^^^^^^^
  File ""D:\decimal_computer\decimal_gemm.py"", line 73, in schoolbook_gemm
    a = _to_numpy_int_matrix(A)
        ^^^^^^^^^^^^^^^^^^^^^^^
  File ""D:\decimal_computer\decimal_gemm.py"", line 60, in _to_numpy_int_matrix
    return np.array([[int(x) for x in row] for row in M], dtype=np.int64)
                    ^^^^^^^^^^^^^^^^^^^^^^^^^^^^^^^^^^^^
  File ""D:\decimal_computer\decimal_gemm.py"", line 60, in <listcomp>
    return np.array([[int(x) for x in row] for row in M], dtype=np.int64)
                     ^^^^^^^^^^^^^^^^^^^^^
  File ""D:\decimal_computer\decimal_gemm.py"", line 60, in <listcomp>
    return np.array([[int(x) for x in row] for row in M], dtype=np.int64)
                      ^^^^^^
TypeError: int() argument must be a string, a bytes-like object or a real number, not 'list'

During handling of the above exception, another exception occurred:

Traceback (most recent call last):
  File ""C:\Users\asus\AppData\Local\Temp\bench_runner_1ixf_b31\runner.py"", line 24, in <module>
    res = decimal_gemm_naive(A, B, mul_algo=algo, cutoff=cutoff)
          ^^^^^^^^^^^^^^^^^^^^^^^^^^^^^^^^^^^^^^^^^^^^^^^^^^^^^^
  File ""D:\decimal_computer\decimal_gemm.py"", line 171, in decimal_gemm_naive
    C = schoolbook_gemm(A, B, counters=counters)
        ^^^^^^^^^^^^^^^^^^^^^^^^^^^^^^^^^^^^^^^^
  File ""D:\decimal_computer\decimal_gemm.py"", line 73, in schoolbook_gemm
    a = _to_numpy_int_matrix(A)
        ^^^^^^^^^^^^^^^^^^^^^^^
  File ""D:\decimal_computer\decimal_gemm.py"", line 60, in _to_numpy_int_matrix
    return np.array([[int(x) for x in row] for row in M], dtype=np.int64)
                    ^^^^^^^^^^^^^^^^^^^^^^^^^^^^^^^^^^^^
  File ""D:\decimal_computer\decimal_gemm.py"", line 60, in <listcomp>
    return np.array([[int(x) for x in row] for row in M], dtype=np.int64)
                     ^^^^^^^^^^^^^^^^^^^^^
  File ""D:\decimal_computer\decimal_gemm.py"", line 60, in <listcomp>
    return np.array([[int(x) for x in row] for row in M], dtype=np.int64)
                      ^^^^^^
TypeError: int() argument must be a string, a bytes-like object or a real number, not 'list'
",4,,,"{""ok"": false, ""error"": ""call_failed"", ""trace"": ""Traceback (most recent call last):\n  File \""C:\\Users\\asus\\AppData\\Local\\Temp\\bench_runner_1ixf_b31\\runner.py\"", line 21, in <module>\n    res = decimal_gemm_naive(A, B, mul_algo=algo, cutoff=cutoff, return_counters=True)\n          ^^^^^^^^^^^^^^^^^^^^^^^^^^^^^^^^^^^^^^^^^^^^^^^^^^^^^^^^^^^^^^^^^^^^^^^^^^^^\n  File \""D:\\decimal_computer\\decimal_gemm.py\"", line 171, in decimal_gemm_naive\n    C = schoolbook_gemm(A, B, counters=counters)\n        ^^^^^^^^^^^^^^^^^^^^^^^^^^^^^^^^^^^^^^^^\n  File \""D:\\decimal_computer\\decimal_gemm.py\"", line 73, in schoolbook_gemm\n    a = _to_numpy_int_matrix(A)\n        ^^^^^^^^^^^^^^^^^^^^^^^\n  File \""D:\\decimal_computer\\decimal_gemm.py\"", line 60, in _to_numpy_int_matrix\n    return np.array([[int(x) for x in row] for row in M], dtype=np.int64)\n                    ^^^^^^^^^^^^^^^^^^^^^^^^^^^^^^^^^^^^\n  File \""D:\\decimal_computer\\decimal_gemm.py\"", line 60, in <listcomp>\n    return np.array([[int(x) for x in row] for row in M], dtype=np.int64)\n                     ^^^^^^^^^^^^^^^^^^^^^\n  File \""D:\\decimal_computer\\decimal_gemm.py\"", line 60, in <listcomp>\n    return np.array([[int(x) for x in row] for row in M], dtype=np.int64)\n                      ^^^^^^\nTypeError: int() argument must be a string, a bytes-like object or a real number, not 'list'\n\nDuring handling of the above exception, another exception occurred:\n\nTraceback (most recent call last):\n  File \""C:\\Users\\asus\\AppData\\Local\\Temp\\bench_runner_1ixf_b31\\runner.py\"", line 24, in <module>\n    res = decimal_gemm_naive(A, B, mul_algo=algo, cutoff=cutoff)\n          ^^^^^^^^^^^^^^^^^^^^^^^^^^^^^^^^^^^^^^^^^^^^^^^^^^^^^^\n  File \""D:\\decimal_computer\\decimal_gemm.py\"", line 171, in decimal_gemm_naive\n    C = schoolbook_gemm(A, B, counters=counters)\n        ^^^^^^^^^^^^^^^^^^^^^^^^^^^^^^^^^^^^^^^^\n  File \""D:\\decimal_computer\\decimal_gemm.py\"", line 73, in schoolbook_gemm\n    a = _to_numpy_int_matrix(A)\n        ^^^^^^^^^^^^^^^^^^^^^^^\n  File \""D:\\decimal_computer\\decimal_gemm.py\"", line 60, in _to_numpy_int_matrix\n    return np.array([[int(x) for x in row] for row in M], dtype=np.int64)\n                    ^^^^^^^^^^^^^^^^^^^^^^^^^^^^^^^^^^^^\n  File \""D:\\decimal_computer\\decimal_gemm.py\"", line 60, in <listcomp>\n    return np.array([[int(x) for x in row] for row in M], dtype=np.int64)\n                     ^^^^^^^^^^^^^^^^^^^^^\n  File \""D:\\decimal_computer\\decimal_gemm.py\"", line 60, in <listcomp>\n    return np.array([[int(x) for x in row] for row in M], dtype=np.int64)\n                      ^^^^^^\nTypeError: int() argument must be a string, a bytes-like object or a real number, not 'list'\n""}
","[decimal_gemm] auto-selected algo='schoolbook' max_digit_len=None cutoff=None
[decimal_gemm] auto-selected algo='schoolbook' max_digit_len=None cutoff=None
"
4,4,schoolbook,0,0.0,,,"runner_error: Traceback (most recent call last):
  File ""C:\Users\asus\AppData\Local\Temp\bench_runner_v51dj2ys\runner.py"", line 21, in <module>
    res = decimal_gemm_naive(A, B, mul_algo=algo, cutoff=cutoff, return_counters=True)
          ^^^^^^^^^^^^^^^^^^^^^^^^^^^^^^^^^^^^^^^^^^^^^^^^^^^^^^^^^^^^^^^^^^^^^^^^^^^^
  File ""D:\decimal_computer\decimal_gemm.py"", line 171, in decimal_gemm_naive
    C = schoolbook_gemm(A, B, counters=counters)
        ^^^^^^^^^^^^^^^^^^^^^^^^^^^^^^^^^^^^^^^^
  File ""D:\decimal_computer\decimal_gemm.py"", line 73, in schoolbook_gemm
    a = _to_numpy_int_matrix(A)
        ^^^^^^^^^^^^^^^^^^^^^^^
  File ""D:\decimal_computer\decimal_gemm.py"", line 60, in _to_numpy_int_matrix
    return np.array([[int(x) for x in row] for row in M], dtype=np.int64)
                    ^^^^^^^^^^^^^^^^^^^^^^^^^^^^^^^^^^^^
  File ""D:\decimal_computer\decimal_gemm.py"", line 60, in <listcomp>
    return np.array([[int(x) for x in row] for row in M], dtype=np.int64)
                     ^^^^^^^^^^^^^^^^^^^^^
  File ""D:\decimal_computer\decimal_gemm.py"", line 60, in <listcomp>
    return np.array([[int(x) for x in row] for row in M], dtype=np.int64)
                      ^^^^^^
TypeError: int() argument must be a string, a bytes-like object or a real number, not 'list'

During handling of the above exception, another exception occurred:

Traceback (most recent call last):
  File ""C:\Users\asus\AppData\Local\Temp\bench_runner_v51dj2ys\runner.py"", line 24, in <module>
    res = decimal_gemm_naive(A, B, mul_algo=algo, cutoff=cutoff)
          ^^^^^^^^^^^^^^^^^^^^^^^^^^^^^^^^^^^^^^^^^^^^^^^^^^^^^^
  File ""D:\decimal_computer\decimal_gemm.py"", line 171, in decimal_gemm_naive
    C = schoolbook_gemm(A, B, counters=counters)
        ^^^^^^^^^^^^^^^^^^^^^^^^^^^^^^^^^^^^^^^^
  File ""D:\decimal_computer\decimal_gemm.py"", line 73, in schoolbook_gemm
    a = _to_numpy_int_matrix(A)
        ^^^^^^^^^^^^^^^^^^^^^^^
  File ""D:\decimal_computer\decimal_gemm.py"", line 60, in _to_numpy_int_matrix
    return np.array([[int(x) for x in row] for row in M], dtype=np.int64)
                    ^^^^^^^^^^^^^^^^^^^^^^^^^^^^^^^^^^^^
  File ""D:\decimal_computer\decimal_gemm.py"", line 60, in <listcomp>
    return np.array([[int(x) for x in row] for row in M], dtype=np.int64)
                     ^^^^^^^^^^^^^^^^^^^^^
  File ""D:\decimal_computer\decimal_gemm.py"", line 60, in <listcomp>
    return np.array([[int(x) for x in row] for row in M], dtype=np.int64)
                      ^^^^^^
TypeError: int() argument must be a string, a bytes-like object or a real number, not 'list'
",4,,,"{""ok"": false, ""error"": ""call_failed"", ""trace"": ""Traceback (most recent call last):\n  File \""C:\\Users\\asus\\AppData\\Local\\Temp\\bench_runner_v51dj2ys\\runner.py\"", line 21, in <module>\n    res = decimal_gemm_naive(A, B, mul_algo=algo, cutoff=cutoff, return_counters=True)\n          ^^^^^^^^^^^^^^^^^^^^^^^^^^^^^^^^^^^^^^^^^^^^^^^^^^^^^^^^^^^^^^^^^^^^^^^^^^^^\n  File \""D:\\decimal_computer\\decimal_gemm.py\"", line 171, in decimal_gemm_naive\n    C = schoolbook_gemm(A, B, counters=counters)\n        ^^^^^^^^^^^^^^^^^^^^^^^^^^^^^^^^^^^^^^^^\n  File \""D:\\decimal_computer\\decimal_gemm.py\"", line 73, in schoolbook_gemm\n    a = _to_numpy_int_matrix(A)\n        ^^^^^^^^^^^^^^^^^^^^^^^\n  File \""D:\\decimal_computer\\decimal_gemm.py\"", line 60, in _to_numpy_int_matrix\n    return np.array([[int(x) for x in row] for row in M], dtype=np.int64)\n                    ^^^^^^^^^^^^^^^^^^^^^^^^^^^^^^^^^^^^\n  File \""D:\\decimal_computer\\decimal_gemm.py\"", line 60, in <listcomp>\n    return np.array([[int(x) for x in row] for row in M], dtype=np.int64)\n                     ^^^^^^^^^^^^^^^^^^^^^\n  File \""D:\\decimal_computer\\decimal_gemm.py\"", line 60, in <listcomp>\n    return np.array([[int(x) for x in row] for row in M], dtype=np.int64)\n                      ^^^^^^\nTypeError: int() argument must be a string, a bytes-like object or a real number, not 'list'\n\nDuring handling of the above exception, another exception occurred:\n\nTraceback (most recent call last):\n  File \""C:\\Users\\asus\\AppData\\Local\\Temp\\bench_runner_v51dj2ys\\runner.py\"", line 24, in <module>\n    res = decimal_gemm_naive(A, B, mul_algo=algo, cutoff=cutoff)\n          ^^^^^^^^^^^^^^^^^^^^^^^^^^^^^^^^^^^^^^^^^^^^^^^^^^^^^^\n  File \""D:\\decimal_computer\\decimal_gemm.py\"", line 171, in decimal_gemm_naive\n    C = schoolbook_gemm(A, B, counters=counters)\n        ^^^^^^^^^^^^^^^^^^^^^^^^^^^^^^^^^^^^^^^^\n  File \""D:\\decimal_computer\\decimal_gemm.py\"", line 73, in schoolbook_gemm\n    a = _to_numpy_int_matrix(A)\n        ^^^^^^^^^^^^^^^^^^^^^^^\n  File \""D:\\decimal_computer\\decimal_gemm.py\"", line 60, in _to_numpy_int_matrix\n    return np.array([[int(x) for x in row] for row in M], dtype=np.int64)\n                    ^^^^^^^^^^^^^^^^^^^^^^^^^^^^^^^^^^^^\n  File \""D:\\decimal_computer\\decimal_gemm.py\"", line 60, in <listcomp>\n    return np.array([[int(x) for x in row] for row in M], dtype=np.int64)\n                     ^^^^^^^^^^^^^^^^^^^^^\n  File \""D:\\decimal_computer\\decimal_gemm.py\"", line 60, in <listcomp>\n    return np.array([[int(x) for x in row] for row in M], dtype=np.int64)\n                      ^^^^^^\nTypeError: int() argument must be a string, a bytes-like object or a real number, not 'list'\n""}
",
4,4,schoolbook,1,0.0,,,"runner_error: Traceback (most recent call last):
  File ""C:\Users\asus\AppData\Local\Temp\bench_runner_n4d5t82e\runner.py"", line 21, in <module>
    res = decimal_gemm_naive(A, B, mul_algo=algo, cutoff=cutoff, return_counters=True)
          ^^^^^^^^^^^^^^^^^^^^^^^^^^^^^^^^^^^^^^^^^^^^^^^^^^^^^^^^^^^^^^^^^^^^^^^^^^^^
  File ""D:\decimal_computer\decimal_gemm.py"", line 171, in decimal_gemm_naive
    C = schoolbook_gemm(A, B, counters=counters)
        ^^^^^^^^^^^^^^^^^^^^^^^^^^^^^^^^^^^^^^^^
  File ""D:\decimal_computer\decimal_gemm.py"", line 73, in schoolbook_gemm
    a = _to_numpy_int_matrix(A)
        ^^^^^^^^^^^^^^^^^^^^^^^
  File ""D:\decimal_computer\decimal_gemm.py"", line 60, in _to_numpy_int_matrix
    return np.array([[int(x) for x in row] for row in M], dtype=np.int64)
                    ^^^^^^^^^^^^^^^^^^^^^^^^^^^^^^^^^^^^
  File ""D:\decimal_computer\decimal_gemm.py"", line 60, in <listcomp>
    return np.array([[int(x) for x in row] for row in M], dtype=np.int64)
                     ^^^^^^^^^^^^^^^^^^^^^
  File ""D:\decimal_computer\decimal_gemm.py"", line 60, in <listcomp>
    return np.array([[int(x) for x in row] for row in M], dtype=np.int64)
                      ^^^^^^
TypeError: int() argument must be a string, a bytes-like object or a real number, not 'list'

During handling of the above exception, another exception occurred:

Traceback (most recent call last):
  File ""C:\Users\asus\AppData\Local\Temp\bench_runner_n4d5t82e\runner.py"", line 24, in <module>
    res = decimal_gemm_naive(A, B, mul_algo=algo, cutoff=cutoff)
          ^^^^^^^^^^^^^^^^^^^^^^^^^^^^^^^^^^^^^^^^^^^^^^^^^^^^^^
  File ""D:\decimal_computer\decimal_gemm.py"", line 171, in decimal_gemm_naive
    C = schoolbook_gemm(A, B, counters=counters)
        ^^^^^^^^^^^^^^^^^^^^^^^^^^^^^^^^^^^^^^^^
  File ""D:\decimal_computer\decimal_gemm.py"", line 73, in schoolbook_gemm
    a = _to_numpy_int_matrix(A)
        ^^^^^^^^^^^^^^^^^^^^^^^
  File ""D:\decimal_computer\decimal_gemm.py"", line 60, in _to_numpy_int_matrix
    return np.array([[int(x) for x in row] for row in M], dtype=np.int64)
                    ^^^^^^^^^^^^^^^^^^^^^^^^^^^^^^^^^^^^
  File ""D:\decimal_computer\decimal_gemm.py"", line 60, in <listcomp>
    return np.array([[int(x) for x in row] for row in M], dtype=np.int64)
                     ^^^^^^^^^^^^^^^^^^^^^
  File ""D:\decimal_computer\decimal_gemm.py"", line 60, in <listcomp>
    return np.array([[int(x) for x in row] for row in M], dtype=np.int64)
                      ^^^^^^
TypeError: int() argument must be a string, a bytes-like object or a real number, not 'list'
",4,,,"{""ok"": false, ""error"": ""call_failed"", ""trace"": ""Traceback (most recent call last):\n  File \""C:\\Users\\asus\\AppData\\Local\\Temp\\bench_runner_n4d5t82e\\runner.py\"", line 21, in <module>\n    res = decimal_gemm_naive(A, B, mul_algo=algo, cutoff=cutoff, return_counters=True)\n          ^^^^^^^^^^^^^^^^^^^^^^^^^^^^^^^^^^^^^^^^^^^^^^^^^^^^^^^^^^^^^^^^^^^^^^^^^^^^\n  File \""D:\\decimal_computer\\decimal_gemm.py\"", line 171, in decimal_gemm_naive\n    C = schoolbook_gemm(A, B, counters=counters)\n        ^^^^^^^^^^^^^^^^^^^^^^^^^^^^^^^^^^^^^^^^\n  File \""D:\\decimal_computer\\decimal_gemm.py\"", line 73, in schoolbook_gemm\n    a = _to_numpy_int_matrix(A)\n        ^^^^^^^^^^^^^^^^^^^^^^^\n  File \""D:\\decimal_computer\\decimal_gemm.py\"", line 60, in _to_numpy_int_matrix\n    return np.array([[int(x) for x in row] for row in M], dtype=np.int64)\n                    ^^^^^^^^^^^^^^^^^^^^^^^^^^^^^^^^^^^^\n  File \""D:\\decimal_computer\\decimal_gemm.py\"", line 60, in <listcomp>\n    return np.array([[int(x) for x in row] for row in M], dtype=np.int64)\n                     ^^^^^^^^^^^^^^^^^^^^^\n  File \""D:\\decimal_computer\\decimal_gemm.py\"", line 60, in <listcomp>\n    return np.array([[int(x) for x in row] for row in M], dtype=np.int64)\n                      ^^^^^^\nTypeError: int() argument must be a string, a bytes-like object or a real number, not 'list'\n\nDuring handling of the above exception, another exception occurred:\n\nTraceback (most recent call last):\n  File \""C:\\Users\\asus\\AppData\\Local\\Temp\\bench_runner_n4d5t82e\\runner.py\"", line 24, in <module>\n    res = decimal_gemm_naive(A, B, mul_algo=algo, cutoff=cutoff)\n          ^^^^^^^^^^^^^^^^^^^^^^^^^^^^^^^^^^^^^^^^^^^^^^^^^^^^^^\n  File \""D:\\decimal_computer\\decimal_gemm.py\"", line 171, in decimal_gemm_naive\n    C = schoolbook_gemm(A, B, counters=counters)\n        ^^^^^^^^^^^^^^^^^^^^^^^^^^^^^^^^^^^^^^^^\n  File \""D:\\decimal_computer\\decimal_gemm.py\"", line 73, in schoolbook_gemm\n    a = _to_numpy_int_matrix(A)\n        ^^^^^^^^^^^^^^^^^^^^^^^\n  File \""D:\\decimal_computer\\decimal_gemm.py\"", line 60, in _to_numpy_int_matrix\n    return np.array([[int(x) for x in row] for row in M], dtype=np.int64)\n                    ^^^^^^^^^^^^^^^^^^^^^^^^^^^^^^^^^^^^\n  File \""D:\\decimal_computer\\decimal_gemm.py\"", line 60, in <listcomp>\n    return np.array([[int(x) for x in row] for row in M], dtype=np.int64)\n                     ^^^^^^^^^^^^^^^^^^^^^\n  File \""D:\\decimal_computer\\decimal_gemm.py\"", line 60, in <listcomp>\n    return np.array([[int(x) for x in row] for row in M], dtype=np.int64)\n                      ^^^^^^\nTypeError: int() argument must be a string, a bytes-like object or a real number, not 'list'\n""}
",
4,4,karatsuba,0,0.0,,,"runner_error: Traceback (most recent call last):
  File ""C:\Users\asus\AppData\Local\Temp\bench_runner_hpz4g65u\runner.py"", line 21, in <module>
    res = decimal_gemm_naive(A, B, mul_algo=algo, cutoff=cutoff, return_counters=True)
          ^^^^^^^^^^^^^^^^^^^^^^^^^^^^^^^^^^^^^^^^^^^^^^^^^^^^^^^^^^^^^^^^^^^^^^^^^^^^
  File ""D:\decimal_computer\decimal_gemm.py"", line 173, in decimal_gemm_naive
    C = karatsuba_gemm(A, B, cutoff=cutoff, counters=counters)
        ^^^^^^^^^^^^^^^^^^^^^^^^^^^^^^^^^^^^^^^^^^^^^^^^^^^^^^
  File ""D:\decimal_computer\decimal_gemm.py"", line 103, in karatsuba_gemm
    return schoolbook_gemm(A, B, counters=counters)
           ^^^^^^^^^^^^^^^^^^^^^^^^^^^^^^^^^^^^^^^^
  File ""D:\decimal_computer\decimal_gemm.py"", line 73, in schoolbook_gemm
    a = _to_numpy_int_matrix(A)
        ^^^^^^^^^^^^^^^^^^^^^^^
  File ""D:\decimal_computer\decimal_gemm.py"", line 60, in _to_numpy_int_matrix
    return np.array([[int(x) for x in row] for row in M], dtype=np.int64)
                    ^^^^^^^^^^^^^^^^^^^^^^^^^^^^^^^^^^^^
  File ""D:\decimal_computer\decimal_gemm.py"", line 60, in <listcomp>
    return np.array([[int(x) for x in row] for row in M], dtype=np.int64)
                     ^^^^^^^^^^^^^^^^^^^^^
  File ""D:\decimal_computer\decimal_gemm.py"", line 60, in <listcomp>
    return np.array([[int(x) for x in row] for row in M], dtype=np.int64)
                      ^^^^^^
TypeError: int() argument must be a string, a bytes-like object or a real number, not 'list'

During handling of the above exception, another exception occurred:

Traceback (most recent call last):
  File ""C:\Users\asus\AppData\Local\Temp\bench_runner_hpz4g65u\runner.py"", line 24, in <module>
    res = decimal_gemm_naive(A, B, mul_algo=algo, cutoff=cutoff)
          ^^^^^^^^^^^^^^^^^^^^^^^^^^^^^^^^^^^^^^^^^^^^^^^^^^^^^^
  File ""D:\decimal_computer\decimal_gemm.py"", line 173, in decimal_gemm_naive
    C = karatsuba_gemm(A, B, cutoff=cutoff, counters=counters)
        ^^^^^^^^^^^^^^^^^^^^^^^^^^^^^^^^^^^^^^^^^^^^^^^^^^^^^^
  File ""D:\decimal_computer\decimal_gemm.py"", line 103, in karatsuba_gemm
    return schoolbook_gemm(A, B, counters=counters)
           ^^^^^^^^^^^^^^^^^^^^^^^^^^^^^^^^^^^^^^^^
  File ""D:\decimal_computer\decimal_gemm.py"", line 73, in schoolbook_gemm
    a = _to_numpy_int_matrix(A)
        ^^^^^^^^^^^^^^^^^^^^^^^
  File ""D:\decimal_computer\decimal_gemm.py"", line 60, in _to_numpy_int_matrix
    return np.array([[int(x) for x in row] for row in M], dtype=np.int64)
                    ^^^^^^^^^^^^^^^^^^^^^^^^^^^^^^^^^^^^
  File ""D:\decimal_computer\decimal_gemm.py"", line 60, in <listcomp>
    return np.array([[int(x) for x in row] for row in M], dtype=np.int64)
                     ^^^^^^^^^^^^^^^^^^^^^
  File ""D:\decimal_computer\decimal_gemm.py"", line 60, in <listcomp>
    return np.array([[int(x) for x in row] for row in M], dtype=np.int64)
                      ^^^^^^
TypeError: int() argument must be a string, a bytes-like object or a real number, not 'list'
",4,,,"{""ok"": false, ""error"": ""call_failed"", ""trace"": ""Traceback (most recent call last):\n  File \""C:\\Users\\asus\\AppData\\Local\\Temp\\bench_runner_hpz4g65u\\runner.py\"", line 21, in <module>\n    res = decimal_gemm_naive(A, B, mul_algo=algo, cutoff=cutoff, return_counters=True)\n          ^^^^^^^^^^^^^^^^^^^^^^^^^^^^^^^^^^^^^^^^^^^^^^^^^^^^^^^^^^^^^^^^^^^^^^^^^^^^\n  File \""D:\\decimal_computer\\decimal_gemm.py\"", line 173, in decimal_gemm_naive\n    C = karatsuba_gemm(A, B, cutoff=cutoff, counters=counters)\n        ^^^^^^^^^^^^^^^^^^^^^^^^^^^^^^^^^^^^^^^^^^^^^^^^^^^^^^\n  File \""D:\\decimal_computer\\decimal_gemm.py\"", line 103, in karatsuba_gemm\n    return schoolbook_gemm(A, B, counters=counters)\n           ^^^^^^^^^^^^^^^^^^^^^^^^^^^^^^^^^^^^^^^^\n  File \""D:\\decimal_computer\\decimal_gemm.py\"", line 73, in schoolbook_gemm\n    a = _to_numpy_int_matrix(A)\n        ^^^^^^^^^^^^^^^^^^^^^^^\n  File \""D:\\decimal_computer\\decimal_gemm.py\"", line 60, in _to_numpy_int_matrix\n    return np.array([[int(x) for x in row] for row in M], dtype=np.int64)\n                    ^^^^^^^^^^^^^^^^^^^^^^^^^^^^^^^^^^^^\n  File \""D:\\decimal_computer\\decimal_gemm.py\"", line 60, in <listcomp>\n    return np.array([[int(x) for x in row] for row in M], dtype=np.int64)\n                     ^^^^^^^^^^^^^^^^^^^^^\n  File \""D:\\decimal_computer\\decimal_gemm.py\"", line 60, in <listcomp>\n    return np.array([[int(x) for x in row] for row in M], dtype=np.int64)\n                      ^^^^^^\nTypeError: int() argument must be a string, a bytes-like object or a real number, not 'list'\n\nDuring handling of the above exception, another exception occurred:\n\nTraceback (most recent call last):\n  File \""C:\\Users\\asus\\AppData\\Local\\Temp\\bench_runner_hpz4g65u\\runner.py\"", line 24, in <module>\n    res = decimal_gemm_naive(A, B, mul_algo=algo, cutoff=cutoff)\n          ^^^^^^^^^^^^^^^^^^^^^^^^^^^^^^^^^^^^^^^^^^^^^^^^^^^^^^\n  File \""D:\\decimal_computer\\decimal_gemm.py\"", line 173, in decimal_gemm_naive\n    C = karatsuba_gemm(A, B, cutoff=cutoff, counters=counters)\n        ^^^^^^^^^^^^^^^^^^^^^^^^^^^^^^^^^^^^^^^^^^^^^^^^^^^^^^\n  File \""D:\\decimal_computer\\decimal_gemm.py\"", line 103, in karatsuba_gemm\n    return schoolbook_gemm(A, B, counters=counters)\n           ^^^^^^^^^^^^^^^^^^^^^^^^^^^^^^^^^^^^^^^^\n  File \""D:\\decimal_computer\\decimal_gemm.py\"", line 73, in schoolbook_gemm\n    a = _to_numpy_int_matrix(A)\n        ^^^^^^^^^^^^^^^^^^^^^^^\n  File \""D:\\decimal_computer\\decimal_gemm.py\"", line 60, in _to_numpy_int_matrix\n    return np.array([[int(x) for x in row] for row in M], dtype=np.int64)\n                    ^^^^^^^^^^^^^^^^^^^^^^^^^^^^^^^^^^^^\n  File \""D:\\decimal_computer\\decimal_gemm.py\"", line 60, in <listcomp>\n    return np.array([[int(x) for x in row] for row in M], dtype=np.int64)\n                     ^^^^^^^^^^^^^^^^^^^^^\n  File \""D:\\decimal_computer\\decimal_gemm.py\"", line 60, in <listcomp>\n    return np.array([[int(x) for x in row] for row in M], dtype=np.int64)\n                      ^^^^^^\nTypeError: int() argument must be a string, a bytes-like object or a real number, not 'list'\n""}
",
4,4,karatsuba,1,0.0,,,"runner_error: Traceback (most recent call last):
  File ""C:\Users\asus\AppData\Local\Temp\bench_runner_7jpuuo6j\runner.py"", line 21, in <module>
    res = decimal_gemm_naive(A, B, mul_algo=algo, cutoff=cutoff, return_counters=True)
          ^^^^^^^^^^^^^^^^^^^^^^^^^^^^^^^^^^^^^^^^^^^^^^^^^^^^^^^^^^^^^^^^^^^^^^^^^^^^
  File ""D:\decimal_computer\decimal_gemm.py"", line 173, in decimal_gemm_naive
    C = karatsuba_gemm(A, B, cutoff=cutoff, counters=counters)
        ^^^^^^^^^^^^^^^^^^^^^^^^^^^^^^^^^^^^^^^^^^^^^^^^^^^^^^
  File ""D:\decimal_computer\decimal_gemm.py"", line 103, in karatsuba_gemm
    return schoolbook_gemm(A, B, counters=counters)
           ^^^^^^^^^^^^^^^^^^^^^^^^^^^^^^^^^^^^^^^^
  File ""D:\decimal_computer\decimal_gemm.py"", line 73, in schoolbook_gemm
    a = _to_numpy_int_matrix(A)
        ^^^^^^^^^^^^^^^^^^^^^^^
  File ""D:\decimal_computer\decimal_gemm.py"", line 60, in _to_numpy_int_matrix
    return np.array([[int(x) for x in row] for row in M], dtype=np.int64)
                    ^^^^^^^^^^^^^^^^^^^^^^^^^^^^^^^^^^^^
  File ""D:\decimal_computer\decimal_gemm.py"", line 60, in <listcomp>
    return np.array([[int(x) for x in row] for row in M], dtype=np.int64)
                     ^^^^^^^^^^^^^^^^^^^^^
  File ""D:\decimal_computer\decimal_gemm.py"", line 60, in <listcomp>
    return np.array([[int(x) for x in row] for row in M], dtype=np.int64)
                      ^^^^^^
TypeError: int() argument must be a string, a bytes-like object or a real number, not 'list'

During handling of the above exception, another exception occurred:

Traceback (most recent call last):
  File ""C:\Users\asus\AppData\Local\Temp\bench_runner_7jpuuo6j\runner.py"", line 24, in <module>
    res = decimal_gemm_naive(A, B, mul_algo=algo, cutoff=cutoff)
          ^^^^^^^^^^^^^^^^^^^^^^^^^^^^^^^^^^^^^^^^^^^^^^^^^^^^^^
  File ""D:\decimal_computer\decimal_gemm.py"", line 173, in decimal_gemm_naive
    C = karatsuba_gemm(A, B, cutoff=cutoff, counters=counters)
        ^^^^^^^^^^^^^^^^^^^^^^^^^^^^^^^^^^^^^^^^^^^^^^^^^^^^^^
  File ""D:\decimal_computer\decimal_gemm.py"", line 103, in karatsuba_gemm
    return schoolbook_gemm(A, B, counters=counters)
           ^^^^^^^^^^^^^^^^^^^^^^^^^^^^^^^^^^^^^^^^
  File ""D:\decimal_computer\decimal_gemm.py"", line 73, in schoolbook_gemm
    a = _to_numpy_int_matrix(A)
        ^^^^^^^^^^^^^^^^^^^^^^^
  File ""D:\decimal_computer\decimal_gemm.py"", line 60, in _to_numpy_int_matrix
    return np.array([[int(x) for x in row] for row in M], dtype=np.int64)
                    ^^^^^^^^^^^^^^^^^^^^^^^^^^^^^^^^^^^^
  File ""D:\decimal_computer\decimal_gemm.py"", line 60, in <listcomp>
    return np.array([[int(x) for x in row] for row in M], dtype=np.int64)
                     ^^^^^^^^^^^^^^^^^^^^^
  File ""D:\decimal_computer\decimal_gemm.py"", line 60, in <listcomp>
    return np.array([[int(x) for x in row] for row in M], dtype=np.int64)
                      ^^^^^^
TypeError: int() argument must be a string, a bytes-like object or a real number, not 'list'
",4,,,"{""ok"": false, ""error"": ""call_failed"", ""trace"": ""Traceback (most recent call last):\n  File \""C:\\Users\\asus\\AppData\\Local\\Temp\\bench_runner_7jpuuo6j\\runner.py\"", line 21, in <module>\n    res = decimal_gemm_naive(A, B, mul_algo=algo, cutoff=cutoff, return_counters=True)\n          ^^^^^^^^^^^^^^^^^^^^^^^^^^^^^^^^^^^^^^^^^^^^^^^^^^^^^^^^^^^^^^^^^^^^^^^^^^^^\n  File \""D:\\decimal_computer\\decimal_gemm.py\"", line 173, in decimal_gemm_naive\n    C = karatsuba_gemm(A, B, cutoff=cutoff, counters=counters)\n        ^^^^^^^^^^^^^^^^^^^^^^^^^^^^^^^^^^^^^^^^^^^^^^^^^^^^^^\n  File \""D:\\decimal_computer\\decimal_gemm.py\"", line 103, in karatsuba_gemm\n    return schoolbook_gemm(A, B, counters=counters)\n           ^^^^^^^^^^^^^^^^^^^^^^^^^^^^^^^^^^^^^^^^\n  File \""D:\\decimal_computer\\decimal_gemm.py\"", line 73, in schoolbook_gemm\n    a = _to_numpy_int_matrix(A)\n        ^^^^^^^^^^^^^^^^^^^^^^^\n  File \""D:\\decimal_computer\\decimal_gemm.py\"", line 60, in _to_numpy_int_matrix\n    return np.array([[int(x) for x in row] for row in M], dtype=np.int64)\n                    ^^^^^^^^^^^^^^^^^^^^^^^^^^^^^^^^^^^^\n  File \""D:\\decimal_computer\\decimal_gemm.py\"", line 60, in <listcomp>\n    return np.array([[int(x) for x in row] for row in M], dtype=np.int64)\n                     ^^^^^^^^^^^^^^^^^^^^^\n  File \""D:\\decimal_computer\\decimal_gemm.py\"", line 60, in <listcomp>\n    return np.array([[int(x) for x in row] for row in M], dtype=np.int64)\n                      ^^^^^^\nTypeError: int() argument must be a string, a bytes-like object or a real number, not 'list'\n\nDuring handling of the above exception, another exception occurred:\n\nTraceback (most recent call last):\n  File \""C:\\Users\\asus\\AppData\\Local\\Temp\\bench_runner_7jpuuo6j\\runner.py\"", line 24, in <module>\n    res = decimal_gemm_naive(A, B, mul_algo=algo, cutoff=cutoff)\n          ^^^^^^^^^^^^^^^^^^^^^^^^^^^^^^^^^^^^^^^^^^^^^^^^^^^^^^\n  File \""D:\\decimal_computer\\decimal_gemm.py\"", line 173, in decimal_gemm_naive\n    C = karatsuba_gemm(A, B, cutoff=cutoff, counters=counters)\n        ^^^^^^^^^^^^^^^^^^^^^^^^^^^^^^^^^^^^^^^^^^^^^^^^^^^^^^\n  File \""D:\\decimal_computer\\decimal_gemm.py\"", line 103, in karatsuba_gemm\n    return schoolbook_gemm(A, B, counters=counters)\n           ^^^^^^^^^^^^^^^^^^^^^^^^^^^^^^^^^^^^^^^^\n  File \""D:\\decimal_computer\\decimal_gemm.py\"", line 73, in schoolbook_gemm\n    a = _to_numpy_int_matrix(A)\n        ^^^^^^^^^^^^^^^^^^^^^^^\n  File \""D:\\decimal_computer\\decimal_gemm.py\"", line 60, in _to_numpy_int_matrix\n    return np.array([[int(x) for x in row] for row in M], dtype=np.int64)\n                    ^^^^^^^^^^^^^^^^^^^^^^^^^^^^^^^^^^^^\n  File \""D:\\decimal_computer\\decimal_gemm.py\"", line 60, in <listcomp>\n    return np.array([[int(x) for x in row] for row in M], dtype=np.int64)\n                     ^^^^^^^^^^^^^^^^^^^^^\n  File \""D:\\decimal_computer\\decimal_gemm.py\"", line 60, in <listcomp>\n    return np.array([[int(x) for x in row] for row in M], dtype=np.int64)\n                      ^^^^^^\nTypeError: int() argument must be a string, a bytes-like object or a real number, not 'list'\n""}
",
4,4,strassen,0,0.0,,,"runner_error: Traceback (most recent call last):
  File ""C:\Users\asus\AppData\Local\Temp\bench_runner_b8rvstga\runner.py"", line 21, in <module>
    res = decimal_gemm_naive(A, B, mul_algo=algo, cutoff=cutoff, return_counters=True)
          ^^^^^^^^^^^^^^^^^^^^^^^^^^^^^^^^^^^^^^^^^^^^^^^^^^^^^^^^^^^^^^^^^^^^^^^^^^^^
  File ""D:\decimal_computer\decimal_gemm.py"", line 175, in decimal_gemm_naive
    C = strassen_wrapper(A, B, cutoff=cutoff, counters=counters)
        ^^^^^^^^^^^^^^^^^^^^^^^^^^^^^^^^^^^^^^^^^^^^^^^^^^^^^^^^
  File ""D:\decimal_computer\decimal_gemm.py"", line 117, in strassen_wrapper
    return schoolbook_gemm(A, B, counters=counters)
           ^^^^^^^^^^^^^^^^^^^^^^^^^^^^^^^^^^^^^^^^
  File ""D:\decimal_computer\decimal_gemm.py"", line 73, in schoolbook_gemm
    a = _to_numpy_int_matrix(A)
        ^^^^^^^^^^^^^^^^^^^^^^^
  File ""D:\decimal_computer\decimal_gemm.py"", line 60, in _to_numpy_int_matrix
    return np.array([[int(x) for x in row] for row in M], dtype=np.int64)
                    ^^^^^^^^^^^^^^^^^^^^^^^^^^^^^^^^^^^^
  File ""D:\decimal_computer\decimal_gemm.py"", line 60, in <listcomp>
    return np.array([[int(x) for x in row] for row in M], dtype=np.int64)
                     ^^^^^^^^^^^^^^^^^^^^^
  File ""D:\decimal_computer\decimal_gemm.py"", line 60, in <listcomp>
    return np.array([[int(x) for x in row] for row in M], dtype=np.int64)
                      ^^^^^^
TypeError: int() argument must be a string, a bytes-like object or a real number, not 'list'

During handling of the above exception, another exception occurred:

Traceback (most recent call last):
  File ""C:\Users\asus\AppData\Local\Temp\bench_runner_b8rvstga\runner.py"", line 24, in <module>
    res = decimal_gemm_naive(A, B, mul_algo=algo, cutoff=cutoff)
          ^^^^^^^^^^^^^^^^^^^^^^^^^^^^^^^^^^^^^^^^^^^^^^^^^^^^^^
  File ""D:\decimal_computer\decimal_gemm.py"", line 175, in decimal_gemm_naive
    C = strassen_wrapper(A, B, cutoff=cutoff, counters=counters)
        ^^^^^^^^^^^^^^^^^^^^^^^^^^^^^^^^^^^^^^^^^^^^^^^^^^^^^^^^
  File ""D:\decimal_computer\decimal_gemm.py"", line 117, in strassen_wrapper
    return schoolbook_gemm(A, B, counters=counters)
           ^^^^^^^^^^^^^^^^^^^^^^^^^^^^^^^^^^^^^^^^
  File ""D:\decimal_computer\decimal_gemm.py"", line 73, in schoolbook_gemm
    a = _to_numpy_int_matrix(A)
        ^^^^^^^^^^^^^^^^^^^^^^^
  File ""D:\decimal_computer\decimal_gemm.py"", line 60, in _to_numpy_int_matrix
    return np.array([[int(x) for x in row] for row in M], dtype=np.int64)
                    ^^^^^^^^^^^^^^^^^^^^^^^^^^^^^^^^^^^^
  File ""D:\decimal_computer\decimal_gemm.py"", line 60, in <listcomp>
    return np.array([[int(x) for x in row] for row in M], dtype=np.int64)
                     ^^^^^^^^^^^^^^^^^^^^^
  File ""D:\decimal_computer\decimal_gemm.py"", line 60, in <listcomp>
    return np.array([[int(x) for x in row] for row in M], dtype=np.int64)
                      ^^^^^^
TypeError: int() argument must be a string, a bytes-like object or a real number, not 'list'
",4,,,"{""ok"": false, ""error"": ""call_failed"", ""trace"": ""Traceback (most recent call last):\n  File \""C:\\Users\\asus\\AppData\\Local\\Temp\\bench_runner_b8rvstga\\runner.py\"", line 21, in <module>\n    res = decimal_gemm_naive(A, B, mul_algo=algo, cutoff=cutoff, return_counters=True)\n          ^^^^^^^^^^^^^^^^^^^^^^^^^^^^^^^^^^^^^^^^^^^^^^^^^^^^^^^^^^^^^^^^^^^^^^^^^^^^\n  File \""D:\\decimal_computer\\decimal_gemm.py\"", line 175, in decimal_gemm_naive\n    C = strassen_wrapper(A, B, cutoff=cutoff, counters=counters)\n        ^^^^^^^^^^^^^^^^^^^^^^^^^^^^^^^^^^^^^^^^^^^^^^^^^^^^^^^^\n  File \""D:\\decimal_computer\\decimal_gemm.py\"", line 117, in strassen_wrapper\n    return schoolbook_gemm(A, B, counters=counters)\n           ^^^^^^^^^^^^^^^^^^^^^^^^^^^^^^^^^^^^^^^^\n  File \""D:\\decimal_computer\\decimal_gemm.py\"", line 73, in schoolbook_gemm\n    a = _to_numpy_int_matrix(A)\n        ^^^^^^^^^^^^^^^^^^^^^^^\n  File \""D:\\decimal_computer\\decimal_gemm.py\"", line 60, in _to_numpy_int_matrix\n    return np.array([[int(x) for x in row] for row in M], dtype=np.int64)\n                    ^^^^^^^^^^^^^^^^^^^^^^^^^^^^^^^^^^^^\n  File \""D:\\decimal_computer\\decimal_gemm.py\"", line 60, in <listcomp>\n    return np.array([[int(x) for x in row] for row in M], dtype=np.int64)\n                     ^^^^^^^^^^^^^^^^^^^^^\n  File \""D:\\decimal_computer\\decimal_gemm.py\"", line 60, in <listcomp>\n    return np.array([[int(x) for x in row] for row in M], dtype=np.int64)\n                      ^^^^^^\nTypeError: int() argument must be a string, a bytes-like object or a real number, not 'list'\n\nDuring handling of the above exception, another exception occurred:\n\nTraceback (most recent call last):\n  File \""C:\\Users\\asus\\AppData\\Local\\Temp\\bench_runner_b8rvstga\\runner.py\"", line 24, in <module>\n    res = decimal_gemm_naive(A, B, mul_algo=algo, cutoff=cutoff)\n          ^^^^^^^^^^^^^^^^^^^^^^^^^^^^^^^^^^^^^^^^^^^^^^^^^^^^^^\n  File \""D:\\decimal_computer\\decimal_gemm.py\"", line 175, in decimal_gemm_naive\n    C = strassen_wrapper(A, B, cutoff=cutoff, counters=counters)\n        ^^^^^^^^^^^^^^^^^^^^^^^^^^^^^^^^^^^^^^^^^^^^^^^^^^^^^^^^\n  File \""D:\\decimal_computer\\decimal_gemm.py\"", line 117, in strassen_wrapper\n    return schoolbook_gemm(A, B, counters=counters)\n           ^^^^^^^^^^^^^^^^^^^^^^^^^^^^^^^^^^^^^^^^\n  File \""D:\\decimal_computer\\decimal_gemm.py\"", line 73, in schoolbook_gemm\n    a = _to_numpy_int_matrix(A)\n        ^^^^^^^^^^^^^^^^^^^^^^^\n  File \""D:\\decimal_computer\\decimal_gemm.py\"", line 60, in _to_numpy_int_matrix\n    return np.array([[int(x) for x in row] for row in M], dtype=np.int64)\n                    ^^^^^^^^^^^^^^^^^^^^^^^^^^^^^^^^^^^^\n  File \""D:\\decimal_computer\\decimal_gemm.py\"", line 60, in <listcomp>\n    return np.array([[int(x) for x in row] for row in M], dtype=np.int64)\n                     ^^^^^^^^^^^^^^^^^^^^^\n  File \""D:\\decimal_computer\\decimal_gemm.py\"", line 60, in <listcomp>\n    return np.array([[int(x) for x in row] for row in M], dtype=np.int64)\n                      ^^^^^^\nTypeError: int() argument must be a string, a bytes-like object or a real number, not 'list'\n""}
",
4,4,strassen,1,0.0,,,"runner_error: Traceback (most recent call last):
  File ""C:\Users\asus\AppData\Local\Temp\bench_runner_p__35zuu\runner.py"", line 21, in <module>
    res = decimal_gemm_naive(A, B, mul_algo=algo, cutoff=cutoff, return_counters=True)
          ^^^^^^^^^^^^^^^^^^^^^^^^^^^^^^^^^^^^^^^^^^^^^^^^^^^^^^^^^^^^^^^^^^^^^^^^^^^^
  File ""D:\decimal_computer\decimal_gemm.py"", line 175, in decimal_gemm_naive
    C = strassen_wrapper(A, B, cutoff=cutoff, counters=counters)
        ^^^^^^^^^^^^^^^^^^^^^^^^^^^^^^^^^^^^^^^^^^^^^^^^^^^^^^^^
  File ""D:\decimal_computer\decimal_gemm.py"", line 117, in strassen_wrapper
    return schoolbook_gemm(A, B, counters=counters)
           ^^^^^^^^^^^^^^^^^^^^^^^^^^^^^^^^^^^^^^^^
  File ""D:\decimal_computer\decimal_gemm.py"", line 73, in schoolbook_gemm
    a = _to_numpy_int_matrix(A)
        ^^^^^^^^^^^^^^^^^^^^^^^
  File ""D:\decimal_computer\decimal_gemm.py"", line 60, in _to_numpy_int_matrix
    return np.array([[int(x) for x in row] for row in M], dtype=np.int64)
                    ^^^^^^^^^^^^^^^^^^^^^^^^^^^^^^^^^^^^
  File ""D:\decimal_computer\decimal_gemm.py"", line 60, in <listcomp>
    return np.array([[int(x) for x in row] for row in M], dtype=np.int64)
                     ^^^^^^^^^^^^^^^^^^^^^
  File ""D:\decimal_computer\decimal_gemm.py"", line 60, in <listcomp>
    return np.array([[int(x) for x in row] for row in M], dtype=np.int64)
                      ^^^^^^
TypeError: int() argument must be a string, a bytes-like object or a real number, not 'list'

During handling of the above exception, another exception occurred:

Traceback (most recent call last):
  File ""C:\Users\asus\AppData\Local\Temp\bench_runner_p__35zuu\runner.py"", line 24, in <module>
    res = decimal_gemm_naive(A, B, mul_algo=algo, cutoff=cutoff)
          ^^^^^^^^^^^^^^^^^^^^^^^^^^^^^^^^^^^^^^^^^^^^^^^^^^^^^^
  File ""D:\decimal_computer\decimal_gemm.py"", line 175, in decimal_gemm_naive
    C = strassen_wrapper(A, B, cutoff=cutoff, counters=counters)
        ^^^^^^^^^^^^^^^^^^^^^^^^^^^^^^^^^^^^^^^^^^^^^^^^^^^^^^^^
  File ""D:\decimal_computer\decimal_gemm.py"", line 117, in strassen_wrapper
    return schoolbook_gemm(A, B, counters=counters)
           ^^^^^^^^^^^^^^^^^^^^^^^^^^^^^^^^^^^^^^^^
  File ""D:\decimal_computer\decimal_gemm.py"", line 73, in schoolbook_gemm
    a = _to_numpy_int_matrix(A)
        ^^^^^^^^^^^^^^^^^^^^^^^
  File ""D:\decimal_computer\decimal_gemm.py"", line 60, in _to_numpy_int_matrix
    return np.array([[int(x) for x in row] for row in M], dtype=np.int64)
                    ^^^^^^^^^^^^^^^^^^^^^^^^^^^^^^^^^^^^
  File ""D:\decimal_computer\decimal_gemm.py"", line 60, in <listcomp>
    return np.array([[int(x) for x in row] for row in M], dtype=np.int64)
                     ^^^^^^^^^^^^^^^^^^^^^
  File ""D:\decimal_computer\decimal_gemm.py"", line 60, in <listcomp>
    return np.array([[int(x) for x in row] for row in M], dtype=np.int64)
                      ^^^^^^
TypeError: int() argument must be a string, a bytes-like object or a real number, not 'list'
",4,,,"{""ok"": false, ""error"": ""call_failed"", ""trace"": ""Traceback (most recent call last):\n  File \""C:\\Users\\asus\\AppData\\Local\\Temp\\bench_runner_p__35zuu\\runner.py\"", line 21, in <module>\n    res = decimal_gemm_naive(A, B, mul_algo=algo, cutoff=cutoff, return_counters=True)\n          ^^^^^^^^^^^^^^^^^^^^^^^^^^^^^^^^^^^^^^^^^^^^^^^^^^^^^^^^^^^^^^^^^^^^^^^^^^^^\n  File \""D:\\decimal_computer\\decimal_gemm.py\"", line 175, in decimal_gemm_naive\n    C = strassen_wrapper(A, B, cutoff=cutoff, counters=counters)\n        ^^^^^^^^^^^^^^^^^^^^^^^^^^^^^^^^^^^^^^^^^^^^^^^^^^^^^^^^\n  File \""D:\\decimal_computer\\decimal_gemm.py\"", line 117, in strassen_wrapper\n    return schoolbook_gemm(A, B, counters=counters)\n           ^^^^^^^^^^^^^^^^^^^^^^^^^^^^^^^^^^^^^^^^\n  File \""D:\\decimal_computer\\decimal_gemm.py\"", line 73, in schoolbook_gemm\n    a = _to_numpy_int_matrix(A)\n        ^^^^^^^^^^^^^^^^^^^^^^^\n  File \""D:\\decimal_computer\\decimal_gemm.py\"", line 60, in _to_numpy_int_matrix\n    return np.array([[int(x) for x in row] for row in M], dtype=np.int64)\n                    ^^^^^^^^^^^^^^^^^^^^^^^^^^^^^^^^^^^^\n  File \""D:\\decimal_computer\\decimal_gemm.py\"", line 60, in <listcomp>\n    return np.array([[int(x) for x in row] for row in M], dtype=np.int64)\n                     ^^^^^^^^^^^^^^^^^^^^^\n  File \""D:\\decimal_computer\\decimal_gemm.py\"", line 60, in <listcomp>\n    return np.array([[int(x) for x in row] for row in M], dtype=np.int64)\n                      ^^^^^^\nTypeError: int() argument must be a string, a bytes-like object or a real number, not 'list'\n\nDuring handling of the above exception, another exception occurred:\n\nTraceback (most recent call last):\n  File \""C:\\Users\\asus\\AppData\\Local\\Temp\\bench_runner_p__35zuu\\runner.py\"", line 24, in <module>\n    res = decimal_gemm_naive(A, B, mul_algo=algo, cutoff=cutoff)\n          ^^^^^^^^^^^^^^^^^^^^^^^^^^^^^^^^^^^^^^^^^^^^^^^^^^^^^^\n  File \""D:\\decimal_computer\\decimal_gemm.py\"", line 175, in decimal_gemm_naive\n    C = strassen_wrapper(A, B, cutoff=cutoff, counters=counters)\n        ^^^^^^^^^^^^^^^^^^^^^^^^^^^^^^^^^^^^^^^^^^^^^^^^^^^^^^^^\n  File \""D:\\decimal_computer\\decimal_gemm.py\"", line 117, in strassen_wrapper\n    return schoolbook_gemm(A, B, counters=counters)\n           ^^^^^^^^^^^^^^^^^^^^^^^^^^^^^^^^^^^^^^^^\n  File \""D:\\decimal_computer\\decimal_gemm.py\"", line 73, in schoolbook_gemm\n    a = _to_numpy_int_matrix(A)\n        ^^^^^^^^^^^^^^^^^^^^^^^\n  File \""D:\\decimal_computer\\decimal_gemm.py\"", line 60, in _to_numpy_int_matrix\n    return np.array([[int(x) for x in row] for row in M], dtype=np.int64)\n                    ^^^^^^^^^^^^^^^^^^^^^^^^^^^^^^^^^^^^\n  File \""D:\\decimal_computer\\decimal_gemm.py\"", line 60, in <listcomp>\n    return np.array([[int(x) for x in row] for row in M], dtype=np.int64)\n                     ^^^^^^^^^^^^^^^^^^^^^\n  File \""D:\\decimal_computer\\decimal_gemm.py\"", line 60, in <listcomp>\n    return np.array([[int(x) for x in row] for row in M], dtype=np.int64)\n                      ^^^^^^\nTypeError: int() argument must be a string, a bytes-like object or a real number, not 'list'\n""}
",
4,8,auto,0,0.0,,,"runner_error: Traceback (most recent call last):
  File ""C:\Users\asus\AppData\Local\Temp\bench_runner_ljl60h27\runner.py"", line 21, in <module>
    res = decimal_gemm_naive(A, B, mul_algo=algo, cutoff=cutoff, return_counters=True)
          ^^^^^^^^^^^^^^^^^^^^^^^^^^^^^^^^^^^^^^^^^^^^^^^^^^^^^^^^^^^^^^^^^^^^^^^^^^^^
  File ""D:\decimal_computer\decimal_gemm.py"", line 171, in decimal_gemm_naive
    C = schoolbook_gemm(A, B, counters=counters)
        ^^^^^^^^^^^^^^^^^^^^^^^^^^^^^^^^^^^^^^^^
  File ""D:\decimal_computer\decimal_gemm.py"", line 73, in schoolbook_gemm
    a = _to_numpy_int_matrix(A)
        ^^^^^^^^^^^^^^^^^^^^^^^
  File ""D:\decimal_computer\decimal_gemm.py"", line 60, in _to_numpy_int_matrix
    return np.array([[int(x) for x in row] for row in M], dtype=np.int64)
                    ^^^^^^^^^^^^^^^^^^^^^^^^^^^^^^^^^^^^
  File ""D:\decimal_computer\decimal_gemm.py"", line 60, in <listcomp>
    return np.array([[int(x) for x in row] for row in M], dtype=np.int64)
                     ^^^^^^^^^^^^^^^^^^^^^
  File ""D:\decimal_computer\decimal_gemm.py"", line 60, in <listcomp>
    return np.array([[int(x) for x in row] for row in M], dtype=np.int64)
                      ^^^^^^
TypeError: int() argument must be a string, a bytes-like object or a real number, not 'list'

During handling of the above exception, another exception occurred:

Traceback (most recent call last):
  File ""C:\Users\asus\AppData\Local\Temp\bench_runner_ljl60h27\runner.py"", line 24, in <module>
    res = decimal_gemm_naive(A, B, mul_algo=algo, cutoff=cutoff)
          ^^^^^^^^^^^^^^^^^^^^^^^^^^^^^^^^^^^^^^^^^^^^^^^^^^^^^^
  File ""D:\decimal_computer\decimal_gemm.py"", line 171, in decimal_gemm_naive
    C = schoolbook_gemm(A, B, counters=counters)
        ^^^^^^^^^^^^^^^^^^^^^^^^^^^^^^^^^^^^^^^^
  File ""D:\decimal_computer\decimal_gemm.py"", line 73, in schoolbook_gemm
    a = _to_numpy_int_matrix(A)
        ^^^^^^^^^^^^^^^^^^^^^^^
  File ""D:\decimal_computer\decimal_gemm.py"", line 60, in _to_numpy_int_matrix
    return np.array([[int(x) for x in row] for row in M], dtype=np.int64)
                    ^^^^^^^^^^^^^^^^^^^^^^^^^^^^^^^^^^^^
  File ""D:\decimal_computer\decimal_gemm.py"", line 60, in <listcomp>
    return np.array([[int(x) for x in row] for row in M], dtype=np.int64)
                     ^^^^^^^^^^^^^^^^^^^^^
  File ""D:\decimal_computer\decimal_gemm.py"", line 60, in <listcomp>
    return np.array([[int(x) for x in row] for row in M], dtype=np.int64)
                      ^^^^^^
TypeError: int() argument must be a string, a bytes-like object or a real number, not 'list'
",4,,,"{""ok"": false, ""error"": ""call_failed"", ""trace"": ""Traceback (most recent call last):\n  File \""C:\\Users\\asus\\AppData\\Local\\Temp\\bench_runner_ljl60h27\\runner.py\"", line 21, in <module>\n    res = decimal_gemm_naive(A, B, mul_algo=algo, cutoff=cutoff, return_counters=True)\n          ^^^^^^^^^^^^^^^^^^^^^^^^^^^^^^^^^^^^^^^^^^^^^^^^^^^^^^^^^^^^^^^^^^^^^^^^^^^^\n  File \""D:\\decimal_computer\\decimal_gemm.py\"", line 171, in decimal_gemm_naive\n    C = schoolbook_gemm(A, B, counters=counters)\n        ^^^^^^^^^^^^^^^^^^^^^^^^^^^^^^^^^^^^^^^^\n  File \""D:\\decimal_computer\\decimal_gemm.py\"", line 73, in schoolbook_gemm\n    a = _to_numpy_int_matrix(A)\n        ^^^^^^^^^^^^^^^^^^^^^^^\n  File \""D:\\decimal_computer\\decimal_gemm.py\"", line 60, in _to_numpy_int_matrix\n    return np.array([[int(x) for x in row] for row in M], dtype=np.int64)\n                    ^^^^^^^^^^^^^^^^^^^^^^^^^^^^^^^^^^^^\n  File \""D:\\decimal_computer\\decimal_gemm.py\"", line 60, in <listcomp>\n    return np.array([[int(x) for x in row] for row in M], dtype=np.int64)\n                     ^^^^^^^^^^^^^^^^^^^^^\n  File \""D:\\decimal_computer\\decimal_gemm.py\"", line 60, in <listcomp>\n    return np.array([[int(x) for x in row] for row in M], dtype=np.int64)\n                      ^^^^^^\nTypeError: int() argument must be a string, a bytes-like object or a real number, not 'list'\n\nDuring handling of the above exception, another exception occurred:\n\nTraceback (most recent call last):\n  File \""C:\\Users\\asus\\AppData\\Local\\Temp\\bench_runner_ljl60h27\\runner.py\"", line 24, in <module>\n    res = decimal_gemm_naive(A, B, mul_algo=algo, cutoff=cutoff)\n          ^^^^^^^^^^^^^^^^^^^^^^^^^^^^^^^^^^^^^^^^^^^^^^^^^^^^^^\n  File \""D:\\decimal_computer\\decimal_gemm.py\"", line 171, in decimal_gemm_naive\n    C = schoolbook_gemm(A, B, counters=counters)\n        ^^^^^^^^^^^^^^^^^^^^^^^^^^^^^^^^^^^^^^^^\n  File \""D:\\decimal_computer\\decimal_gemm.py\"", line 73, in schoolbook_gemm\n    a = _to_numpy_int_matrix(A)\n        ^^^^^^^^^^^^^^^^^^^^^^^\n  File \""D:\\decimal_computer\\decimal_gemm.py\"", line 60, in _to_numpy_int_matrix\n    return np.array([[int(x) for x in row] for row in M], dtype=np.int64)\n                    ^^^^^^^^^^^^^^^^^^^^^^^^^^^^^^^^^^^^\n  File \""D:\\decimal_computer\\decimal_gemm.py\"", line 60, in <listcomp>\n    return np.array([[int(x) for x in row] for row in M], dtype=np.int64)\n                     ^^^^^^^^^^^^^^^^^^^^^\n  File \""D:\\decimal_computer\\decimal_gemm.py\"", line 60, in <listcomp>\n    return np.array([[int(x) for x in row] for row in M], dtype=np.int64)\n                      ^^^^^^\nTypeError: int() argument must be a string, a bytes-like object or a real number, not 'list'\n""}
","[decimal_gemm] auto-selected algo='schoolbook' max_digit_len=None cutoff=None
[decimal_gemm] auto-selected algo='schoolbook' max_digit_len=None cutoff=None
"
4,8,auto,1,0.0,,,"runner_error: Traceback (most recent call last):
  File ""C:\Users\asus\AppData\Local\Temp\bench_runner_c_ywsueb\runner.py"", line 21, in <module>
    res = decimal_gemm_naive(A, B, mul_algo=algo, cutoff=cutoff, return_counters=True)
          ^^^^^^^^^^^^^^^^^^^^^^^^^^^^^^^^^^^^^^^^^^^^^^^^^^^^^^^^^^^^^^^^^^^^^^^^^^^^
  File ""D:\decimal_computer\decimal_gemm.py"", line 171, in decimal_gemm_naive
    C = schoolbook_gemm(A, B, counters=counters)
        ^^^^^^^^^^^^^^^^^^^^^^^^^^^^^^^^^^^^^^^^
  File ""D:\decimal_computer\decimal_gemm.py"", line 73, in schoolbook_gemm
    a = _to_numpy_int_matrix(A)
        ^^^^^^^^^^^^^^^^^^^^^^^
  File ""D:\decimal_computer\decimal_gemm.py"", line 60, in _to_numpy_int_matrix
    return np.array([[int(x) for x in row] for row in M], dtype=np.int64)
                    ^^^^^^^^^^^^^^^^^^^^^^^^^^^^^^^^^^^^
  File ""D:\decimal_computer\decimal_gemm.py"", line 60, in <listcomp>
    return np.array([[int(x) for x in row] for row in M], dtype=np.int64)
                     ^^^^^^^^^^^^^^^^^^^^^
  File ""D:\decimal_computer\decimal_gemm.py"", line 60, in <listcomp>
    return np.array([[int(x) for x in row] for row in M], dtype=np.int64)
                      ^^^^^^
TypeError: int() argument must be a string, a bytes-like object or a real number, not 'list'

During handling of the above exception, another exception occurred:

Traceback (most recent call last):
  File ""C:\Users\asus\AppData\Local\Temp\bench_runner_c_ywsueb\runner.py"", line 24, in <module>
    res = decimal_gemm_naive(A, B, mul_algo=algo, cutoff=cutoff)
          ^^^^^^^^^^^^^^^^^^^^^^^^^^^^^^^^^^^^^^^^^^^^^^^^^^^^^^
  File ""D:\decimal_computer\decimal_gemm.py"", line 171, in decimal_gemm_naive
    C = schoolbook_gemm(A, B, counters=counters)
        ^^^^^^^^^^^^^^^^^^^^^^^^^^^^^^^^^^^^^^^^
  File ""D:\decimal_computer\decimal_gemm.py"", line 73, in schoolbook_gemm
    a = _to_numpy_int_matrix(A)
        ^^^^^^^^^^^^^^^^^^^^^^^
  File ""D:\decimal_computer\decimal_gemm.py"", line 60, in _to_numpy_int_matrix
    return np.array([[int(x) for x in row] for row in M], dtype=np.int64)
                    ^^^^^^^^^^^^^^^^^^^^^^^^^^^^^^^^^^^^
  File ""D:\decimal_computer\decimal_gemm.py"", line 60, in <listcomp>
    return np.array([[int(x) for x in row] for row in M], dtype=np.int64)
                     ^^^^^^^^^^^^^^^^^^^^^
  File ""D:\decimal_computer\decimal_gemm.py"", line 60, in <listcomp>
    return np.array([[int(x) for x in row] for row in M], dtype=np.int64)
                      ^^^^^^
TypeError: int() argument must be a string, a bytes-like object or a real number, not 'list'
",4,,,"{""ok"": false, ""error"": ""call_failed"", ""trace"": ""Traceback (most recent call last):\n  File \""C:\\Users\\asus\\AppData\\Local\\Temp\\bench_runner_c_ywsueb\\runner.py\"", line 21, in <module>\n    res = decimal_gemm_naive(A, B, mul_algo=algo, cutoff=cutoff, return_counters=True)\n          ^^^^^^^^^^^^^^^^^^^^^^^^^^^^^^^^^^^^^^^^^^^^^^^^^^^^^^^^^^^^^^^^^^^^^^^^^^^^\n  File \""D:\\decimal_computer\\decimal_gemm.py\"", line 171, in decimal_gemm_naive\n    C = schoolbook_gemm(A, B, counters=counters)\n        ^^^^^^^^^^^^^^^^^^^^^^^^^^^^^^^^^^^^^^^^\n  File \""D:\\decimal_computer\\decimal_gemm.py\"", line 73, in schoolbook_gemm\n    a = _to_numpy_int_matrix(A)\n        ^^^^^^^^^^^^^^^^^^^^^^^\n  File \""D:\\decimal_computer\\decimal_gemm.py\"", line 60, in _to_numpy_int_matrix\n    return np.array([[int(x) for x in row] for row in M], dtype=np.int64)\n                    ^^^^^^^^^^^^^^^^^^^^^^^^^^^^^^^^^^^^\n  File \""D:\\decimal_computer\\decimal_gemm.py\"", line 60, in <listcomp>\n    return np.array([[int(x) for x in row] for row in M], dtype=np.int64)\n                     ^^^^^^^^^^^^^^^^^^^^^\n  File \""D:\\decimal_computer\\decimal_gemm.py\"", line 60, in <listcomp>\n    return np.array([[int(x) for x in row] for row in M], dtype=np.int64)\n                      ^^^^^^\nTypeError: int() argument must be a string, a bytes-like object or a real number, not 'list'\n\nDuring handling of the above exception, another exception occurred:\n\nTraceback (most recent call last):\n  File \""C:\\Users\\asus\\AppData\\Local\\Temp\\bench_runner_c_ywsueb\\runner.py\"", line 24, in <module>\n    res = decimal_gemm_naive(A, B, mul_algo=algo, cutoff=cutoff)\n          ^^^^^^^^^^^^^^^^^^^^^^^^^^^^^^^^^^^^^^^^^^^^^^^^^^^^^^\n  File \""D:\\decimal_computer\\decimal_gemm.py\"", line 171, in decimal_gemm_naive\n    C = schoolbook_gemm(A, B, counters=counters)\n        ^^^^^^^^^^^^^^^^^^^^^^^^^^^^^^^^^^^^^^^^\n  File \""D:\\decimal_computer\\decimal_gemm.py\"", line 73, in schoolbook_gemm\n    a = _to_numpy_int_matrix(A)\n        ^^^^^^^^^^^^^^^^^^^^^^^\n  File \""D:\\decimal_computer\\decimal_gemm.py\"", line 60, in _to_numpy_int_matrix\n    return np.array([[int(x) for x in row] for row in M], dtype=np.int64)\n                    ^^^^^^^^^^^^^^^^^^^^^^^^^^^^^^^^^^^^\n  File \""D:\\decimal_computer\\decimal_gemm.py\"", line 60, in <listcomp>\n    return np.array([[int(x) for x in row] for row in M], dtype=np.int64)\n                     ^^^^^^^^^^^^^^^^^^^^^\n  File \""D:\\decimal_computer\\decimal_gemm.py\"", line 60, in <listcomp>\n    return np.array([[int(x) for x in row] for row in M], dtype=np.int64)\n                      ^^^^^^\nTypeError: int() argument must be a string, a bytes-like object or a real number, not 'list'\n""}
","[decimal_gemm] auto-selected algo='schoolbook' max_digit_len=None cutoff=None
[decimal_gemm] auto-selected algo='schoolbook' max_digit_len=None cutoff=None
"
4,8,schoolbook,0,0.0,,,"runner_error: Traceback (most recent call last):
  File ""C:\Users\asus\AppData\Local\Temp\bench_runner_22gfk7mk\runner.py"", line 21, in <module>
    res = decimal_gemm_naive(A, B, mul_algo=algo, cutoff=cutoff, return_counters=True)
          ^^^^^^^^^^^^^^^^^^^^^^^^^^^^^^^^^^^^^^^^^^^^^^^^^^^^^^^^^^^^^^^^^^^^^^^^^^^^
  File ""D:\decimal_computer\decimal_gemm.py"", line 171, in decimal_gemm_naive
    C = schoolbook_gemm(A, B, counters=counters)
        ^^^^^^^^^^^^^^^^^^^^^^^^^^^^^^^^^^^^^^^^
  File ""D:\decimal_computer\decimal_gemm.py"", line 73, in schoolbook_gemm
    a = _to_numpy_int_matrix(A)
        ^^^^^^^^^^^^^^^^^^^^^^^
  File ""D:\decimal_computer\decimal_gemm.py"", line 60, in _to_numpy_int_matrix
    return np.array([[int(x) for x in row] for row in M], dtype=np.int64)
                    ^^^^^^^^^^^^^^^^^^^^^^^^^^^^^^^^^^^^
  File ""D:\decimal_computer\decimal_gemm.py"", line 60, in <listcomp>
    return np.array([[int(x) for x in row] for row in M], dtype=np.int64)
                     ^^^^^^^^^^^^^^^^^^^^^
  File ""D:\decimal_computer\decimal_gemm.py"", line 60, in <listcomp>
    return np.array([[int(x) for x in row] for row in M], dtype=np.int64)
                      ^^^^^^
TypeError: int() argument must be a string, a bytes-like object or a real number, not 'list'

During handling of the above exception, another exception occurred:

Traceback (most recent call last):
  File ""C:\Users\asus\AppData\Local\Temp\bench_runner_22gfk7mk\runner.py"", line 24, in <module>
    res = decimal_gemm_naive(A, B, mul_algo=algo, cutoff=cutoff)
          ^^^^^^^^^^^^^^^^^^^^^^^^^^^^^^^^^^^^^^^^^^^^^^^^^^^^^^
  File ""D:\decimal_computer\decimal_gemm.py"", line 171, in decimal_gemm_naive
    C = schoolbook_gemm(A, B, counters=counters)
        ^^^^^^^^^^^^^^^^^^^^^^^^^^^^^^^^^^^^^^^^
  File ""D:\decimal_computer\decimal_gemm.py"", line 73, in schoolbook_gemm
    a = _to_numpy_int_matrix(A)
        ^^^^^^^^^^^^^^^^^^^^^^^
  File ""D:\decimal_computer\decimal_gemm.py"", line 60, in _to_numpy_int_matrix
    return np.array([[int(x) for x in row] for row in M], dtype=np.int64)
                    ^^^^^^^^^^^^^^^^^^^^^^^^^^^^^^^^^^^^
  File ""D:\decimal_computer\decimal_gemm.py"", line 60, in <listcomp>
    return np.array([[int(x) for x in row] for row in M], dtype=np.int64)
                     ^^^^^^^^^^^^^^^^^^^^^
  File ""D:\decimal_computer\decimal_gemm.py"", line 60, in <listcomp>
    return np.array([[int(x) for x in row] for row in M], dtype=np.int64)
                      ^^^^^^
TypeError: int() argument must be a string, a bytes-like object or a real number, not 'list'
",4,,,"{""ok"": false, ""error"": ""call_failed"", ""trace"": ""Traceback (most recent call last):\n  File \""C:\\Users\\asus\\AppData\\Local\\Temp\\bench_runner_22gfk7mk\\runner.py\"", line 21, in <module>\n    res = decimal_gemm_naive(A, B, mul_algo=algo, cutoff=cutoff, return_counters=True)\n          ^^^^^^^^^^^^^^^^^^^^^^^^^^^^^^^^^^^^^^^^^^^^^^^^^^^^^^^^^^^^^^^^^^^^^^^^^^^^\n  File \""D:\\decimal_computer\\decimal_gemm.py\"", line 171, in decimal_gemm_naive\n    C = schoolbook_gemm(A, B, counters=counters)\n        ^^^^^^^^^^^^^^^^^^^^^^^^^^^^^^^^^^^^^^^^\n  File \""D:\\decimal_computer\\decimal_gemm.py\"", line 73, in schoolbook_gemm\n    a = _to_numpy_int_matrix(A)\n        ^^^^^^^^^^^^^^^^^^^^^^^\n  File \""D:\\decimal_computer\\decimal_gemm.py\"", line 60, in _to_numpy_int_matrix\n    return np.array([[int(x) for x in row] for row in M], dtype=np.int64)\n                    ^^^^^^^^^^^^^^^^^^^^^^^^^^^^^^^^^^^^\n  File \""D:\\decimal_computer\\decimal_gemm.py\"", line 60, in <listcomp>\n    return np.array([[int(x) for x in row] for row in M], dtype=np.int64)\n                     ^^^^^^^^^^^^^^^^^^^^^\n  File \""D:\\decimal_computer\\decimal_gemm.py\"", line 60, in <listcomp>\n    return np.array([[int(x) for x in row] for row in M], dtype=np.int64)\n                      ^^^^^^\nTypeError: int() argument must be a string, a bytes-like object or a real number, not 'list'\n\nDuring handling of the above exception, another exception occurred:\n\nTraceback (most recent call last):\n  File \""C:\\Users\\asus\\AppData\\Local\\Temp\\bench_runner_22gfk7mk\\runner.py\"", line 24, in <module>\n    res = decimal_gemm_naive(A, B, mul_algo=algo, cutoff=cutoff)\n          ^^^^^^^^^^^^^^^^^^^^^^^^^^^^^^^^^^^^^^^^^^^^^^^^^^^^^^\n  File \""D:\\decimal_computer\\decimal_gemm.py\"", line 171, in decimal_gemm_naive\n    C = schoolbook_gemm(A, B, counters=counters)\n        ^^^^^^^^^^^^^^^^^^^^^^^^^^^^^^^^^^^^^^^^\n  File \""D:\\decimal_computer\\decimal_gemm.py\"", line 73, in schoolbook_gemm\n    a = _to_numpy_int_matrix(A)\n        ^^^^^^^^^^^^^^^^^^^^^^^\n  File \""D:\\decimal_computer\\decimal_gemm.py\"", line 60, in _to_numpy_int_matrix\n    return np.array([[int(x) for x in row] for row in M], dtype=np.int64)\n                    ^^^^^^^^^^^^^^^^^^^^^^^^^^^^^^^^^^^^\n  File \""D:\\decimal_computer\\decimal_gemm.py\"", line 60, in <listcomp>\n    return np.array([[int(x) for x in row] for row in M], dtype=np.int64)\n                     ^^^^^^^^^^^^^^^^^^^^^\n  File \""D:\\decimal_computer\\decimal_gemm.py\"", line 60, in <listcomp>\n    return np.array([[int(x) for x in row] for row in M], dtype=np.int64)\n                      ^^^^^^\nTypeError: int() argument must be a string, a bytes-like object or a real number, not 'list'\n""}
",
4,8,schoolbook,1,0.0,,,"runner_error: Traceback (most recent call last):
  File ""C:\Users\asus\AppData\Local\Temp\bench_runner_h_80uw9c\runner.py"", line 21, in <module>
    res = decimal_gemm_naive(A, B, mul_algo=algo, cutoff=cutoff, return_counters=True)
          ^^^^^^^^^^^^^^^^^^^^^^^^^^^^^^^^^^^^^^^^^^^^^^^^^^^^^^^^^^^^^^^^^^^^^^^^^^^^
  File ""D:\decimal_computer\decimal_gemm.py"", line 171, in decimal_gemm_naive
    C = schoolbook_gemm(A, B, counters=counters)
        ^^^^^^^^^^^^^^^^^^^^^^^^^^^^^^^^^^^^^^^^
  File ""D:\decimal_computer\decimal_gemm.py"", line 73, in schoolbook_gemm
    a = _to_numpy_int_matrix(A)
        ^^^^^^^^^^^^^^^^^^^^^^^
  File ""D:\decimal_computer\decimal_gemm.py"", line 60, in _to_numpy_int_matrix
    return np.array([[int(x) for x in row] for row in M], dtype=np.int64)
                    ^^^^^^^^^^^^^^^^^^^^^^^^^^^^^^^^^^^^
  File ""D:\decimal_computer\decimal_gemm.py"", line 60, in <listcomp>
    return np.array([[int(x) for x in row] for row in M], dtype=np.int64)
                     ^^^^^^^^^^^^^^^^^^^^^
  File ""D:\decimal_computer\decimal_gemm.py"", line 60, in <listcomp>
    return np.array([[int(x) for x in row] for row in M], dtype=np.int64)
                      ^^^^^^
TypeError: int() argument must be a string, a bytes-like object or a real number, not 'list'

During handling of the above exception, another exception occurred:

Traceback (most recent call last):
  File ""C:\Users\asus\AppData\Local\Temp\bench_runner_h_80uw9c\runner.py"", line 24, in <module>
    res = decimal_gemm_naive(A, B, mul_algo=algo, cutoff=cutoff)
          ^^^^^^^^^^^^^^^^^^^^^^^^^^^^^^^^^^^^^^^^^^^^^^^^^^^^^^
  File ""D:\decimal_computer\decimal_gemm.py"", line 171, in decimal_gemm_naive
    C = schoolbook_gemm(A, B, counters=counters)
        ^^^^^^^^^^^^^^^^^^^^^^^^^^^^^^^^^^^^^^^^
  File ""D:\decimal_computer\decimal_gemm.py"", line 73, in schoolbook_gemm
    a = _to_numpy_int_matrix(A)
        ^^^^^^^^^^^^^^^^^^^^^^^
  File ""D:\decimal_computer\decimal_gemm.py"", line 60, in _to_numpy_int_matrix
    return np.array([[int(x) for x in row] for row in M], dtype=np.int64)
                    ^^^^^^^^^^^^^^^^^^^^^^^^^^^^^^^^^^^^
  File ""D:\decimal_computer\decimal_gemm.py"", line 60, in <listcomp>
    return np.array([[int(x) for x in row] for row in M], dtype=np.int64)
                     ^^^^^^^^^^^^^^^^^^^^^
  File ""D:\decimal_computer\decimal_gemm.py"", line 60, in <listcomp>
    return np.array([[int(x) for x in row] for row in M], dtype=np.int64)
                      ^^^^^^
TypeError: int() argument must be a string, a bytes-like object or a real number, not 'list'
",4,,,"{""ok"": false, ""error"": ""call_failed"", ""trace"": ""Traceback (most recent call last):\n  File \""C:\\Users\\asus\\AppData\\Local\\Temp\\bench_runner_h_80uw9c\\runner.py\"", line 21, in <module>\n    res = decimal_gemm_naive(A, B, mul_algo=algo, cutoff=cutoff, return_counters=True)\n          ^^^^^^^^^^^^^^^^^^^^^^^^^^^^^^^^^^^^^^^^^^^^^^^^^^^^^^^^^^^^^^^^^^^^^^^^^^^^\n  File \""D:\\decimal_computer\\decimal_gemm.py\"", line 171, in decimal_gemm_naive\n    C = schoolbook_gemm(A, B, counters=counters)\n        ^^^^^^^^^^^^^^^^^^^^^^^^^^^^^^^^^^^^^^^^\n  File \""D:\\decimal_computer\\decimal_gemm.py\"", line 73, in schoolbook_gemm\n    a = _to_numpy_int_matrix(A)\n        ^^^^^^^^^^^^^^^^^^^^^^^\n  File \""D:\\decimal_computer\\decimal_gemm.py\"", line 60, in _to_numpy_int_matrix\n    return np.array([[int(x) for x in row] for row in M], dtype=np.int64)\n                    ^^^^^^^^^^^^^^^^^^^^^^^^^^^^^^^^^^^^\n  File \""D:\\decimal_computer\\decimal_gemm.py\"", line 60, in <listcomp>\n    return np.array([[int(x) for x in row] for row in M], dtype=np.int64)\n                     ^^^^^^^^^^^^^^^^^^^^^\n  File \""D:\\decimal_computer\\decimal_gemm.py\"", line 60, in <listcomp>\n    return np.array([[int(x) for x in row] for row in M], dtype=np.int64)\n                      ^^^^^^\nTypeError: int() argument must be a string, a bytes-like object or a real number, not 'list'\n\nDuring handling of the above exception, another exception occurred:\n\nTraceback (most recent call last):\n  File \""C:\\Users\\asus\\AppData\\Local\\Temp\\bench_runner_h_80uw9c\\runner.py\"", line 24, in <module>\n    res = decimal_gemm_naive(A, B, mul_algo=algo, cutoff=cutoff)\n          ^^^^^^^^^^^^^^^^^^^^^^^^^^^^^^^^^^^^^^^^^^^^^^^^^^^^^^\n  File \""D:\\decimal_computer\\decimal_gemm.py\"", line 171, in decimal_gemm_naive\n    C = schoolbook_gemm(A, B, counters=counters)\n        ^^^^^^^^^^^^^^^^^^^^^^^^^^^^^^^^^^^^^^^^\n  File \""D:\\decimal_computer\\decimal_gemm.py\"", line 73, in schoolbook_gemm\n    a = _to_numpy_int_matrix(A)\n        ^^^^^^^^^^^^^^^^^^^^^^^\n  File \""D:\\decimal_computer\\decimal_gemm.py\"", line 60, in _to_numpy_int_matrix\n    return np.array([[int(x) for x in row] for row in M], dtype=np.int64)\n                    ^^^^^^^^^^^^^^^^^^^^^^^^^^^^^^^^^^^^\n  File \""D:\\decimal_computer\\decimal_gemm.py\"", line 60, in <listcomp>\n    return np.array([[int(x) for x in row] for row in M], dtype=np.int64)\n                     ^^^^^^^^^^^^^^^^^^^^^\n  File \""D:\\decimal_computer\\decimal_gemm.py\"", line 60, in <listcomp>\n    return np.array([[int(x) for x in row] for row in M], dtype=np.int64)\n                      ^^^^^^\nTypeError: int() argument must be a string, a bytes-like object or a real number, not 'list'\n""}
",
4,8,karatsuba,0,0.0,,,"runner_error: Traceback (most recent call last):
  File ""C:\Users\asus\AppData\Local\Temp\bench_runner_w_h664mo\runner.py"", line 21, in <module>
    res = decimal_gemm_naive(A, B, mul_algo=algo, cutoff=cutoff, return_counters=True)
          ^^^^^^^^^^^^^^^^^^^^^^^^^^^^^^^^^^^^^^^^^^^^^^^^^^^^^^^^^^^^^^^^^^^^^^^^^^^^
  File ""D:\decimal_computer\decimal_gemm.py"", line 173, in decimal_gemm_naive
    C = karatsuba_gemm(A, B, cutoff=cutoff, counters=counters)
        ^^^^^^^^^^^^^^^^^^^^^^^^^^^^^^^^^^^^^^^^^^^^^^^^^^^^^^
  File ""D:\decimal_computer\decimal_gemm.py"", line 103, in karatsuba_gemm
    return schoolbook_gemm(A, B, counters=counters)
           ^^^^^^^^^^^^^^^^^^^^^^^^^^^^^^^^^^^^^^^^
  File ""D:\decimal_computer\decimal_gemm.py"", line 73, in schoolbook_gemm
    a = _to_numpy_int_matrix(A)
        ^^^^^^^^^^^^^^^^^^^^^^^
  File ""D:\decimal_computer\decimal_gemm.py"", line 60, in _to_numpy_int_matrix
    return np.array([[int(x) for x in row] for row in M], dtype=np.int64)
                    ^^^^^^^^^^^^^^^^^^^^^^^^^^^^^^^^^^^^
  File ""D:\decimal_computer\decimal_gemm.py"", line 60, in <listcomp>
    return np.array([[int(x) for x in row] for row in M], dtype=np.int64)
                     ^^^^^^^^^^^^^^^^^^^^^
  File ""D:\decimal_computer\decimal_gemm.py"", line 60, in <listcomp>
    return np.array([[int(x) for x in row] for row in M], dtype=np.int64)
                      ^^^^^^
TypeError: int() argument must be a string, a bytes-like object or a real number, not 'list'

During handling of the above exception, another exception occurred:

Traceback (most recent call last):
  File ""C:\Users\asus\AppData\Local\Temp\bench_runner_w_h664mo\runner.py"", line 24, in <module>
    res = decimal_gemm_naive(A, B, mul_algo=algo, cutoff=cutoff)
          ^^^^^^^^^^^^^^^^^^^^^^^^^^^^^^^^^^^^^^^^^^^^^^^^^^^^^^
  File ""D:\decimal_computer\decimal_gemm.py"", line 173, in decimal_gemm_naive
    C = karatsuba_gemm(A, B, cutoff=cutoff, counters=counters)
        ^^^^^^^^^^^^^^^^^^^^^^^^^^^^^^^^^^^^^^^^^^^^^^^^^^^^^^
  File ""D:\decimal_computer\decimal_gemm.py"", line 103, in karatsuba_gemm
    return schoolbook_gemm(A, B, counters=counters)
           ^^^^^^^^^^^^^^^^^^^^^^^^^^^^^^^^^^^^^^^^
  File ""D:\decimal_computer\decimal_gemm.py"", line 73, in schoolbook_gemm
    a = _to_numpy_int_matrix(A)
        ^^^^^^^^^^^^^^^^^^^^^^^
  File ""D:\decimal_computer\decimal_gemm.py"", line 60, in _to_numpy_int_matrix
    return np.array([[int(x) for x in row] for row in M], dtype=np.int64)
                    ^^^^^^^^^^^^^^^^^^^^^^^^^^^^^^^^^^^^
  File ""D:\decimal_computer\decimal_gemm.py"", line 60, in <listcomp>
    return np.array([[int(x) for x in row] for row in M], dtype=np.int64)
                     ^^^^^^^^^^^^^^^^^^^^^
  File ""D:\decimal_computer\decimal_gemm.py"", line 60, in <listcomp>
    return np.array([[int(x) for x in row] for row in M], dtype=np.int64)
                      ^^^^^^
TypeError: int() argument must be a string, a bytes-like object or a real number, not 'list'
",4,,,"{""ok"": false, ""error"": ""call_failed"", ""trace"": ""Traceback (most recent call last):\n  File \""C:\\Users\\asus\\AppData\\Local\\Temp\\bench_runner_w_h664mo\\runner.py\"", line 21, in <module>\n    res = decimal_gemm_naive(A, B, mul_algo=algo, cutoff=cutoff, return_counters=True)\n          ^^^^^^^^^^^^^^^^^^^^^^^^^^^^^^^^^^^^^^^^^^^^^^^^^^^^^^^^^^^^^^^^^^^^^^^^^^^^\n  File \""D:\\decimal_computer\\decimal_gemm.py\"", line 173, in decimal_gemm_naive\n    C = karatsuba_gemm(A, B, cutoff=cutoff, counters=counters)\n        ^^^^^^^^^^^^^^^^^^^^^^^^^^^^^^^^^^^^^^^^^^^^^^^^^^^^^^\n  File \""D:\\decimal_computer\\decimal_gemm.py\"", line 103, in karatsuba_gemm\n    return schoolbook_gemm(A, B, counters=counters)\n           ^^^^^^^^^^^^^^^^^^^^^^^^^^^^^^^^^^^^^^^^\n  File \""D:\\decimal_computer\\decimal_gemm.py\"", line 73, in schoolbook_gemm\n    a = _to_numpy_int_matrix(A)\n        ^^^^^^^^^^^^^^^^^^^^^^^\n  File \""D:\\decimal_computer\\decimal_gemm.py\"", line 60, in _to_numpy_int_matrix\n    return np.array([[int(x) for x in row] for row in M], dtype=np.int64)\n                    ^^^^^^^^^^^^^^^^^^^^^^^^^^^^^^^^^^^^\n  File \""D:\\decimal_computer\\decimal_gemm.py\"", line 60, in <listcomp>\n    return np.array([[int(x) for x in row] for row in M], dtype=np.int64)\n                     ^^^^^^^^^^^^^^^^^^^^^\n  File \""D:\\decimal_computer\\decimal_gemm.py\"", line 60, in <listcomp>\n    return np.array([[int(x) for x in row] for row in M], dtype=np.int64)\n                      ^^^^^^\nTypeError: int() argument must be a string, a bytes-like object or a real number, not 'list'\n\nDuring handling of the above exception, another exception occurred:\n\nTraceback (most recent call last):\n  File \""C:\\Users\\asus\\AppData\\Local\\Temp\\bench_runner_w_h664mo\\runner.py\"", line 24, in <module>\n    res = decimal_gemm_naive(A, B, mul_algo=algo, cutoff=cutoff)\n          ^^^^^^^^^^^^^^^^^^^^^^^^^^^^^^^^^^^^^^^^^^^^^^^^^^^^^^\n  File \""D:\\decimal_computer\\decimal_gemm.py\"", line 173, in decimal_gemm_naive\n    C = karatsuba_gemm(A, B, cutoff=cutoff, counters=counters)\n        ^^^^^^^^^^^^^^^^^^^^^^^^^^^^^^^^^^^^^^^^^^^^^^^^^^^^^^\n  File \""D:\\decimal_computer\\decimal_gemm.py\"", line 103, in karatsuba_gemm\n    return schoolbook_gemm(A, B, counters=counters)\n           ^^^^^^^^^^^^^^^^^^^^^^^^^^^^^^^^^^^^^^^^\n  File \""D:\\decimal_computer\\decimal_gemm.py\"", line 73, in schoolbook_gemm\n    a = _to_numpy_int_matrix(A)\n        ^^^^^^^^^^^^^^^^^^^^^^^\n  File \""D:\\decimal_computer\\decimal_gemm.py\"", line 60, in _to_numpy_int_matrix\n    return np.array([[int(x) for x in row] for row in M], dtype=np.int64)\n                    ^^^^^^^^^^^^^^^^^^^^^^^^^^^^^^^^^^^^\n  File \""D:\\decimal_computer\\decimal_gemm.py\"", line 60, in <listcomp>\n    return np.array([[int(x) for x in row] for row in M], dtype=np.int64)\n                     ^^^^^^^^^^^^^^^^^^^^^\n  File \""D:\\decimal_computer\\decimal_gemm.py\"", line 60, in <listcomp>\n    return np.array([[int(x) for x in row] for row in M], dtype=np.int64)\n                      ^^^^^^\nTypeError: int() argument must be a string, a bytes-like object or a real number, not 'list'\n""}
",
4,8,karatsuba,1,0.0,,,"runner_error: Traceback (most recent call last):
  File ""C:\Users\asus\AppData\Local\Temp\bench_runner_mm_idqg8\runner.py"", line 21, in <module>
    res = decimal_gemm_naive(A, B, mul_algo=algo, cutoff=cutoff, return_counters=True)
          ^^^^^^^^^^^^^^^^^^^^^^^^^^^^^^^^^^^^^^^^^^^^^^^^^^^^^^^^^^^^^^^^^^^^^^^^^^^^
  File ""D:\decimal_computer\decimal_gemm.py"", line 173, in decimal_gemm_naive
    C = karatsuba_gemm(A, B, cutoff=cutoff, counters=counters)
        ^^^^^^^^^^^^^^^^^^^^^^^^^^^^^^^^^^^^^^^^^^^^^^^^^^^^^^
  File ""D:\decimal_computer\decimal_gemm.py"", line 103, in karatsuba_gemm
    return schoolbook_gemm(A, B, counters=counters)
           ^^^^^^^^^^^^^^^^^^^^^^^^^^^^^^^^^^^^^^^^
  File ""D:\decimal_computer\decimal_gemm.py"", line 73, in schoolbook_gemm
    a = _to_numpy_int_matrix(A)
        ^^^^^^^^^^^^^^^^^^^^^^^
  File ""D:\decimal_computer\decimal_gemm.py"", line 60, in _to_numpy_int_matrix
    return np.array([[int(x) for x in row] for row in M], dtype=np.int64)
                    ^^^^^^^^^^^^^^^^^^^^^^^^^^^^^^^^^^^^
  File ""D:\decimal_computer\decimal_gemm.py"", line 60, in <listcomp>
    return np.array([[int(x) for x in row] for row in M], dtype=np.int64)
                     ^^^^^^^^^^^^^^^^^^^^^
  File ""D:\decimal_computer\decimal_gemm.py"", line 60, in <listcomp>
    return np.array([[int(x) for x in row] for row in M], dtype=np.int64)
                      ^^^^^^
TypeError: int() argument must be a string, a bytes-like object or a real number, not 'list'

During handling of the above exception, another exception occurred:

Traceback (most recent call last):
  File ""C:\Users\asus\AppData\Local\Temp\bench_runner_mm_idqg8\runner.py"", line 24, in <module>
    res = decimal_gemm_naive(A, B, mul_algo=algo, cutoff=cutoff)
          ^^^^^^^^^^^^^^^^^^^^^^^^^^^^^^^^^^^^^^^^^^^^^^^^^^^^^^
  File ""D:\decimal_computer\decimal_gemm.py"", line 173, in decimal_gemm_naive
    C = karatsuba_gemm(A, B, cutoff=cutoff, counters=counters)
        ^^^^^^^^^^^^^^^^^^^^^^^^^^^^^^^^^^^^^^^^^^^^^^^^^^^^^^
  File ""D:\decimal_computer\decimal_gemm.py"", line 103, in karatsuba_gemm
    return schoolbook_gemm(A, B, counters=counters)
           ^^^^^^^^^^^^^^^^^^^^^^^^^^^^^^^^^^^^^^^^
  File ""D:\decimal_computer\decimal_gemm.py"", line 73, in schoolbook_gemm
    a = _to_numpy_int_matrix(A)
        ^^^^^^^^^^^^^^^^^^^^^^^
  File ""D:\decimal_computer\decimal_gemm.py"", line 60, in _to_numpy_int_matrix
    return np.array([[int(x) for x in row] for row in M], dtype=np.int64)
                    ^^^^^^^^^^^^^^^^^^^^^^^^^^^^^^^^^^^^
  File ""D:\decimal_computer\decimal_gemm.py"", line 60, in <listcomp>
    return np.array([[int(x) for x in row] for row in M], dtype=np.int64)
                     ^^^^^^^^^^^^^^^^^^^^^
  File ""D:\decimal_computer\decimal_gemm.py"", line 60, in <listcomp>
    return np.array([[int(x) for x in row] for row in M], dtype=np.int64)
                      ^^^^^^
TypeError: int() argument must be a string, a bytes-like object or a real number, not 'list'
",4,,,"{""ok"": false, ""error"": ""call_failed"", ""trace"": ""Traceback (most recent call last):\n  File \""C:\\Users\\asus\\AppData\\Local\\Temp\\bench_runner_mm_idqg8\\runner.py\"", line 21, in <module>\n    res = decimal_gemm_naive(A, B, mul_algo=algo, cutoff=cutoff, return_counters=True)\n          ^^^^^^^^^^^^^^^^^^^^^^^^^^^^^^^^^^^^^^^^^^^^^^^^^^^^^^^^^^^^^^^^^^^^^^^^^^^^\n  File \""D:\\decimal_computer\\decimal_gemm.py\"", line 173, in decimal_gemm_naive\n    C = karatsuba_gemm(A, B, cutoff=cutoff, counters=counters)\n        ^^^^^^^^^^^^^^^^^^^^^^^^^^^^^^^^^^^^^^^^^^^^^^^^^^^^^^\n  File \""D:\\decimal_computer\\decimal_gemm.py\"", line 103, in karatsuba_gemm\n    return schoolbook_gemm(A, B, counters=counters)\n           ^^^^^^^^^^^^^^^^^^^^^^^^^^^^^^^^^^^^^^^^\n  File \""D:\\decimal_computer\\decimal_gemm.py\"", line 73, in schoolbook_gemm\n    a = _to_numpy_int_matrix(A)\n        ^^^^^^^^^^^^^^^^^^^^^^^\n  File \""D:\\decimal_computer\\decimal_gemm.py\"", line 60, in _to_numpy_int_matrix\n    return np.array([[int(x) for x in row] for row in M], dtype=np.int64)\n                    ^^^^^^^^^^^^^^^^^^^^^^^^^^^^^^^^^^^^\n  File \""D:\\decimal_computer\\decimal_gemm.py\"", line 60, in <listcomp>\n    return np.array([[int(x) for x in row] for row in M], dtype=np.int64)\n                     ^^^^^^^^^^^^^^^^^^^^^\n  File \""D:\\decimal_computer\\decimal_gemm.py\"", line 60, in <listcomp>\n    return np.array([[int(x) for x in row] for row in M], dtype=np.int64)\n                      ^^^^^^\nTypeError: int() argument must be a string, a bytes-like object or a real number, not 'list'\n\nDuring handling of the above exception, another exception occurred:\n\nTraceback (most recent call last):\n  File \""C:\\Users\\asus\\AppData\\Local\\Temp\\bench_runner_mm_idqg8\\runner.py\"", line 24, in <module>\n    res = decimal_gemm_naive(A, B, mul_algo=algo, cutoff=cutoff)\n          ^^^^^^^^^^^^^^^^^^^^^^^^^^^^^^^^^^^^^^^^^^^^^^^^^^^^^^\n  File \""D:\\decimal_computer\\decimal_gemm.py\"", line 173, in decimal_gemm_naive\n    C = karatsuba_gemm(A, B, cutoff=cutoff, counters=counters)\n        ^^^^^^^^^^^^^^^^^^^^^^^^^^^^^^^^^^^^^^^^^^^^^^^^^^^^^^\n  File \""D:\\decimal_computer\\decimal_gemm.py\"", line 103, in karatsuba_gemm\n    return schoolbook_gemm(A, B, counters=counters)\n           ^^^^^^^^^^^^^^^^^^^^^^^^^^^^^^^^^^^^^^^^\n  File \""D:\\decimal_computer\\decimal_gemm.py\"", line 73, in schoolbook_gemm\n    a = _to_numpy_int_matrix(A)\n        ^^^^^^^^^^^^^^^^^^^^^^^\n  File \""D:\\decimal_computer\\decimal_gemm.py\"", line 60, in _to_numpy_int_matrix\n    return np.array([[int(x) for x in row] for row in M], dtype=np.int64)\n                    ^^^^^^^^^^^^^^^^^^^^^^^^^^^^^^^^^^^^\n  File \""D:\\decimal_computer\\decimal_gemm.py\"", line 60, in <listcomp>\n    return np.array([[int(x) for x in row] for row in M], dtype=np.int64)\n                     ^^^^^^^^^^^^^^^^^^^^^\n  File \""D:\\decimal_computer\\decimal_gemm.py\"", line 60, in <listcomp>\n    return np.array([[int(x) for x in row] for row in M], dtype=np.int64)\n                      ^^^^^^\nTypeError: int() argument must be a string, a bytes-like object or a real number, not 'list'\n""}
",
4,8,strassen,0,0.0,,,"runner_error: Traceback (most recent call last):
  File ""C:\Users\asus\AppData\Local\Temp\bench_runner_01toefvf\runner.py"", line 21, in <module>
    res = decimal_gemm_naive(A, B, mul_algo=algo, cutoff=cutoff, return_counters=True)
          ^^^^^^^^^^^^^^^^^^^^^^^^^^^^^^^^^^^^^^^^^^^^^^^^^^^^^^^^^^^^^^^^^^^^^^^^^^^^
  File ""D:\decimal_computer\decimal_gemm.py"", line 175, in decimal_gemm_naive
    C = strassen_wrapper(A, B, cutoff=cutoff, counters=counters)
        ^^^^^^^^^^^^^^^^^^^^^^^^^^^^^^^^^^^^^^^^^^^^^^^^^^^^^^^^
  File ""D:\decimal_computer\decimal_gemm.py"", line 117, in strassen_wrapper
    return schoolbook_gemm(A, B, counters=counters)
           ^^^^^^^^^^^^^^^^^^^^^^^^^^^^^^^^^^^^^^^^
  File ""D:\decimal_computer\decimal_gemm.py"", line 73, in schoolbook_gemm
    a = _to_numpy_int_matrix(A)
        ^^^^^^^^^^^^^^^^^^^^^^^
  File ""D:\decimal_computer\decimal_gemm.py"", line 60, in _to_numpy_int_matrix
    return np.array([[int(x) for x in row] for row in M], dtype=np.int64)
                    ^^^^^^^^^^^^^^^^^^^^^^^^^^^^^^^^^^^^
  File ""D:\decimal_computer\decimal_gemm.py"", line 60, in <listcomp>
    return np.array([[int(x) for x in row] for row in M], dtype=np.int64)
                     ^^^^^^^^^^^^^^^^^^^^^
  File ""D:\decimal_computer\decimal_gemm.py"", line 60, in <listcomp>
    return np.array([[int(x) for x in row] for row in M], dtype=np.int64)
                      ^^^^^^
TypeError: int() argument must be a string, a bytes-like object or a real number, not 'list'

During handling of the above exception, another exception occurred:

Traceback (most recent call last):
  File ""C:\Users\asus\AppData\Local\Temp\bench_runner_01toefvf\runner.py"", line 24, in <module>
    res = decimal_gemm_naive(A, B, mul_algo=algo, cutoff=cutoff)
          ^^^^^^^^^^^^^^^^^^^^^^^^^^^^^^^^^^^^^^^^^^^^^^^^^^^^^^
  File ""D:\decimal_computer\decimal_gemm.py"", line 175, in decimal_gemm_naive
    C = strassen_wrapper(A, B, cutoff=cutoff, counters=counters)
        ^^^^^^^^^^^^^^^^^^^^^^^^^^^^^^^^^^^^^^^^^^^^^^^^^^^^^^^^
  File ""D:\decimal_computer\decimal_gemm.py"", line 117, in strassen_wrapper
    return schoolbook_gemm(A, B, counters=counters)
           ^^^^^^^^^^^^^^^^^^^^^^^^^^^^^^^^^^^^^^^^
  File ""D:\decimal_computer\decimal_gemm.py"", line 73, in schoolbook_gemm
    a = _to_numpy_int_matrix(A)
        ^^^^^^^^^^^^^^^^^^^^^^^
  File ""D:\decimal_computer\decimal_gemm.py"", line 60, in _to_numpy_int_matrix
    return np.array([[int(x) for x in row] for row in M], dtype=np.int64)
                    ^^^^^^^^^^^^^^^^^^^^^^^^^^^^^^^^^^^^
  File ""D:\decimal_computer\decimal_gemm.py"", line 60, in <listcomp>
    return np.array([[int(x) for x in row] for row in M], dtype=np.int64)
                     ^^^^^^^^^^^^^^^^^^^^^
  File ""D:\decimal_computer\decimal_gemm.py"", line 60, in <listcomp>
    return np.array([[int(x) for x in row] for row in M], dtype=np.int64)
                      ^^^^^^
TypeError: int() argument must be a string, a bytes-like object or a real number, not 'list'
",4,,,"{""ok"": false, ""error"": ""call_failed"", ""trace"": ""Traceback (most recent call last):\n  File \""C:\\Users\\asus\\AppData\\Local\\Temp\\bench_runner_01toefvf\\runner.py\"", line 21, in <module>\n    res = decimal_gemm_naive(A, B, mul_algo=algo, cutoff=cutoff, return_counters=True)\n          ^^^^^^^^^^^^^^^^^^^^^^^^^^^^^^^^^^^^^^^^^^^^^^^^^^^^^^^^^^^^^^^^^^^^^^^^^^^^\n  File \""D:\\decimal_computer\\decimal_gemm.py\"", line 175, in decimal_gemm_naive\n    C = strassen_wrapper(A, B, cutoff=cutoff, counters=counters)\n        ^^^^^^^^^^^^^^^^^^^^^^^^^^^^^^^^^^^^^^^^^^^^^^^^^^^^^^^^\n  File \""D:\\decimal_computer\\decimal_gemm.py\"", line 117, in strassen_wrapper\n    return schoolbook_gemm(A, B, counters=counters)\n           ^^^^^^^^^^^^^^^^^^^^^^^^^^^^^^^^^^^^^^^^\n  File \""D:\\decimal_computer\\decimal_gemm.py\"", line 73, in schoolbook_gemm\n    a = _to_numpy_int_matrix(A)\n        ^^^^^^^^^^^^^^^^^^^^^^^\n  File \""D:\\decimal_computer\\decimal_gemm.py\"", line 60, in _to_numpy_int_matrix\n    return np.array([[int(x) for x in row] for row in M], dtype=np.int64)\n                    ^^^^^^^^^^^^^^^^^^^^^^^^^^^^^^^^^^^^\n  File \""D:\\decimal_computer\\decimal_gemm.py\"", line 60, in <listcomp>\n    return np.array([[int(x) for x in row] for row in M], dtype=np.int64)\n                     ^^^^^^^^^^^^^^^^^^^^^\n  File \""D:\\decimal_computer\\decimal_gemm.py\"", line 60, in <listcomp>\n    return np.array([[int(x) for x in row] for row in M], dtype=np.int64)\n                      ^^^^^^\nTypeError: int() argument must be a string, a bytes-like object or a real number, not 'list'\n\nDuring handling of the above exception, another exception occurred:\n\nTraceback (most recent call last):\n  File \""C:\\Users\\asus\\AppData\\Local\\Temp\\bench_runner_01toefvf\\runner.py\"", line 24, in <module>\n    res = decimal_gemm_naive(A, B, mul_algo=algo, cutoff=cutoff)\n          ^^^^^^^^^^^^^^^^^^^^^^^^^^^^^^^^^^^^^^^^^^^^^^^^^^^^^^\n  File \""D:\\decimal_computer\\decimal_gemm.py\"", line 175, in decimal_gemm_naive\n    C = strassen_wrapper(A, B, cutoff=cutoff, counters=counters)\n        ^^^^^^^^^^^^^^^^^^^^^^^^^^^^^^^^^^^^^^^^^^^^^^^^^^^^^^^^\n  File \""D:\\decimal_computer\\decimal_gemm.py\"", line 117, in strassen_wrapper\n    return schoolbook_gemm(A, B, counters=counters)\n           ^^^^^^^^^^^^^^^^^^^^^^^^^^^^^^^^^^^^^^^^\n  File \""D:\\decimal_computer\\decimal_gemm.py\"", line 73, in schoolbook_gemm\n    a = _to_numpy_int_matrix(A)\n        ^^^^^^^^^^^^^^^^^^^^^^^\n  File \""D:\\decimal_computer\\decimal_gemm.py\"", line 60, in _to_numpy_int_matrix\n    return np.array([[int(x) for x in row] for row in M], dtype=np.int64)\n                    ^^^^^^^^^^^^^^^^^^^^^^^^^^^^^^^^^^^^\n  File \""D:\\decimal_computer\\decimal_gemm.py\"", line 60, in <listcomp>\n    return np.array([[int(x) for x in row] for row in M], dtype=np.int64)\n                     ^^^^^^^^^^^^^^^^^^^^^\n  File \""D:\\decimal_computer\\decimal_gemm.py\"", line 60, in <listcomp>\n    return np.array([[int(x) for x in row] for row in M], dtype=np.int64)\n                      ^^^^^^\nTypeError: int() argument must be a string, a bytes-like object or a real number, not 'list'\n""}
",
4,8,strassen,1,0.0,,,"runner_error: Traceback (most recent call last):
  File ""C:\Users\asus\AppData\Local\Temp\bench_runner_35htzup0\runner.py"", line 21, in <module>
    res = decimal_gemm_naive(A, B, mul_algo=algo, cutoff=cutoff, return_counters=True)
          ^^^^^^^^^^^^^^^^^^^^^^^^^^^^^^^^^^^^^^^^^^^^^^^^^^^^^^^^^^^^^^^^^^^^^^^^^^^^
  File ""D:\decimal_computer\decimal_gemm.py"", line 175, in decimal_gemm_naive
    C = strassen_wrapper(A, B, cutoff=cutoff, counters=counters)
        ^^^^^^^^^^^^^^^^^^^^^^^^^^^^^^^^^^^^^^^^^^^^^^^^^^^^^^^^
  File ""D:\decimal_computer\decimal_gemm.py"", line 117, in strassen_wrapper
    return schoolbook_gemm(A, B, counters=counters)
           ^^^^^^^^^^^^^^^^^^^^^^^^^^^^^^^^^^^^^^^^
  File ""D:\decimal_computer\decimal_gemm.py"", line 73, in schoolbook_gemm
    a = _to_numpy_int_matrix(A)
        ^^^^^^^^^^^^^^^^^^^^^^^
  File ""D:\decimal_computer\decimal_gemm.py"", line 60, in _to_numpy_int_matrix
    return np.array([[int(x) for x in row] for row in M], dtype=np.int64)
                    ^^^^^^^^^^^^^^^^^^^^^^^^^^^^^^^^^^^^
  File ""D:\decimal_computer\decimal_gemm.py"", line 60, in <listcomp>
    return np.array([[int(x) for x in row] for row in M], dtype=np.int64)
                     ^^^^^^^^^^^^^^^^^^^^^
  File ""D:\decimal_computer\decimal_gemm.py"", line 60, in <listcomp>
    return np.array([[int(x) for x in row] for row in M], dtype=np.int64)
                      ^^^^^^
TypeError: int() argument must be a string, a bytes-like object or a real number, not 'list'

During handling of the above exception, another exception occurred:

Traceback (most recent call last):
  File ""C:\Users\asus\AppData\Local\Temp\bench_runner_35htzup0\runner.py"", line 24, in <module>
    res = decimal_gemm_naive(A, B, mul_algo=algo, cutoff=cutoff)
          ^^^^^^^^^^^^^^^^^^^^^^^^^^^^^^^^^^^^^^^^^^^^^^^^^^^^^^
  File ""D:\decimal_computer\decimal_gemm.py"", line 175, in decimal_gemm_naive
    C = strassen_wrapper(A, B, cutoff=cutoff, counters=counters)
        ^^^^^^^^^^^^^^^^^^^^^^^^^^^^^^^^^^^^^^^^^^^^^^^^^^^^^^^^
  File ""D:\decimal_computer\decimal_gemm.py"", line 117, in strassen_wrapper
    return schoolbook_gemm(A, B, counters=counters)
           ^^^^^^^^^^^^^^^^^^^^^^^^^^^^^^^^^^^^^^^^
  File ""D:\decimal_computer\decimal_gemm.py"", line 73, in schoolbook_gemm
    a = _to_numpy_int_matrix(A)
        ^^^^^^^^^^^^^^^^^^^^^^^
  File ""D:\decimal_computer\decimal_gemm.py"", line 60, in _to_numpy_int_matrix
    return np.array([[int(x) for x in row] for row in M], dtype=np.int64)
                    ^^^^^^^^^^^^^^^^^^^^^^^^^^^^^^^^^^^^
  File ""D:\decimal_computer\decimal_gemm.py"", line 60, in <listcomp>
    return np.array([[int(x) for x in row] for row in M], dtype=np.int64)
                     ^^^^^^^^^^^^^^^^^^^^^
  File ""D:\decimal_computer\decimal_gemm.py"", line 60, in <listcomp>
    return np.array([[int(x) for x in row] for row in M], dtype=np.int64)
                      ^^^^^^
TypeError: int() argument must be a string, a bytes-like object or a real number, not 'list'
",4,,,"{""ok"": false, ""error"": ""call_failed"", ""trace"": ""Traceback (most recent call last):\n  File \""C:\\Users\\asus\\AppData\\Local\\Temp\\bench_runner_35htzup0\\runner.py\"", line 21, in <module>\n    res = decimal_gemm_naive(A, B, mul_algo=algo, cutoff=cutoff, return_counters=True)\n          ^^^^^^^^^^^^^^^^^^^^^^^^^^^^^^^^^^^^^^^^^^^^^^^^^^^^^^^^^^^^^^^^^^^^^^^^^^^^\n  File \""D:\\decimal_computer\\decimal_gemm.py\"", line 175, in decimal_gemm_naive\n    C = strassen_wrapper(A, B, cutoff=cutoff, counters=counters)\n        ^^^^^^^^^^^^^^^^^^^^^^^^^^^^^^^^^^^^^^^^^^^^^^^^^^^^^^^^\n  File \""D:\\decimal_computer\\decimal_gemm.py\"", line 117, in strassen_wrapper\n    return schoolbook_gemm(A, B, counters=counters)\n           ^^^^^^^^^^^^^^^^^^^^^^^^^^^^^^^^^^^^^^^^\n  File \""D:\\decimal_computer\\decimal_gemm.py\"", line 73, in schoolbook_gemm\n    a = _to_numpy_int_matrix(A)\n        ^^^^^^^^^^^^^^^^^^^^^^^\n  File \""D:\\decimal_computer\\decimal_gemm.py\"", line 60, in _to_numpy_int_matrix\n    return np.array([[int(x) for x in row] for row in M], dtype=np.int64)\n                    ^^^^^^^^^^^^^^^^^^^^^^^^^^^^^^^^^^^^\n  File \""D:\\decimal_computer\\decimal_gemm.py\"", line 60, in <listcomp>\n    return np.array([[int(x) for x in row] for row in M], dtype=np.int64)\n                     ^^^^^^^^^^^^^^^^^^^^^\n  File \""D:\\decimal_computer\\decimal_gemm.py\"", line 60, in <listcomp>\n    return np.array([[int(x) for x in row] for row in M], dtype=np.int64)\n                      ^^^^^^\nTypeError: int() argument must be a string, a bytes-like object or a real number, not 'list'\n\nDuring handling of the above exception, another exception occurred:\n\nTraceback (most recent call last):\n  File \""C:\\Users\\asus\\AppData\\Local\\Temp\\bench_runner_35htzup0\\runner.py\"", line 24, in <module>\n    res = decimal_gemm_naive(A, B, mul_algo=algo, cutoff=cutoff)\n          ^^^^^^^^^^^^^^^^^^^^^^^^^^^^^^^^^^^^^^^^^^^^^^^^^^^^^^\n  File \""D:\\decimal_computer\\decimal_gemm.py\"", line 175, in decimal_gemm_naive\n    C = strassen_wrapper(A, B, cutoff=cutoff, counters=counters)\n        ^^^^^^^^^^^^^^^^^^^^^^^^^^^^^^^^^^^^^^^^^^^^^^^^^^^^^^^^\n  File \""D:\\decimal_computer\\decimal_gemm.py\"", line 117, in strassen_wrapper\n    return schoolbook_gemm(A, B, counters=counters)\n           ^^^^^^^^^^^^^^^^^^^^^^^^^^^^^^^^^^^^^^^^\n  File \""D:\\decimal_computer\\decimal_gemm.py\"", line 73, in schoolbook_gemm\n    a = _to_numpy_int_matrix(A)\n        ^^^^^^^^^^^^^^^^^^^^^^^\n  File \""D:\\decimal_computer\\decimal_gemm.py\"", line 60, in _to_numpy_int_matrix\n    return np.array([[int(x) for x in row] for row in M], dtype=np.int64)\n                    ^^^^^^^^^^^^^^^^^^^^^^^^^^^^^^^^^^^^\n  File \""D:\\decimal_computer\\decimal_gemm.py\"", line 60, in <listcomp>\n    return np.array([[int(x) for x in row] for row in M], dtype=np.int64)\n                     ^^^^^^^^^^^^^^^^^^^^^\n  File \""D:\\decimal_computer\\decimal_gemm.py\"", line 60, in <listcomp>\n    return np.array([[int(x) for x in row] for row in M], dtype=np.int64)\n                      ^^^^^^\nTypeError: int() argument must be a string, a bytes-like object or a real number, not 'list'\n""}
",
8,4,auto,0,0.0,,,"runner_error: Traceback (most recent call last):
  File ""C:\Users\asus\AppData\Local\Temp\bench_runner_3bbwph7g\runner.py"", line 21, in <module>
    res = decimal_gemm_naive(A, B, mul_algo=algo, cutoff=cutoff, return_counters=True)
          ^^^^^^^^^^^^^^^^^^^^^^^^^^^^^^^^^^^^^^^^^^^^^^^^^^^^^^^^^^^^^^^^^^^^^^^^^^^^
  File ""D:\decimal_computer\decimal_gemm.py"", line 171, in decimal_gemm_naive
    C = schoolbook_gemm(A, B, counters=counters)
        ^^^^^^^^^^^^^^^^^^^^^^^^^^^^^^^^^^^^^^^^
  File ""D:\decimal_computer\decimal_gemm.py"", line 73, in schoolbook_gemm
    a = _to_numpy_int_matrix(A)
        ^^^^^^^^^^^^^^^^^^^^^^^
  File ""D:\decimal_computer\decimal_gemm.py"", line 60, in _to_numpy_int_matrix
    return np.array([[int(x) for x in row] for row in M], dtype=np.int64)
                    ^^^^^^^^^^^^^^^^^^^^^^^^^^^^^^^^^^^^
  File ""D:\decimal_computer\decimal_gemm.py"", line 60, in <listcomp>
    return np.array([[int(x) for x in row] for row in M], dtype=np.int64)
                     ^^^^^^^^^^^^^^^^^^^^^
  File ""D:\decimal_computer\decimal_gemm.py"", line 60, in <listcomp>
    return np.array([[int(x) for x in row] for row in M], dtype=np.int64)
                      ^^^^^^
TypeError: int() argument must be a string, a bytes-like object or a real number, not 'list'

During handling of the above exception, another exception occurred:

Traceback (most recent call last):
  File ""C:\Users\asus\AppData\Local\Temp\bench_runner_3bbwph7g\runner.py"", line 24, in <module>
    res = decimal_gemm_naive(A, B, mul_algo=algo, cutoff=cutoff)
          ^^^^^^^^^^^^^^^^^^^^^^^^^^^^^^^^^^^^^^^^^^^^^^^^^^^^^^
  File ""D:\decimal_computer\decimal_gemm.py"", line 171, in decimal_gemm_naive
    C = schoolbook_gemm(A, B, counters=counters)
        ^^^^^^^^^^^^^^^^^^^^^^^^^^^^^^^^^^^^^^^^
  File ""D:\decimal_computer\decimal_gemm.py"", line 73, in schoolbook_gemm
    a = _to_numpy_int_matrix(A)
        ^^^^^^^^^^^^^^^^^^^^^^^
  File ""D:\decimal_computer\decimal_gemm.py"", line 60, in _to_numpy_int_matrix
    return np.array([[int(x) for x in row] for row in M], dtype=np.int64)
                    ^^^^^^^^^^^^^^^^^^^^^^^^^^^^^^^^^^^^
  File ""D:\decimal_computer\decimal_gemm.py"", line 60, in <listcomp>
    return np.array([[int(x) for x in row] for row in M], dtype=np.int64)
                     ^^^^^^^^^^^^^^^^^^^^^
  File ""D:\decimal_computer\decimal_gemm.py"", line 60, in <listcomp>
    return np.array([[int(x) for x in row] for row in M], dtype=np.int64)
                      ^^^^^^
TypeError: int() argument must be a string, a bytes-like object or a real number, not 'list'
",4,,,"{""ok"": false, ""error"": ""call_failed"", ""trace"": ""Traceback (most recent call last):\n  File \""C:\\Users\\asus\\AppData\\Local\\Temp\\bench_runner_3bbwph7g\\runner.py\"", line 21, in <module>\n    res = decimal_gemm_naive(A, B, mul_algo=algo, cutoff=cutoff, return_counters=True)\n          ^^^^^^^^^^^^^^^^^^^^^^^^^^^^^^^^^^^^^^^^^^^^^^^^^^^^^^^^^^^^^^^^^^^^^^^^^^^^\n  File \""D:\\decimal_computer\\decimal_gemm.py\"", line 171, in decimal_gemm_naive\n    C = schoolbook_gemm(A, B, counters=counters)\n        ^^^^^^^^^^^^^^^^^^^^^^^^^^^^^^^^^^^^^^^^\n  File \""D:\\decimal_computer\\decimal_gemm.py\"", line 73, in schoolbook_gemm\n    a = _to_numpy_int_matrix(A)\n        ^^^^^^^^^^^^^^^^^^^^^^^\n  File \""D:\\decimal_computer\\decimal_gemm.py\"", line 60, in _to_numpy_int_matrix\n    return np.array([[int(x) for x in row] for row in M], dtype=np.int64)\n                    ^^^^^^^^^^^^^^^^^^^^^^^^^^^^^^^^^^^^\n  File \""D:\\decimal_computer\\decimal_gemm.py\"", line 60, in <listcomp>\n    return np.array([[int(x) for x in row] for row in M], dtype=np.int64)\n                     ^^^^^^^^^^^^^^^^^^^^^\n  File \""D:\\decimal_computer\\decimal_gemm.py\"", line 60, in <listcomp>\n    return np.array([[int(x) for x in row] for row in M], dtype=np.int64)\n                      ^^^^^^\nTypeError: int() argument must be a string, a bytes-like object or a real number, not 'list'\n\nDuring handling of the above exception, another exception occurred:\n\nTraceback (most recent call last):\n  File \""C:\\Users\\asus\\AppData\\Local\\Temp\\bench_runner_3bbwph7g\\runner.py\"", line 24, in <module>\n    res = decimal_gemm_naive(A, B, mul_algo=algo, cutoff=cutoff)\n          ^^^^^^^^^^^^^^^^^^^^^^^^^^^^^^^^^^^^^^^^^^^^^^^^^^^^^^\n  File \""D:\\decimal_computer\\decimal_gemm.py\"", line 171, in decimal_gemm_naive\n    C = schoolbook_gemm(A, B, counters=counters)\n        ^^^^^^^^^^^^^^^^^^^^^^^^^^^^^^^^^^^^^^^^\n  File \""D:\\decimal_computer\\decimal_gemm.py\"", line 73, in schoolbook_gemm\n    a = _to_numpy_int_matrix(A)\n        ^^^^^^^^^^^^^^^^^^^^^^^\n  File \""D:\\decimal_computer\\decimal_gemm.py\"", line 60, in _to_numpy_int_matrix\n    return np.array([[int(x) for x in row] for row in M], dtype=np.int64)\n                    ^^^^^^^^^^^^^^^^^^^^^^^^^^^^^^^^^^^^\n  File \""D:\\decimal_computer\\decimal_gemm.py\"", line 60, in <listcomp>\n    return np.array([[int(x) for x in row] for row in M], dtype=np.int64)\n                     ^^^^^^^^^^^^^^^^^^^^^\n  File \""D:\\decimal_computer\\decimal_gemm.py\"", line 60, in <listcomp>\n    return np.array([[int(x) for x in row] for row in M], dtype=np.int64)\n                      ^^^^^^\nTypeError: int() argument must be a string, a bytes-like object or a real number, not 'list'\n""}
","[decimal_gemm] auto-selected algo='schoolbook' max_digit_len=None cutoff=None
[decimal_gemm] auto-selected algo='schoolbook' max_digit_len=None cutoff=None
"
8,4,auto,1,0.0,,,"runner_error: Traceback (most recent call last):
  File ""C:\Users\asus\AppData\Local\Temp\bench_runner_ou59m3yf\runner.py"", line 21, in <module>
    res = decimal_gemm_naive(A, B, mul_algo=algo, cutoff=cutoff, return_counters=True)
          ^^^^^^^^^^^^^^^^^^^^^^^^^^^^^^^^^^^^^^^^^^^^^^^^^^^^^^^^^^^^^^^^^^^^^^^^^^^^
  File ""D:\decimal_computer\decimal_gemm.py"", line 171, in decimal_gemm_naive
    C = schoolbook_gemm(A, B, counters=counters)
        ^^^^^^^^^^^^^^^^^^^^^^^^^^^^^^^^^^^^^^^^
  File ""D:\decimal_computer\decimal_gemm.py"", line 73, in schoolbook_gemm
    a = _to_numpy_int_matrix(A)
        ^^^^^^^^^^^^^^^^^^^^^^^
  File ""D:\decimal_computer\decimal_gemm.py"", line 60, in _to_numpy_int_matrix
    return np.array([[int(x) for x in row] for row in M], dtype=np.int64)
                    ^^^^^^^^^^^^^^^^^^^^^^^^^^^^^^^^^^^^
  File ""D:\decimal_computer\decimal_gemm.py"", line 60, in <listcomp>
    return np.array([[int(x) for x in row] for row in M], dtype=np.int64)
                     ^^^^^^^^^^^^^^^^^^^^^
  File ""D:\decimal_computer\decimal_gemm.py"", line 60, in <listcomp>
    return np.array([[int(x) for x in row] for row in M], dtype=np.int64)
                      ^^^^^^
TypeError: int() argument must be a string, a bytes-like object or a real number, not 'list'

During handling of the above exception, another exception occurred:

Traceback (most recent call last):
  File ""C:\Users\asus\AppData\Local\Temp\bench_runner_ou59m3yf\runner.py"", line 24, in <module>
    res = decimal_gemm_naive(A, B, mul_algo=algo, cutoff=cutoff)
          ^^^^^^^^^^^^^^^^^^^^^^^^^^^^^^^^^^^^^^^^^^^^^^^^^^^^^^
  File ""D:\decimal_computer\decimal_gemm.py"", line 171, in decimal_gemm_naive
    C = schoolbook_gemm(A, B, counters=counters)
        ^^^^^^^^^^^^^^^^^^^^^^^^^^^^^^^^^^^^^^^^
  File ""D:\decimal_computer\decimal_gemm.py"", line 73, in schoolbook_gemm
    a = _to_numpy_int_matrix(A)
        ^^^^^^^^^^^^^^^^^^^^^^^
  File ""D:\decimal_computer\decimal_gemm.py"", line 60, in _to_numpy_int_matrix
    return np.array([[int(x) for x in row] for row in M], dtype=np.int64)
                    ^^^^^^^^^^^^^^^^^^^^^^^^^^^^^^^^^^^^
  File ""D:\decimal_computer\decimal_gemm.py"", line 60, in <listcomp>
    return np.array([[int(x) for x in row] for row in M], dtype=np.int64)
                     ^^^^^^^^^^^^^^^^^^^^^
  File ""D:\decimal_computer\decimal_gemm.py"", line 60, in <listcomp>
    return np.array([[int(x) for x in row] for row in M], dtype=np.int64)
                      ^^^^^^
TypeError: int() argument must be a string, a bytes-like object or a real number, not 'list'
",4,,,"{""ok"": false, ""error"": ""call_failed"", ""trace"": ""Traceback (most recent call last):\n  File \""C:\\Users\\asus\\AppData\\Local\\Temp\\bench_runner_ou59m3yf\\runner.py\"", line 21, in <module>\n    res = decimal_gemm_naive(A, B, mul_algo=algo, cutoff=cutoff, return_counters=True)\n          ^^^^^^^^^^^^^^^^^^^^^^^^^^^^^^^^^^^^^^^^^^^^^^^^^^^^^^^^^^^^^^^^^^^^^^^^^^^^\n  File \""D:\\decimal_computer\\decimal_gemm.py\"", line 171, in decimal_gemm_naive\n    C = schoolbook_gemm(A, B, counters=counters)\n        ^^^^^^^^^^^^^^^^^^^^^^^^^^^^^^^^^^^^^^^^\n  File \""D:\\decimal_computer\\decimal_gemm.py\"", line 73, in schoolbook_gemm\n    a = _to_numpy_int_matrix(A)\n        ^^^^^^^^^^^^^^^^^^^^^^^\n  File \""D:\\decimal_computer\\decimal_gemm.py\"", line 60, in _to_numpy_int_matrix\n    return np.array([[int(x) for x in row] for row in M], dtype=np.int64)\n                    ^^^^^^^^^^^^^^^^^^^^^^^^^^^^^^^^^^^^\n  File \""D:\\decimal_computer\\decimal_gemm.py\"", line 60, in <listcomp>\n    return np.array([[int(x) for x in row] for row in M], dtype=np.int64)\n                     ^^^^^^^^^^^^^^^^^^^^^\n  File \""D:\\decimal_computer\\decimal_gemm.py\"", line 60, in <listcomp>\n    return np.array([[int(x) for x in row] for row in M], dtype=np.int64)\n                      ^^^^^^\nTypeError: int() argument must be a string, a bytes-like object or a real number, not 'list'\n\nDuring handling of the above exception, another exception occurred:\n\nTraceback (most recent call last):\n  File \""C:\\Users\\asus\\AppData\\Local\\Temp\\bench_runner_ou59m3yf\\runner.py\"", line 24, in <module>\n    res = decimal_gemm_naive(A, B, mul_algo=algo, cutoff=cutoff)\n          ^^^^^^^^^^^^^^^^^^^^^^^^^^^^^^^^^^^^^^^^^^^^^^^^^^^^^^\n  File \""D:\\decimal_computer\\decimal_gemm.py\"", line 171, in decimal_gemm_naive\n    C = schoolbook_gemm(A, B, counters=counters)\n        ^^^^^^^^^^^^^^^^^^^^^^^^^^^^^^^^^^^^^^^^\n  File \""D:\\decimal_computer\\decimal_gemm.py\"", line 73, in schoolbook_gemm\n    a = _to_numpy_int_matrix(A)\n        ^^^^^^^^^^^^^^^^^^^^^^^\n  File \""D:\\decimal_computer\\decimal_gemm.py\"", line 60, in _to_numpy_int_matrix\n    return np.array([[int(x) for x in row] for row in M], dtype=np.int64)\n                    ^^^^^^^^^^^^^^^^^^^^^^^^^^^^^^^^^^^^\n  File \""D:\\decimal_computer\\decimal_gemm.py\"", line 60, in <listcomp>\n    return np.array([[int(x) for x in row] for row in M], dtype=np.int64)\n                     ^^^^^^^^^^^^^^^^^^^^^\n  File \""D:\\decimal_computer\\decimal_gemm.py\"", line 60, in <listcomp>\n    return np.array([[int(x) for x in row] for row in M], dtype=np.int64)\n                      ^^^^^^\nTypeError: int() argument must be a string, a bytes-like object or a real number, not 'list'\n""}
","[decimal_gemm] auto-selected algo='schoolbook' max_digit_len=None cutoff=None
[decimal_gemm] auto-selected algo='schoolbook' max_digit_len=None cutoff=None
"
8,4,schoolbook,0,0.0,,,"runner_error: Traceback (most recent call last):
  File ""C:\Users\asus\AppData\Local\Temp\bench_runner_onnvf19c\runner.py"", line 21, in <module>
    res = decimal_gemm_naive(A, B, mul_algo=algo, cutoff=cutoff, return_counters=True)
          ^^^^^^^^^^^^^^^^^^^^^^^^^^^^^^^^^^^^^^^^^^^^^^^^^^^^^^^^^^^^^^^^^^^^^^^^^^^^
  File ""D:\decimal_computer\decimal_gemm.py"", line 171, in decimal_gemm_naive
    C = schoolbook_gemm(A, B, counters=counters)
        ^^^^^^^^^^^^^^^^^^^^^^^^^^^^^^^^^^^^^^^^
  File ""D:\decimal_computer\decimal_gemm.py"", line 73, in schoolbook_gemm
    a = _to_numpy_int_matrix(A)
        ^^^^^^^^^^^^^^^^^^^^^^^
  File ""D:\decimal_computer\decimal_gemm.py"", line 60, in _to_numpy_int_matrix
    return np.array([[int(x) for x in row] for row in M], dtype=np.int64)
                    ^^^^^^^^^^^^^^^^^^^^^^^^^^^^^^^^^^^^
  File ""D:\decimal_computer\decimal_gemm.py"", line 60, in <listcomp>
    return np.array([[int(x) for x in row] for row in M], dtype=np.int64)
                     ^^^^^^^^^^^^^^^^^^^^^
  File ""D:\decimal_computer\decimal_gemm.py"", line 60, in <listcomp>
    return np.array([[int(x) for x in row] for row in M], dtype=np.int64)
                      ^^^^^^
TypeError: int() argument must be a string, a bytes-like object or a real number, not 'list'

During handling of the above exception, another exception occurred:

Traceback (most recent call last):
  File ""C:\Users\asus\AppData\Local\Temp\bench_runner_onnvf19c\runner.py"", line 24, in <module>
    res = decimal_gemm_naive(A, B, mul_algo=algo, cutoff=cutoff)
          ^^^^^^^^^^^^^^^^^^^^^^^^^^^^^^^^^^^^^^^^^^^^^^^^^^^^^^
  File ""D:\decimal_computer\decimal_gemm.py"", line 171, in decimal_gemm_naive
    C = schoolbook_gemm(A, B, counters=counters)
        ^^^^^^^^^^^^^^^^^^^^^^^^^^^^^^^^^^^^^^^^
  File ""D:\decimal_computer\decimal_gemm.py"", line 73, in schoolbook_gemm
    a = _to_numpy_int_matrix(A)
        ^^^^^^^^^^^^^^^^^^^^^^^
  File ""D:\decimal_computer\decimal_gemm.py"", line 60, in _to_numpy_int_matrix
    return np.array([[int(x) for x in row] for row in M], dtype=np.int64)
                    ^^^^^^^^^^^^^^^^^^^^^^^^^^^^^^^^^^^^
  File ""D:\decimal_computer\decimal_gemm.py"", line 60, in <listcomp>
    return np.array([[int(x) for x in row] for row in M], dtype=np.int64)
                     ^^^^^^^^^^^^^^^^^^^^^
  File ""D:\decimal_computer\decimal_gemm.py"", line 60, in <listcomp>
    return np.array([[int(x) for x in row] for row in M], dtype=np.int64)
                      ^^^^^^
TypeError: int() argument must be a string, a bytes-like object or a real number, not 'list'
",4,,,"{""ok"": false, ""error"": ""call_failed"", ""trace"": ""Traceback (most recent call last):\n  File \""C:\\Users\\asus\\AppData\\Local\\Temp\\bench_runner_onnvf19c\\runner.py\"", line 21, in <module>\n    res = decimal_gemm_naive(A, B, mul_algo=algo, cutoff=cutoff, return_counters=True)\n          ^^^^^^^^^^^^^^^^^^^^^^^^^^^^^^^^^^^^^^^^^^^^^^^^^^^^^^^^^^^^^^^^^^^^^^^^^^^^\n  File \""D:\\decimal_computer\\decimal_gemm.py\"", line 171, in decimal_gemm_naive\n    C = schoolbook_gemm(A, B, counters=counters)\n        ^^^^^^^^^^^^^^^^^^^^^^^^^^^^^^^^^^^^^^^^\n  File \""D:\\decimal_computer\\decimal_gemm.py\"", line 73, in schoolbook_gemm\n    a = _to_numpy_int_matrix(A)\n        ^^^^^^^^^^^^^^^^^^^^^^^\n  File \""D:\\decimal_computer\\decimal_gemm.py\"", line 60, in _to_numpy_int_matrix\n    return np.array([[int(x) for x in row] for row in M], dtype=np.int64)\n                    ^^^^^^^^^^^^^^^^^^^^^^^^^^^^^^^^^^^^\n  File \""D:\\decimal_computer\\decimal_gemm.py\"", line 60, in <listcomp>\n    return np.array([[int(x) for x in row] for row in M], dtype=np.int64)\n                     ^^^^^^^^^^^^^^^^^^^^^\n  File \""D:\\decimal_computer\\decimal_gemm.py\"", line 60, in <listcomp>\n    return np.array([[int(x) for x in row] for row in M], dtype=np.int64)\n                      ^^^^^^\nTypeError: int() argument must be a string, a bytes-like object or a real number, not 'list'\n\nDuring handling of the above exception, another exception occurred:\n\nTraceback (most recent call last):\n  File \""C:\\Users\\asus\\AppData\\Local\\Temp\\bench_runner_onnvf19c\\runner.py\"", line 24, in <module>\n    res = decimal_gemm_naive(A, B, mul_algo=algo, cutoff=cutoff)\n          ^^^^^^^^^^^^^^^^^^^^^^^^^^^^^^^^^^^^^^^^^^^^^^^^^^^^^^\n  File \""D:\\decimal_computer\\decimal_gemm.py\"", line 171, in decimal_gemm_naive\n    C = schoolbook_gemm(A, B, counters=counters)\n        ^^^^^^^^^^^^^^^^^^^^^^^^^^^^^^^^^^^^^^^^\n  File \""D:\\decimal_computer\\decimal_gemm.py\"", line 73, in schoolbook_gemm\n    a = _to_numpy_int_matrix(A)\n        ^^^^^^^^^^^^^^^^^^^^^^^\n  File \""D:\\decimal_computer\\decimal_gemm.py\"", line 60, in _to_numpy_int_matrix\n    return np.array([[int(x) for x in row] for row in M], dtype=np.int64)\n                    ^^^^^^^^^^^^^^^^^^^^^^^^^^^^^^^^^^^^\n  File \""D:\\decimal_computer\\decimal_gemm.py\"", line 60, in <listcomp>\n    return np.array([[int(x) for x in row] for row in M], dtype=np.int64)\n                     ^^^^^^^^^^^^^^^^^^^^^\n  File \""D:\\decimal_computer\\decimal_gemm.py\"", line 60, in <listcomp>\n    return np.array([[int(x) for x in row] for row in M], dtype=np.int64)\n                      ^^^^^^\nTypeError: int() argument must be a string, a bytes-like object or a real number, not 'list'\n""}
",
8,4,schoolbook,1,0.0,,,"runner_error: Traceback (most recent call last):
  File ""C:\Users\asus\AppData\Local\Temp\bench_runner_hy3mftyi\runner.py"", line 21, in <module>
    res = decimal_gemm_naive(A, B, mul_algo=algo, cutoff=cutoff, return_counters=True)
          ^^^^^^^^^^^^^^^^^^^^^^^^^^^^^^^^^^^^^^^^^^^^^^^^^^^^^^^^^^^^^^^^^^^^^^^^^^^^
  File ""D:\decimal_computer\decimal_gemm.py"", line 171, in decimal_gemm_naive
    C = schoolbook_gemm(A, B, counters=counters)
        ^^^^^^^^^^^^^^^^^^^^^^^^^^^^^^^^^^^^^^^^
  File ""D:\decimal_computer\decimal_gemm.py"", line 73, in schoolbook_gemm
    a = _to_numpy_int_matrix(A)
        ^^^^^^^^^^^^^^^^^^^^^^^
  File ""D:\decimal_computer\decimal_gemm.py"", line 60, in _to_numpy_int_matrix
    return np.array([[int(x) for x in row] for row in M], dtype=np.int64)
                    ^^^^^^^^^^^^^^^^^^^^^^^^^^^^^^^^^^^^
  File ""D:\decimal_computer\decimal_gemm.py"", line 60, in <listcomp>
    return np.array([[int(x) for x in row] for row in M], dtype=np.int64)
                     ^^^^^^^^^^^^^^^^^^^^^
  File ""D:\decimal_computer\decimal_gemm.py"", line 60, in <listcomp>
    return np.array([[int(x) for x in row] for row in M], dtype=np.int64)
                      ^^^^^^
TypeError: int() argument must be a string, a bytes-like object or a real number, not 'list'

During handling of the above exception, another exception occurred:

Traceback (most recent call last):
  File ""C:\Users\asus\AppData\Local\Temp\bench_runner_hy3mftyi\runner.py"", line 24, in <module>
    res = decimal_gemm_naive(A, B, mul_algo=algo, cutoff=cutoff)
          ^^^^^^^^^^^^^^^^^^^^^^^^^^^^^^^^^^^^^^^^^^^^^^^^^^^^^^
  File ""D:\decimal_computer\decimal_gemm.py"", line 171, in decimal_gemm_naive
    C = schoolbook_gemm(A, B, counters=counters)
        ^^^^^^^^^^^^^^^^^^^^^^^^^^^^^^^^^^^^^^^^
  File ""D:\decimal_computer\decimal_gemm.py"", line 73, in schoolbook_gemm
    a = _to_numpy_int_matrix(A)
        ^^^^^^^^^^^^^^^^^^^^^^^
  File ""D:\decimal_computer\decimal_gemm.py"", line 60, in _to_numpy_int_matrix
    return np.array([[int(x) for x in row] for row in M], dtype=np.int64)
                    ^^^^^^^^^^^^^^^^^^^^^^^^^^^^^^^^^^^^
  File ""D:\decimal_computer\decimal_gemm.py"", line 60, in <listcomp>
    return np.array([[int(x) for x in row] for row in M], dtype=np.int64)
                     ^^^^^^^^^^^^^^^^^^^^^
  File ""D:\decimal_computer\decimal_gemm.py"", line 60, in <listcomp>
    return np.array([[int(x) for x in row] for row in M], dtype=np.int64)
                      ^^^^^^
TypeError: int() argument must be a string, a bytes-like object or a real number, not 'list'
",4,,,"{""ok"": false, ""error"": ""call_failed"", ""trace"": ""Traceback (most recent call last):\n  File \""C:\\Users\\asus\\AppData\\Local\\Temp\\bench_runner_hy3mftyi\\runner.py\"", line 21, in <module>\n    res = decimal_gemm_naive(A, B, mul_algo=algo, cutoff=cutoff, return_counters=True)\n          ^^^^^^^^^^^^^^^^^^^^^^^^^^^^^^^^^^^^^^^^^^^^^^^^^^^^^^^^^^^^^^^^^^^^^^^^^^^^\n  File \""D:\\decimal_computer\\decimal_gemm.py\"", line 171, in decimal_gemm_naive\n    C = schoolbook_gemm(A, B, counters=counters)\n        ^^^^^^^^^^^^^^^^^^^^^^^^^^^^^^^^^^^^^^^^\n  File \""D:\\decimal_computer\\decimal_gemm.py\"", line 73, in schoolbook_gemm\n    a = _to_numpy_int_matrix(A)\n        ^^^^^^^^^^^^^^^^^^^^^^^\n  File \""D:\\decimal_computer\\decimal_gemm.py\"", line 60, in _to_numpy_int_matrix\n    return np.array([[int(x) for x in row] for row in M], dtype=np.int64)\n                    ^^^^^^^^^^^^^^^^^^^^^^^^^^^^^^^^^^^^\n  File \""D:\\decimal_computer\\decimal_gemm.py\"", line 60, in <listcomp>\n    return np.array([[int(x) for x in row] for row in M], dtype=np.int64)\n                     ^^^^^^^^^^^^^^^^^^^^^\n  File \""D:\\decimal_computer\\decimal_gemm.py\"", line 60, in <listcomp>\n    return np.array([[int(x) for x in row] for row in M], dtype=np.int64)\n                      ^^^^^^\nTypeError: int() argument must be a string, a bytes-like object or a real number, not 'list'\n\nDuring handling of the above exception, another exception occurred:\n\nTraceback (most recent call last):\n  File \""C:\\Users\\asus\\AppData\\Local\\Temp\\bench_runner_hy3mftyi\\runner.py\"", line 24, in <module>\n    res = decimal_gemm_naive(A, B, mul_algo=algo, cutoff=cutoff)\n          ^^^^^^^^^^^^^^^^^^^^^^^^^^^^^^^^^^^^^^^^^^^^^^^^^^^^^^\n  File \""D:\\decimal_computer\\decimal_gemm.py\"", line 171, in decimal_gemm_naive\n    C = schoolbook_gemm(A, B, counters=counters)\n        ^^^^^^^^^^^^^^^^^^^^^^^^^^^^^^^^^^^^^^^^\n  File \""D:\\decimal_computer\\decimal_gemm.py\"", line 73, in schoolbook_gemm\n    a = _to_numpy_int_matrix(A)\n        ^^^^^^^^^^^^^^^^^^^^^^^\n  File \""D:\\decimal_computer\\decimal_gemm.py\"", line 60, in _to_numpy_int_matrix\n    return np.array([[int(x) for x in row] for row in M], dtype=np.int64)\n                    ^^^^^^^^^^^^^^^^^^^^^^^^^^^^^^^^^^^^\n  File \""D:\\decimal_computer\\decimal_gemm.py\"", line 60, in <listcomp>\n    return np.array([[int(x) for x in row] for row in M], dtype=np.int64)\n                     ^^^^^^^^^^^^^^^^^^^^^\n  File \""D:\\decimal_computer\\decimal_gemm.py\"", line 60, in <listcomp>\n    return np.array([[int(x) for x in row] for row in M], dtype=np.int64)\n                      ^^^^^^\nTypeError: int() argument must be a string, a bytes-like object or a real number, not 'list'\n""}
",
8,4,karatsuba,0,0.0,,,"runner_error: Traceback (most recent call last):
  File ""C:\Users\asus\AppData\Local\Temp\bench_runner_80vf48il\runner.py"", line 21, in <module>
    res = decimal_gemm_naive(A, B, mul_algo=algo, cutoff=cutoff, return_counters=True)
          ^^^^^^^^^^^^^^^^^^^^^^^^^^^^^^^^^^^^^^^^^^^^^^^^^^^^^^^^^^^^^^^^^^^^^^^^^^^^
  File ""D:\decimal_computer\decimal_gemm.py"", line 173, in decimal_gemm_naive
    C = karatsuba_gemm(A, B, cutoff=cutoff, counters=counters)
        ^^^^^^^^^^^^^^^^^^^^^^^^^^^^^^^^^^^^^^^^^^^^^^^^^^^^^^
  File ""D:\decimal_computer\decimal_gemm.py"", line 103, in karatsuba_gemm
    return schoolbook_gemm(A, B, counters=counters)
           ^^^^^^^^^^^^^^^^^^^^^^^^^^^^^^^^^^^^^^^^
  File ""D:\decimal_computer\decimal_gemm.py"", line 73, in schoolbook_gemm
    a = _to_numpy_int_matrix(A)
        ^^^^^^^^^^^^^^^^^^^^^^^
  File ""D:\decimal_computer\decimal_gemm.py"", line 60, in _to_numpy_int_matrix
    return np.array([[int(x) for x in row] for row in M], dtype=np.int64)
                    ^^^^^^^^^^^^^^^^^^^^^^^^^^^^^^^^^^^^
  File ""D:\decimal_computer\decimal_gemm.py"", line 60, in <listcomp>
    return np.array([[int(x) for x in row] for row in M], dtype=np.int64)
                     ^^^^^^^^^^^^^^^^^^^^^
  File ""D:\decimal_computer\decimal_gemm.py"", line 60, in <listcomp>
    return np.array([[int(x) for x in row] for row in M], dtype=np.int64)
                      ^^^^^^
TypeError: int() argument must be a string, a bytes-like object or a real number, not 'list'

During handling of the above exception, another exception occurred:

Traceback (most recent call last):
  File ""C:\Users\asus\AppData\Local\Temp\bench_runner_80vf48il\runner.py"", line 24, in <module>
    res = decimal_gemm_naive(A, B, mul_algo=algo, cutoff=cutoff)
          ^^^^^^^^^^^^^^^^^^^^^^^^^^^^^^^^^^^^^^^^^^^^^^^^^^^^^^
  File ""D:\decimal_computer\decimal_gemm.py"", line 173, in decimal_gemm_naive
    C = karatsuba_gemm(A, B, cutoff=cutoff, counters=counters)
        ^^^^^^^^^^^^^^^^^^^^^^^^^^^^^^^^^^^^^^^^^^^^^^^^^^^^^^
  File ""D:\decimal_computer\decimal_gemm.py"", line 103, in karatsuba_gemm
    return schoolbook_gemm(A, B, counters=counters)
           ^^^^^^^^^^^^^^^^^^^^^^^^^^^^^^^^^^^^^^^^
  File ""D:\decimal_computer\decimal_gemm.py"", line 73, in schoolbook_gemm
    a = _to_numpy_int_matrix(A)
        ^^^^^^^^^^^^^^^^^^^^^^^
  File ""D:\decimal_computer\decimal_gemm.py"", line 60, in _to_numpy_int_matrix
    return np.array([[int(x) for x in row] for row in M], dtype=np.int64)
                    ^^^^^^^^^^^^^^^^^^^^^^^^^^^^^^^^^^^^
  File ""D:\decimal_computer\decimal_gemm.py"", line 60, in <listcomp>
    return np.array([[int(x) for x in row] for row in M], dtype=np.int64)
                     ^^^^^^^^^^^^^^^^^^^^^
  File ""D:\decimal_computer\decimal_gemm.py"", line 60, in <listcomp>
    return np.array([[int(x) for x in row] for row in M], dtype=np.int64)
                      ^^^^^^
TypeError: int() argument must be a string, a bytes-like object or a real number, not 'list'
",4,,,"{""ok"": false, ""error"": ""call_failed"", ""trace"": ""Traceback (most recent call last):\n  File \""C:\\Users\\asus\\AppData\\Local\\Temp\\bench_runner_80vf48il\\runner.py\"", line 21, in <module>\n    res = decimal_gemm_naive(A, B, mul_algo=algo, cutoff=cutoff, return_counters=True)\n          ^^^^^^^^^^^^^^^^^^^^^^^^^^^^^^^^^^^^^^^^^^^^^^^^^^^^^^^^^^^^^^^^^^^^^^^^^^^^\n  File \""D:\\decimal_computer\\decimal_gemm.py\"", line 173, in decimal_gemm_naive\n    C = karatsuba_gemm(A, B, cutoff=cutoff, counters=counters)\n        ^^^^^^^^^^^^^^^^^^^^^^^^^^^^^^^^^^^^^^^^^^^^^^^^^^^^^^\n  File \""D:\\decimal_computer\\decimal_gemm.py\"", line 103, in karatsuba_gemm\n    return schoolbook_gemm(A, B, counters=counters)\n           ^^^^^^^^^^^^^^^^^^^^^^^^^^^^^^^^^^^^^^^^\n  File \""D:\\decimal_computer\\decimal_gemm.py\"", line 73, in schoolbook_gemm\n    a = _to_numpy_int_matrix(A)\n        ^^^^^^^^^^^^^^^^^^^^^^^\n  File \""D:\\decimal_computer\\decimal_gemm.py\"", line 60, in _to_numpy_int_matrix\n    return np.array([[int(x) for x in row] for row in M], dtype=np.int64)\n                    ^^^^^^^^^^^^^^^^^^^^^^^^^^^^^^^^^^^^\n  File \""D:\\decimal_computer\\decimal_gemm.py\"", line 60, in <listcomp>\n    return np.array([[int(x) for x in row] for row in M], dtype=np.int64)\n                     ^^^^^^^^^^^^^^^^^^^^^\n  File \""D:\\decimal_computer\\decimal_gemm.py\"", line 60, in <listcomp>\n    return np.array([[int(x) for x in row] for row in M], dtype=np.int64)\n                      ^^^^^^\nTypeError: int() argument must be a string, a bytes-like object or a real number, not 'list'\n\nDuring handling of the above exception, another exception occurred:\n\nTraceback (most recent call last):\n  File \""C:\\Users\\asus\\AppData\\Local\\Temp\\bench_runner_80vf48il\\runner.py\"", line 24, in <module>\n    res = decimal_gemm_naive(A, B, mul_algo=algo, cutoff=cutoff)\n          ^^^^^^^^^^^^^^^^^^^^^^^^^^^^^^^^^^^^^^^^^^^^^^^^^^^^^^\n  File \""D:\\decimal_computer\\decimal_gemm.py\"", line 173, in decimal_gemm_naive\n    C = karatsuba_gemm(A, B, cutoff=cutoff, counters=counters)\n        ^^^^^^^^^^^^^^^^^^^^^^^^^^^^^^^^^^^^^^^^^^^^^^^^^^^^^^\n  File \""D:\\decimal_computer\\decimal_gemm.py\"", line 103, in karatsuba_gemm\n    return schoolbook_gemm(A, B, counters=counters)\n           ^^^^^^^^^^^^^^^^^^^^^^^^^^^^^^^^^^^^^^^^\n  File \""D:\\decimal_computer\\decimal_gemm.py\"", line 73, in schoolbook_gemm\n    a = _to_numpy_int_matrix(A)\n        ^^^^^^^^^^^^^^^^^^^^^^^\n  File \""D:\\decimal_computer\\decimal_gemm.py\"", line 60, in _to_numpy_int_matrix\n    return np.array([[int(x) for x in row] for row in M], dtype=np.int64)\n                    ^^^^^^^^^^^^^^^^^^^^^^^^^^^^^^^^^^^^\n  File \""D:\\decimal_computer\\decimal_gemm.py\"", line 60, in <listcomp>\n    return np.array([[int(x) for x in row] for row in M], dtype=np.int64)\n                     ^^^^^^^^^^^^^^^^^^^^^\n  File \""D:\\decimal_computer\\decimal_gemm.py\"", line 60, in <listcomp>\n    return np.array([[int(x) for x in row] for row in M], dtype=np.int64)\n                      ^^^^^^\nTypeError: int() argument must be a string, a bytes-like object or a real number, not 'list'\n""}
",
8,4,karatsuba,1,0.0,,,"runner_error: Traceback (most recent call last):
  File ""C:\Users\asus\AppData\Local\Temp\bench_runner_r_p5acm9\runner.py"", line 21, in <module>
    res = decimal_gemm_naive(A, B, mul_algo=algo, cutoff=cutoff, return_counters=True)
          ^^^^^^^^^^^^^^^^^^^^^^^^^^^^^^^^^^^^^^^^^^^^^^^^^^^^^^^^^^^^^^^^^^^^^^^^^^^^
  File ""D:\decimal_computer\decimal_gemm.py"", line 173, in decimal_gemm_naive
    C = karatsuba_gemm(A, B, cutoff=cutoff, counters=counters)
        ^^^^^^^^^^^^^^^^^^^^^^^^^^^^^^^^^^^^^^^^^^^^^^^^^^^^^^
  File ""D:\decimal_computer\decimal_gemm.py"", line 103, in karatsuba_gemm
    return schoolbook_gemm(A, B, counters=counters)
           ^^^^^^^^^^^^^^^^^^^^^^^^^^^^^^^^^^^^^^^^
  File ""D:\decimal_computer\decimal_gemm.py"", line 73, in schoolbook_gemm
    a = _to_numpy_int_matrix(A)
        ^^^^^^^^^^^^^^^^^^^^^^^
  File ""D:\decimal_computer\decimal_gemm.py"", line 60, in _to_numpy_int_matrix
    return np.array([[int(x) for x in row] for row in M], dtype=np.int64)
                    ^^^^^^^^^^^^^^^^^^^^^^^^^^^^^^^^^^^^
  File ""D:\decimal_computer\decimal_gemm.py"", line 60, in <listcomp>
    return np.array([[int(x) for x in row] for row in M], dtype=np.int64)
                     ^^^^^^^^^^^^^^^^^^^^^
  File ""D:\decimal_computer\decimal_gemm.py"", line 60, in <listcomp>
    return np.array([[int(x) for x in row] for row in M], dtype=np.int64)
                      ^^^^^^
TypeError: int() argument must be a string, a bytes-like object or a real number, not 'list'

During handling of the above exception, another exception occurred:

Traceback (most recent call last):
  File ""C:\Users\asus\AppData\Local\Temp\bench_runner_r_p5acm9\runner.py"", line 24, in <module>
    res = decimal_gemm_naive(A, B, mul_algo=algo, cutoff=cutoff)
          ^^^^^^^^^^^^^^^^^^^^^^^^^^^^^^^^^^^^^^^^^^^^^^^^^^^^^^
  File ""D:\decimal_computer\decimal_gemm.py"", line 173, in decimal_gemm_naive
    C = karatsuba_gemm(A, B, cutoff=cutoff, counters=counters)
        ^^^^^^^^^^^^^^^^^^^^^^^^^^^^^^^^^^^^^^^^^^^^^^^^^^^^^^
  File ""D:\decimal_computer\decimal_gemm.py"", line 103, in karatsuba_gemm
    return schoolbook_gemm(A, B, counters=counters)
           ^^^^^^^^^^^^^^^^^^^^^^^^^^^^^^^^^^^^^^^^
  File ""D:\decimal_computer\decimal_gemm.py"", line 73, in schoolbook_gemm
    a = _to_numpy_int_matrix(A)
        ^^^^^^^^^^^^^^^^^^^^^^^
  File ""D:\decimal_computer\decimal_gemm.py"", line 60, in _to_numpy_int_matrix
    return np.array([[int(x) for x in row] for row in M], dtype=np.int64)
                    ^^^^^^^^^^^^^^^^^^^^^^^^^^^^^^^^^^^^
  File ""D:\decimal_computer\decimal_gemm.py"", line 60, in <listcomp>
    return np.array([[int(x) for x in row] for row in M], dtype=np.int64)
                     ^^^^^^^^^^^^^^^^^^^^^
  File ""D:\decimal_computer\decimal_gemm.py"", line 60, in <listcomp>
    return np.array([[int(x) for x in row] for row in M], dtype=np.int64)
                      ^^^^^^
TypeError: int() argument must be a string, a bytes-like object or a real number, not 'list'
",4,,,"{""ok"": false, ""error"": ""call_failed"", ""trace"": ""Traceback (most recent call last):\n  File \""C:\\Users\\asus\\AppData\\Local\\Temp\\bench_runner_r_p5acm9\\runner.py\"", line 21, in <module>\n    res = decimal_gemm_naive(A, B, mul_algo=algo, cutoff=cutoff, return_counters=True)\n          ^^^^^^^^^^^^^^^^^^^^^^^^^^^^^^^^^^^^^^^^^^^^^^^^^^^^^^^^^^^^^^^^^^^^^^^^^^^^\n  File \""D:\\decimal_computer\\decimal_gemm.py\"", line 173, in decimal_gemm_naive\n    C = karatsuba_gemm(A, B, cutoff=cutoff, counters=counters)\n        ^^^^^^^^^^^^^^^^^^^^^^^^^^^^^^^^^^^^^^^^^^^^^^^^^^^^^^\n  File \""D:\\decimal_computer\\decimal_gemm.py\"", line 103, in karatsuba_gemm\n    return schoolbook_gemm(A, B, counters=counters)\n           ^^^^^^^^^^^^^^^^^^^^^^^^^^^^^^^^^^^^^^^^\n  File \""D:\\decimal_computer\\decimal_gemm.py\"", line 73, in schoolbook_gemm\n    a = _to_numpy_int_matrix(A)\n        ^^^^^^^^^^^^^^^^^^^^^^^\n  File \""D:\\decimal_computer\\decimal_gemm.py\"", line 60, in _to_numpy_int_matrix\n    return np.array([[int(x) for x in row] for row in M], dtype=np.int64)\n                    ^^^^^^^^^^^^^^^^^^^^^^^^^^^^^^^^^^^^\n  File \""D:\\decimal_computer\\decimal_gemm.py\"", line 60, in <listcomp>\n    return np.array([[int(x) for x in row] for row in M], dtype=np.int64)\n                     ^^^^^^^^^^^^^^^^^^^^^\n  File \""D:\\decimal_computer\\decimal_gemm.py\"", line 60, in <listcomp>\n    return np.array([[int(x) for x in row] for row in M], dtype=np.int64)\n                      ^^^^^^\nTypeError: int() argument must be a string, a bytes-like object or a real number, not 'list'\n\nDuring handling of the above exception, another exception occurred:\n\nTraceback (most recent call last):\n  File \""C:\\Users\\asus\\AppData\\Local\\Temp\\bench_runner_r_p5acm9\\runner.py\"", line 24, in <module>\n    res = decimal_gemm_naive(A, B, mul_algo=algo, cutoff=cutoff)\n          ^^^^^^^^^^^^^^^^^^^^^^^^^^^^^^^^^^^^^^^^^^^^^^^^^^^^^^\n  File \""D:\\decimal_computer\\decimal_gemm.py\"", line 173, in decimal_gemm_naive\n    C = karatsuba_gemm(A, B, cutoff=cutoff, counters=counters)\n        ^^^^^^^^^^^^^^^^^^^^^^^^^^^^^^^^^^^^^^^^^^^^^^^^^^^^^^\n  File \""D:\\decimal_computer\\decimal_gemm.py\"", line 103, in karatsuba_gemm\n    return schoolbook_gemm(A, B, counters=counters)\n           ^^^^^^^^^^^^^^^^^^^^^^^^^^^^^^^^^^^^^^^^\n  File \""D:\\decimal_computer\\decimal_gemm.py\"", line 73, in schoolbook_gemm\n    a = _to_numpy_int_matrix(A)\n        ^^^^^^^^^^^^^^^^^^^^^^^\n  File \""D:\\decimal_computer\\decimal_gemm.py\"", line 60, in _to_numpy_int_matrix\n    return np.array([[int(x) for x in row] for row in M], dtype=np.int64)\n                    ^^^^^^^^^^^^^^^^^^^^^^^^^^^^^^^^^^^^\n  File \""D:\\decimal_computer\\decimal_gemm.py\"", line 60, in <listcomp>\n    return np.array([[int(x) for x in row] for row in M], dtype=np.int64)\n                     ^^^^^^^^^^^^^^^^^^^^^\n  File \""D:\\decimal_computer\\decimal_gemm.py\"", line 60, in <listcomp>\n    return np.array([[int(x) for x in row] for row in M], dtype=np.int64)\n                      ^^^^^^\nTypeError: int() argument must be a string, a bytes-like object or a real number, not 'list'\n""}
",
8,4,strassen,0,0.0,,,"runner_error: Traceback (most recent call last):
  File ""C:\Users\asus\AppData\Local\Temp\bench_runner_tnnwksy3\runner.py"", line 21, in <module>
    res = decimal_gemm_naive(A, B, mul_algo=algo, cutoff=cutoff, return_counters=True)
          ^^^^^^^^^^^^^^^^^^^^^^^^^^^^^^^^^^^^^^^^^^^^^^^^^^^^^^^^^^^^^^^^^^^^^^^^^^^^
  File ""D:\decimal_computer\decimal_gemm.py"", line 175, in decimal_gemm_naive
    C = strassen_wrapper(A, B, cutoff=cutoff, counters=counters)
        ^^^^^^^^^^^^^^^^^^^^^^^^^^^^^^^^^^^^^^^^^^^^^^^^^^^^^^^^
  File ""D:\decimal_computer\decimal_gemm.py"", line 117, in strassen_wrapper
    return schoolbook_gemm(A, B, counters=counters)
           ^^^^^^^^^^^^^^^^^^^^^^^^^^^^^^^^^^^^^^^^
  File ""D:\decimal_computer\decimal_gemm.py"", line 73, in schoolbook_gemm
    a = _to_numpy_int_matrix(A)
        ^^^^^^^^^^^^^^^^^^^^^^^
  File ""D:\decimal_computer\decimal_gemm.py"", line 60, in _to_numpy_int_matrix
    return np.array([[int(x) for x in row] for row in M], dtype=np.int64)
                    ^^^^^^^^^^^^^^^^^^^^^^^^^^^^^^^^^^^^
  File ""D:\decimal_computer\decimal_gemm.py"", line 60, in <listcomp>
    return np.array([[int(x) for x in row] for row in M], dtype=np.int64)
                     ^^^^^^^^^^^^^^^^^^^^^
  File ""D:\decimal_computer\decimal_gemm.py"", line 60, in <listcomp>
    return np.array([[int(x) for x in row] for row in M], dtype=np.int64)
                      ^^^^^^
TypeError: int() argument must be a string, a bytes-like object or a real number, not 'list'

During handling of the above exception, another exception occurred:

Traceback (most recent call last):
  File ""C:\Users\asus\AppData\Local\Temp\bench_runner_tnnwksy3\runner.py"", line 24, in <module>
    res = decimal_gemm_naive(A, B, mul_algo=algo, cutoff=cutoff)
          ^^^^^^^^^^^^^^^^^^^^^^^^^^^^^^^^^^^^^^^^^^^^^^^^^^^^^^
  File ""D:\decimal_computer\decimal_gemm.py"", line 175, in decimal_gemm_naive
    C = strassen_wrapper(A, B, cutoff=cutoff, counters=counters)
        ^^^^^^^^^^^^^^^^^^^^^^^^^^^^^^^^^^^^^^^^^^^^^^^^^^^^^^^^
  File ""D:\decimal_computer\decimal_gemm.py"", line 117, in strassen_wrapper
    return schoolbook_gemm(A, B, counters=counters)
           ^^^^^^^^^^^^^^^^^^^^^^^^^^^^^^^^^^^^^^^^
  File ""D:\decimal_computer\decimal_gemm.py"", line 73, in schoolbook_gemm
    a = _to_numpy_int_matrix(A)
        ^^^^^^^^^^^^^^^^^^^^^^^
  File ""D:\decimal_computer\decimal_gemm.py"", line 60, in _to_numpy_int_matrix
    return np.array([[int(x) for x in row] for row in M], dtype=np.int64)
                    ^^^^^^^^^^^^^^^^^^^^^^^^^^^^^^^^^^^^
  File ""D:\decimal_computer\decimal_gemm.py"", line 60, in <listcomp>
    return np.array([[int(x) for x in row] for row in M], dtype=np.int64)
                     ^^^^^^^^^^^^^^^^^^^^^
  File ""D:\decimal_computer\decimal_gemm.py"", line 60, in <listcomp>
    return np.array([[int(x) for x in row] for row in M], dtype=np.int64)
                      ^^^^^^
TypeError: int() argument must be a string, a bytes-like object or a real number, not 'list'
",4,,,"{""ok"": false, ""error"": ""call_failed"", ""trace"": ""Traceback (most recent call last):\n  File \""C:\\Users\\asus\\AppData\\Local\\Temp\\bench_runner_tnnwksy3\\runner.py\"", line 21, in <module>\n    res = decimal_gemm_naive(A, B, mul_algo=algo, cutoff=cutoff, return_counters=True)\n          ^^^^^^^^^^^^^^^^^^^^^^^^^^^^^^^^^^^^^^^^^^^^^^^^^^^^^^^^^^^^^^^^^^^^^^^^^^^^\n  File \""D:\\decimal_computer\\decimal_gemm.py\"", line 175, in decimal_gemm_naive\n    C = strassen_wrapper(A, B, cutoff=cutoff, counters=counters)\n        ^^^^^^^^^^^^^^^^^^^^^^^^^^^^^^^^^^^^^^^^^^^^^^^^^^^^^^^^\n  File \""D:\\decimal_computer\\decimal_gemm.py\"", line 117, in strassen_wrapper\n    return schoolbook_gemm(A, B, counters=counters)\n           ^^^^^^^^^^^^^^^^^^^^^^^^^^^^^^^^^^^^^^^^\n  File \""D:\\decimal_computer\\decimal_gemm.py\"", line 73, in schoolbook_gemm\n    a = _to_numpy_int_matrix(A)\n        ^^^^^^^^^^^^^^^^^^^^^^^\n  File \""D:\\decimal_computer\\decimal_gemm.py\"", line 60, in _to_numpy_int_matrix\n    return np.array([[int(x) for x in row] for row in M], dtype=np.int64)\n                    ^^^^^^^^^^^^^^^^^^^^^^^^^^^^^^^^^^^^\n  File \""D:\\decimal_computer\\decimal_gemm.py\"", line 60, in <listcomp>\n    return np.array([[int(x) for x in row] for row in M], dtype=np.int64)\n                     ^^^^^^^^^^^^^^^^^^^^^\n  File \""D:\\decimal_computer\\decimal_gemm.py\"", line 60, in <listcomp>\n    return np.array([[int(x) for x in row] for row in M], dtype=np.int64)\n                      ^^^^^^\nTypeError: int() argument must be a string, a bytes-like object or a real number, not 'list'\n\nDuring handling of the above exception, another exception occurred:\n\nTraceback (most recent call last):\n  File \""C:\\Users\\asus\\AppData\\Local\\Temp\\bench_runner_tnnwksy3\\runner.py\"", line 24, in <module>\n    res = decimal_gemm_naive(A, B, mul_algo=algo, cutoff=cutoff)\n          ^^^^^^^^^^^^^^^^^^^^^^^^^^^^^^^^^^^^^^^^^^^^^^^^^^^^^^\n  File \""D:\\decimal_computer\\decimal_gemm.py\"", line 175, in decimal_gemm_naive\n    C = strassen_wrapper(A, B, cutoff=cutoff, counters=counters)\n        ^^^^^^^^^^^^^^^^^^^^^^^^^^^^^^^^^^^^^^^^^^^^^^^^^^^^^^^^\n  File \""D:\\decimal_computer\\decimal_gemm.py\"", line 117, in strassen_wrapper\n    return schoolbook_gemm(A, B, counters=counters)\n           ^^^^^^^^^^^^^^^^^^^^^^^^^^^^^^^^^^^^^^^^\n  File \""D:\\decimal_computer\\decimal_gemm.py\"", line 73, in schoolbook_gemm\n    a = _to_numpy_int_matrix(A)\n        ^^^^^^^^^^^^^^^^^^^^^^^\n  File \""D:\\decimal_computer\\decimal_gemm.py\"", line 60, in _to_numpy_int_matrix\n    return np.array([[int(x) for x in row] for row in M], dtype=np.int64)\n                    ^^^^^^^^^^^^^^^^^^^^^^^^^^^^^^^^^^^^\n  File \""D:\\decimal_computer\\decimal_gemm.py\"", line 60, in <listcomp>\n    return np.array([[int(x) for x in row] for row in M], dtype=np.int64)\n                     ^^^^^^^^^^^^^^^^^^^^^\n  File \""D:\\decimal_computer\\decimal_gemm.py\"", line 60, in <listcomp>\n    return np.array([[int(x) for x in row] for row in M], dtype=np.int64)\n                      ^^^^^^\nTypeError: int() argument must be a string, a bytes-like object or a real number, not 'list'\n""}
",
8,4,strassen,1,0.0,,,"runner_error: Traceback (most recent call last):
  File ""C:\Users\asus\AppData\Local\Temp\bench_runner_13u_xj7o\runner.py"", line 21, in <module>
    res = decimal_gemm_naive(A, B, mul_algo=algo, cutoff=cutoff, return_counters=True)
          ^^^^^^^^^^^^^^^^^^^^^^^^^^^^^^^^^^^^^^^^^^^^^^^^^^^^^^^^^^^^^^^^^^^^^^^^^^^^
  File ""D:\decimal_computer\decimal_gemm.py"", line 175, in decimal_gemm_naive
    C = strassen_wrapper(A, B, cutoff=cutoff, counters=counters)
        ^^^^^^^^^^^^^^^^^^^^^^^^^^^^^^^^^^^^^^^^^^^^^^^^^^^^^^^^
  File ""D:\decimal_computer\decimal_gemm.py"", line 117, in strassen_wrapper
    return schoolbook_gemm(A, B, counters=counters)
           ^^^^^^^^^^^^^^^^^^^^^^^^^^^^^^^^^^^^^^^^
  File ""D:\decimal_computer\decimal_gemm.py"", line 73, in schoolbook_gemm
    a = _to_numpy_int_matrix(A)
        ^^^^^^^^^^^^^^^^^^^^^^^
  File ""D:\decimal_computer\decimal_gemm.py"", line 60, in _to_numpy_int_matrix
    return np.array([[int(x) for x in row] for row in M], dtype=np.int64)
                    ^^^^^^^^^^^^^^^^^^^^^^^^^^^^^^^^^^^^
  File ""D:\decimal_computer\decimal_gemm.py"", line 60, in <listcomp>
    return np.array([[int(x) for x in row] for row in M], dtype=np.int64)
                     ^^^^^^^^^^^^^^^^^^^^^
  File ""D:\decimal_computer\decimal_gemm.py"", line 60, in <listcomp>
    return np.array([[int(x) for x in row] for row in M], dtype=np.int64)
                      ^^^^^^
TypeError: int() argument must be a string, a bytes-like object or a real number, not 'list'

During handling of the above exception, another exception occurred:

Traceback (most recent call last):
  File ""C:\Users\asus\AppData\Local\Temp\bench_runner_13u_xj7o\runner.py"", line 24, in <module>
    res = decimal_gemm_naive(A, B, mul_algo=algo, cutoff=cutoff)
          ^^^^^^^^^^^^^^^^^^^^^^^^^^^^^^^^^^^^^^^^^^^^^^^^^^^^^^
  File ""D:\decimal_computer\decimal_gemm.py"", line 175, in decimal_gemm_naive
    C = strassen_wrapper(A, B, cutoff=cutoff, counters=counters)
        ^^^^^^^^^^^^^^^^^^^^^^^^^^^^^^^^^^^^^^^^^^^^^^^^^^^^^^^^
  File ""D:\decimal_computer\decimal_gemm.py"", line 117, in strassen_wrapper
    return schoolbook_gemm(A, B, counters=counters)
           ^^^^^^^^^^^^^^^^^^^^^^^^^^^^^^^^^^^^^^^^
  File ""D:\decimal_computer\decimal_gemm.py"", line 73, in schoolbook_gemm
    a = _to_numpy_int_matrix(A)
        ^^^^^^^^^^^^^^^^^^^^^^^
  File ""D:\decimal_computer\decimal_gemm.py"", line 60, in _to_numpy_int_matrix
    return np.array([[int(x) for x in row] for row in M], dtype=np.int64)
                    ^^^^^^^^^^^^^^^^^^^^^^^^^^^^^^^^^^^^
  File ""D:\decimal_computer\decimal_gemm.py"", line 60, in <listcomp>
    return np.array([[int(x) for x in row] for row in M], dtype=np.int64)
                     ^^^^^^^^^^^^^^^^^^^^^
  File ""D:\decimal_computer\decimal_gemm.py"", line 60, in <listcomp>
    return np.array([[int(x) for x in row] for row in M], dtype=np.int64)
                      ^^^^^^
TypeError: int() argument must be a string, a bytes-like object or a real number, not 'list'
",4,,,"{""ok"": false, ""error"": ""call_failed"", ""trace"": ""Traceback (most recent call last):\n  File \""C:\\Users\\asus\\AppData\\Local\\Temp\\bench_runner_13u_xj7o\\runner.py\"", line 21, in <module>\n    res = decimal_gemm_naive(A, B, mul_algo=algo, cutoff=cutoff, return_counters=True)\n          ^^^^^^^^^^^^^^^^^^^^^^^^^^^^^^^^^^^^^^^^^^^^^^^^^^^^^^^^^^^^^^^^^^^^^^^^^^^^\n  File \""D:\\decimal_computer\\decimal_gemm.py\"", line 175, in decimal_gemm_naive\n    C = strassen_wrapper(A, B, cutoff=cutoff, counters=counters)\n        ^^^^^^^^^^^^^^^^^^^^^^^^^^^^^^^^^^^^^^^^^^^^^^^^^^^^^^^^\n  File \""D:\\decimal_computer\\decimal_gemm.py\"", line 117, in strassen_wrapper\n    return schoolbook_gemm(A, B, counters=counters)\n           ^^^^^^^^^^^^^^^^^^^^^^^^^^^^^^^^^^^^^^^^\n  File \""D:\\decimal_computer\\decimal_gemm.py\"", line 73, in schoolbook_gemm\n    a = _to_numpy_int_matrix(A)\n        ^^^^^^^^^^^^^^^^^^^^^^^\n  File \""D:\\decimal_computer\\decimal_gemm.py\"", line 60, in _to_numpy_int_matrix\n    return np.array([[int(x) for x in row] for row in M], dtype=np.int64)\n                    ^^^^^^^^^^^^^^^^^^^^^^^^^^^^^^^^^^^^\n  File \""D:\\decimal_computer\\decimal_gemm.py\"", line 60, in <listcomp>\n    return np.array([[int(x) for x in row] for row in M], dtype=np.int64)\n                     ^^^^^^^^^^^^^^^^^^^^^\n  File \""D:\\decimal_computer\\decimal_gemm.py\"", line 60, in <listcomp>\n    return np.array([[int(x) for x in row] for row in M], dtype=np.int64)\n                      ^^^^^^\nTypeError: int() argument must be a string, a bytes-like object or a real number, not 'list'\n\nDuring handling of the above exception, another exception occurred:\n\nTraceback (most recent call last):\n  File \""C:\\Users\\asus\\AppData\\Local\\Temp\\bench_runner_13u_xj7o\\runner.py\"", line 24, in <module>\n    res = decimal_gemm_naive(A, B, mul_algo=algo, cutoff=cutoff)\n          ^^^^^^^^^^^^^^^^^^^^^^^^^^^^^^^^^^^^^^^^^^^^^^^^^^^^^^\n  File \""D:\\decimal_computer\\decimal_gemm.py\"", line 175, in decimal_gemm_naive\n    C = strassen_wrapper(A, B, cutoff=cutoff, counters=counters)\n        ^^^^^^^^^^^^^^^^^^^^^^^^^^^^^^^^^^^^^^^^^^^^^^^^^^^^^^^^\n  File \""D:\\decimal_computer\\decimal_gemm.py\"", line 117, in strassen_wrapper\n    return schoolbook_gemm(A, B, counters=counters)\n           ^^^^^^^^^^^^^^^^^^^^^^^^^^^^^^^^^^^^^^^^\n  File \""D:\\decimal_computer\\decimal_gemm.py\"", line 73, in schoolbook_gemm\n    a = _to_numpy_int_matrix(A)\n        ^^^^^^^^^^^^^^^^^^^^^^^\n  File \""D:\\decimal_computer\\decimal_gemm.py\"", line 60, in _to_numpy_int_matrix\n    return np.array([[int(x) for x in row] for row in M], dtype=np.int64)\n                    ^^^^^^^^^^^^^^^^^^^^^^^^^^^^^^^^^^^^\n  File \""D:\\decimal_computer\\decimal_gemm.py\"", line 60, in <listcomp>\n    return np.array([[int(x) for x in row] for row in M], dtype=np.int64)\n                     ^^^^^^^^^^^^^^^^^^^^^\n  File \""D:\\decimal_computer\\decimal_gemm.py\"", line 60, in <listcomp>\n    return np.array([[int(x) for x in row] for row in M], dtype=np.int64)\n                      ^^^^^^\nTypeError: int() argument must be a string, a bytes-like object or a real number, not 'list'\n""}
",
8,8,auto,0,0.0,,,"runner_error: Traceback (most recent call last):
  File ""C:\Users\asus\AppData\Local\Temp\bench_runner_22fpkhd0\runner.py"", line 21, in <module>
    res = decimal_gemm_naive(A, B, mul_algo=algo, cutoff=cutoff, return_counters=True)
          ^^^^^^^^^^^^^^^^^^^^^^^^^^^^^^^^^^^^^^^^^^^^^^^^^^^^^^^^^^^^^^^^^^^^^^^^^^^^
  File ""D:\decimal_computer\decimal_gemm.py"", line 171, in decimal_gemm_naive
    C = schoolbook_gemm(A, B, counters=counters)
        ^^^^^^^^^^^^^^^^^^^^^^^^^^^^^^^^^^^^^^^^
  File ""D:\decimal_computer\decimal_gemm.py"", line 73, in schoolbook_gemm
    a = _to_numpy_int_matrix(A)
        ^^^^^^^^^^^^^^^^^^^^^^^
  File ""D:\decimal_computer\decimal_gemm.py"", line 60, in _to_numpy_int_matrix
    return np.array([[int(x) for x in row] for row in M], dtype=np.int64)
                    ^^^^^^^^^^^^^^^^^^^^^^^^^^^^^^^^^^^^
  File ""D:\decimal_computer\decimal_gemm.py"", line 60, in <listcomp>
    return np.array([[int(x) for x in row] for row in M], dtype=np.int64)
                     ^^^^^^^^^^^^^^^^^^^^^
  File ""D:\decimal_computer\decimal_gemm.py"", line 60, in <listcomp>
    return np.array([[int(x) for x in row] for row in M], dtype=np.int64)
                      ^^^^^^
TypeError: int() argument must be a string, a bytes-like object or a real number, not 'list'

During handling of the above exception, another exception occurred:

Traceback (most recent call last):
  File ""C:\Users\asus\AppData\Local\Temp\bench_runner_22fpkhd0\runner.py"", line 24, in <module>
    res = decimal_gemm_naive(A, B, mul_algo=algo, cutoff=cutoff)
          ^^^^^^^^^^^^^^^^^^^^^^^^^^^^^^^^^^^^^^^^^^^^^^^^^^^^^^
  File ""D:\decimal_computer\decimal_gemm.py"", line 171, in decimal_gemm_naive
    C = schoolbook_gemm(A, B, counters=counters)
        ^^^^^^^^^^^^^^^^^^^^^^^^^^^^^^^^^^^^^^^^
  File ""D:\decimal_computer\decimal_gemm.py"", line 73, in schoolbook_gemm
    a = _to_numpy_int_matrix(A)
        ^^^^^^^^^^^^^^^^^^^^^^^
  File ""D:\decimal_computer\decimal_gemm.py"", line 60, in _to_numpy_int_matrix
    return np.array([[int(x) for x in row] for row in M], dtype=np.int64)
                    ^^^^^^^^^^^^^^^^^^^^^^^^^^^^^^^^^^^^
  File ""D:\decimal_computer\decimal_gemm.py"", line 60, in <listcomp>
    return np.array([[int(x) for x in row] for row in M], dtype=np.int64)
                     ^^^^^^^^^^^^^^^^^^^^^
  File ""D:\decimal_computer\decimal_gemm.py"", line 60, in <listcomp>
    return np.array([[int(x) for x in row] for row in M], dtype=np.int64)
                      ^^^^^^
TypeError: int() argument must be a string, a bytes-like object or a real number, not 'list'
",4,,,"{""ok"": false, ""error"": ""call_failed"", ""trace"": ""Traceback (most recent call last):\n  File \""C:\\Users\\asus\\AppData\\Local\\Temp\\bench_runner_22fpkhd0\\runner.py\"", line 21, in <module>\n    res = decimal_gemm_naive(A, B, mul_algo=algo, cutoff=cutoff, return_counters=True)\n          ^^^^^^^^^^^^^^^^^^^^^^^^^^^^^^^^^^^^^^^^^^^^^^^^^^^^^^^^^^^^^^^^^^^^^^^^^^^^\n  File \""D:\\decimal_computer\\decimal_gemm.py\"", line 171, in decimal_gemm_naive\n    C = schoolbook_gemm(A, B, counters=counters)\n        ^^^^^^^^^^^^^^^^^^^^^^^^^^^^^^^^^^^^^^^^\n  File \""D:\\decimal_computer\\decimal_gemm.py\"", line 73, in schoolbook_gemm\n    a = _to_numpy_int_matrix(A)\n        ^^^^^^^^^^^^^^^^^^^^^^^\n  File \""D:\\decimal_computer\\decimal_gemm.py\"", line 60, in _to_numpy_int_matrix\n    return np.array([[int(x) for x in row] for row in M], dtype=np.int64)\n                    ^^^^^^^^^^^^^^^^^^^^^^^^^^^^^^^^^^^^\n  File \""D:\\decimal_computer\\decimal_gemm.py\"", line 60, in <listcomp>\n    return np.array([[int(x) for x in row] for row in M], dtype=np.int64)\n                     ^^^^^^^^^^^^^^^^^^^^^\n  File \""D:\\decimal_computer\\decimal_gemm.py\"", line 60, in <listcomp>\n    return np.array([[int(x) for x in row] for row in M], dtype=np.int64)\n                      ^^^^^^\nTypeError: int() argument must be a string, a bytes-like object or a real number, not 'list'\n\nDuring handling of the above exception, another exception occurred:\n\nTraceback (most recent call last):\n  File \""C:\\Users\\asus\\AppData\\Local\\Temp\\bench_runner_22fpkhd0\\runner.py\"", line 24, in <module>\n    res = decimal_gemm_naive(A, B, mul_algo=algo, cutoff=cutoff)\n          ^^^^^^^^^^^^^^^^^^^^^^^^^^^^^^^^^^^^^^^^^^^^^^^^^^^^^^\n  File \""D:\\decimal_computer\\decimal_gemm.py\"", line 171, in decimal_gemm_naive\n    C = schoolbook_gemm(A, B, counters=counters)\n        ^^^^^^^^^^^^^^^^^^^^^^^^^^^^^^^^^^^^^^^^\n  File \""D:\\decimal_computer\\decimal_gemm.py\"", line 73, in schoolbook_gemm\n    a = _to_numpy_int_matrix(A)\n        ^^^^^^^^^^^^^^^^^^^^^^^\n  File \""D:\\decimal_computer\\decimal_gemm.py\"", line 60, in _to_numpy_int_matrix\n    return np.array([[int(x) for x in row] for row in M], dtype=np.int64)\n                    ^^^^^^^^^^^^^^^^^^^^^^^^^^^^^^^^^^^^\n  File \""D:\\decimal_computer\\decimal_gemm.py\"", line 60, in <listcomp>\n    return np.array([[int(x) for x in row] for row in M], dtype=np.int64)\n                     ^^^^^^^^^^^^^^^^^^^^^\n  File \""D:\\decimal_computer\\decimal_gemm.py\"", line 60, in <listcomp>\n    return np.array([[int(x) for x in row] for row in M], dtype=np.int64)\n                      ^^^^^^\nTypeError: int() argument must be a string, a bytes-like object or a real number, not 'list'\n""}
","[decimal_gemm] auto-selected algo='schoolbook' max_digit_len=None cutoff=None
[decimal_gemm] auto-selected algo='schoolbook' max_digit_len=None cutoff=None
"
8,8,auto,1,0.0,,,"runner_error: Traceback (most recent call last):
  File ""C:\Users\asus\AppData\Local\Temp\bench_runner_7wmbfdkz\runner.py"", line 21, in <module>
    res = decimal_gemm_naive(A, B, mul_algo=algo, cutoff=cutoff, return_counters=True)
          ^^^^^^^^^^^^^^^^^^^^^^^^^^^^^^^^^^^^^^^^^^^^^^^^^^^^^^^^^^^^^^^^^^^^^^^^^^^^
  File ""D:\decimal_computer\decimal_gemm.py"", line 171, in decimal_gemm_naive
    C = schoolbook_gemm(A, B, counters=counters)
        ^^^^^^^^^^^^^^^^^^^^^^^^^^^^^^^^^^^^^^^^
  File ""D:\decimal_computer\decimal_gemm.py"", line 73, in schoolbook_gemm
    a = _to_numpy_int_matrix(A)
        ^^^^^^^^^^^^^^^^^^^^^^^
  File ""D:\decimal_computer\decimal_gemm.py"", line 60, in _to_numpy_int_matrix
    return np.array([[int(x) for x in row] for row in M], dtype=np.int64)
                    ^^^^^^^^^^^^^^^^^^^^^^^^^^^^^^^^^^^^
  File ""D:\decimal_computer\decimal_gemm.py"", line 60, in <listcomp>
    return np.array([[int(x) for x in row] for row in M], dtype=np.int64)
                     ^^^^^^^^^^^^^^^^^^^^^
  File ""D:\decimal_computer\decimal_gemm.py"", line 60, in <listcomp>
    return np.array([[int(x) for x in row] for row in M], dtype=np.int64)
                      ^^^^^^
TypeError: int() argument must be a string, a bytes-like object or a real number, not 'list'

During handling of the above exception, another exception occurred:

Traceback (most recent call last):
  File ""C:\Users\asus\AppData\Local\Temp\bench_runner_7wmbfdkz\runner.py"", line 24, in <module>
    res = decimal_gemm_naive(A, B, mul_algo=algo, cutoff=cutoff)
          ^^^^^^^^^^^^^^^^^^^^^^^^^^^^^^^^^^^^^^^^^^^^^^^^^^^^^^
  File ""D:\decimal_computer\decimal_gemm.py"", line 171, in decimal_gemm_naive
    C = schoolbook_gemm(A, B, counters=counters)
        ^^^^^^^^^^^^^^^^^^^^^^^^^^^^^^^^^^^^^^^^
  File ""D:\decimal_computer\decimal_gemm.py"", line 73, in schoolbook_gemm
    a = _to_numpy_int_matrix(A)
        ^^^^^^^^^^^^^^^^^^^^^^^
  File ""D:\decimal_computer\decimal_gemm.py"", line 60, in _to_numpy_int_matrix
    return np.array([[int(x) for x in row] for row in M], dtype=np.int64)
                    ^^^^^^^^^^^^^^^^^^^^^^^^^^^^^^^^^^^^
  File ""D:\decimal_computer\decimal_gemm.py"", line 60, in <listcomp>
    return np.array([[int(x) for x in row] for row in M], dtype=np.int64)
                     ^^^^^^^^^^^^^^^^^^^^^
  File ""D:\decimal_computer\decimal_gemm.py"", line 60, in <listcomp>
    return np.array([[int(x) for x in row] for row in M], dtype=np.int64)
                      ^^^^^^
TypeError: int() argument must be a string, a bytes-like object or a real number, not 'list'
",4,,,"{""ok"": false, ""error"": ""call_failed"", ""trace"": ""Traceback (most recent call last):\n  File \""C:\\Users\\asus\\AppData\\Local\\Temp\\bench_runner_7wmbfdkz\\runner.py\"", line 21, in <module>\n    res = decimal_gemm_naive(A, B, mul_algo=algo, cutoff=cutoff, return_counters=True)\n          ^^^^^^^^^^^^^^^^^^^^^^^^^^^^^^^^^^^^^^^^^^^^^^^^^^^^^^^^^^^^^^^^^^^^^^^^^^^^\n  File \""D:\\decimal_computer\\decimal_gemm.py\"", line 171, in decimal_gemm_naive\n    C = schoolbook_gemm(A, B, counters=counters)\n        ^^^^^^^^^^^^^^^^^^^^^^^^^^^^^^^^^^^^^^^^\n  File \""D:\\decimal_computer\\decimal_gemm.py\"", line 73, in schoolbook_gemm\n    a = _to_numpy_int_matrix(A)\n        ^^^^^^^^^^^^^^^^^^^^^^^\n  File \""D:\\decimal_computer\\decimal_gemm.py\"", line 60, in _to_numpy_int_matrix\n    return np.array([[int(x) for x in row] for row in M], dtype=np.int64)\n                    ^^^^^^^^^^^^^^^^^^^^^^^^^^^^^^^^^^^^\n  File \""D:\\decimal_computer\\decimal_gemm.py\"", line 60, in <listcomp>\n    return np.array([[int(x) for x in row] for row in M], dtype=np.int64)\n                     ^^^^^^^^^^^^^^^^^^^^^\n  File \""D:\\decimal_computer\\decimal_gemm.py\"", line 60, in <listcomp>\n    return np.array([[int(x) for x in row] for row in M], dtype=np.int64)\n                      ^^^^^^\nTypeError: int() argument must be a string, a bytes-like object or a real number, not 'list'\n\nDuring handling of the above exception, another exception occurred:\n\nTraceback (most recent call last):\n  File \""C:\\Users\\asus\\AppData\\Local\\Temp\\bench_runner_7wmbfdkz\\runner.py\"", line 24, in <module>\n    res = decimal_gemm_naive(A, B, mul_algo=algo, cutoff=cutoff)\n          ^^^^^^^^^^^^^^^^^^^^^^^^^^^^^^^^^^^^^^^^^^^^^^^^^^^^^^\n  File \""D:\\decimal_computer\\decimal_gemm.py\"", line 171, in decimal_gemm_naive\n    C = schoolbook_gemm(A, B, counters=counters)\n        ^^^^^^^^^^^^^^^^^^^^^^^^^^^^^^^^^^^^^^^^\n  File \""D:\\decimal_computer\\decimal_gemm.py\"", line 73, in schoolbook_gemm\n    a = _to_numpy_int_matrix(A)\n        ^^^^^^^^^^^^^^^^^^^^^^^\n  File \""D:\\decimal_computer\\decimal_gemm.py\"", line 60, in _to_numpy_int_matrix\n    return np.array([[int(x) for x in row] for row in M], dtype=np.int64)\n                    ^^^^^^^^^^^^^^^^^^^^^^^^^^^^^^^^^^^^\n  File \""D:\\decimal_computer\\decimal_gemm.py\"", line 60, in <listcomp>\n    return np.array([[int(x) for x in row] for row in M], dtype=np.int64)\n                     ^^^^^^^^^^^^^^^^^^^^^\n  File \""D:\\decimal_computer\\decimal_gemm.py\"", line 60, in <listcomp>\n    return np.array([[int(x) for x in row] for row in M], dtype=np.int64)\n                      ^^^^^^\nTypeError: int() argument must be a string, a bytes-like object or a real number, not 'list'\n""}
","[decimal_gemm] auto-selected algo='schoolbook' max_digit_len=None cutoff=None
[decimal_gemm] auto-selected algo='schoolbook' max_digit_len=None cutoff=None
"
8,8,schoolbook,0,0.0,,,"runner_error: Traceback (most recent call last):
  File ""C:\Users\asus\AppData\Local\Temp\bench_runner_gtdssf6g\runner.py"", line 21, in <module>
    res = decimal_gemm_naive(A, B, mul_algo=algo, cutoff=cutoff, return_counters=True)
          ^^^^^^^^^^^^^^^^^^^^^^^^^^^^^^^^^^^^^^^^^^^^^^^^^^^^^^^^^^^^^^^^^^^^^^^^^^^^
  File ""D:\decimal_computer\decimal_gemm.py"", line 171, in decimal_gemm_naive
    C = schoolbook_gemm(A, B, counters=counters)
        ^^^^^^^^^^^^^^^^^^^^^^^^^^^^^^^^^^^^^^^^
  File ""D:\decimal_computer\decimal_gemm.py"", line 73, in schoolbook_gemm
    a = _to_numpy_int_matrix(A)
        ^^^^^^^^^^^^^^^^^^^^^^^
  File ""D:\decimal_computer\decimal_gemm.py"", line 60, in _to_numpy_int_matrix
    return np.array([[int(x) for x in row] for row in M], dtype=np.int64)
                    ^^^^^^^^^^^^^^^^^^^^^^^^^^^^^^^^^^^^
  File ""D:\decimal_computer\decimal_gemm.py"", line 60, in <listcomp>
    return np.array([[int(x) for x in row] for row in M], dtype=np.int64)
                     ^^^^^^^^^^^^^^^^^^^^^
  File ""D:\decimal_computer\decimal_gemm.py"", line 60, in <listcomp>
    return np.array([[int(x) for x in row] for row in M], dtype=np.int64)
                      ^^^^^^
TypeError: int() argument must be a string, a bytes-like object or a real number, not 'list'

During handling of the above exception, another exception occurred:

Traceback (most recent call last):
  File ""C:\Users\asus\AppData\Local\Temp\bench_runner_gtdssf6g\runner.py"", line 24, in <module>
    res = decimal_gemm_naive(A, B, mul_algo=algo, cutoff=cutoff)
          ^^^^^^^^^^^^^^^^^^^^^^^^^^^^^^^^^^^^^^^^^^^^^^^^^^^^^^
  File ""D:\decimal_computer\decimal_gemm.py"", line 171, in decimal_gemm_naive
    C = schoolbook_gemm(A, B, counters=counters)
        ^^^^^^^^^^^^^^^^^^^^^^^^^^^^^^^^^^^^^^^^
  File ""D:\decimal_computer\decimal_gemm.py"", line 73, in schoolbook_gemm
    a = _to_numpy_int_matrix(A)
        ^^^^^^^^^^^^^^^^^^^^^^^
  File ""D:\decimal_computer\decimal_gemm.py"", line 60, in _to_numpy_int_matrix
    return np.array([[int(x) for x in row] for row in M], dtype=np.int64)
                    ^^^^^^^^^^^^^^^^^^^^^^^^^^^^^^^^^^^^
  File ""D:\decimal_computer\decimal_gemm.py"", line 60, in <listcomp>
    return np.array([[int(x) for x in row] for row in M], dtype=np.int64)
                     ^^^^^^^^^^^^^^^^^^^^^
  File ""D:\decimal_computer\decimal_gemm.py"", line 60, in <listcomp>
    return np.array([[int(x) for x in row] for row in M], dtype=np.int64)
                      ^^^^^^
TypeError: int() argument must be a string, a bytes-like object or a real number, not 'list'
",4,,,"{""ok"": false, ""error"": ""call_failed"", ""trace"": ""Traceback (most recent call last):\n  File \""C:\\Users\\asus\\AppData\\Local\\Temp\\bench_runner_gtdssf6g\\runner.py\"", line 21, in <module>\n    res = decimal_gemm_naive(A, B, mul_algo=algo, cutoff=cutoff, return_counters=True)\n          ^^^^^^^^^^^^^^^^^^^^^^^^^^^^^^^^^^^^^^^^^^^^^^^^^^^^^^^^^^^^^^^^^^^^^^^^^^^^\n  File \""D:\\decimal_computer\\decimal_gemm.py\"", line 171, in decimal_gemm_naive\n    C = schoolbook_gemm(A, B, counters=counters)\n        ^^^^^^^^^^^^^^^^^^^^^^^^^^^^^^^^^^^^^^^^\n  File \""D:\\decimal_computer\\decimal_gemm.py\"", line 73, in schoolbook_gemm\n    a = _to_numpy_int_matrix(A)\n        ^^^^^^^^^^^^^^^^^^^^^^^\n  File \""D:\\decimal_computer\\decimal_gemm.py\"", line 60, in _to_numpy_int_matrix\n    return np.array([[int(x) for x in row] for row in M], dtype=np.int64)\n                    ^^^^^^^^^^^^^^^^^^^^^^^^^^^^^^^^^^^^\n  File \""D:\\decimal_computer\\decimal_gemm.py\"", line 60, in <listcomp>\n    return np.array([[int(x) for x in row] for row in M], dtype=np.int64)\n                     ^^^^^^^^^^^^^^^^^^^^^\n  File \""D:\\decimal_computer\\decimal_gemm.py\"", line 60, in <listcomp>\n    return np.array([[int(x) for x in row] for row in M], dtype=np.int64)\n                      ^^^^^^\nTypeError: int() argument must be a string, a bytes-like object or a real number, not 'list'\n\nDuring handling of the above exception, another exception occurred:\n\nTraceback (most recent call last):\n  File \""C:\\Users\\asus\\AppData\\Local\\Temp\\bench_runner_gtdssf6g\\runner.py\"", line 24, in <module>\n    res = decimal_gemm_naive(A, B, mul_algo=algo, cutoff=cutoff)\n          ^^^^^^^^^^^^^^^^^^^^^^^^^^^^^^^^^^^^^^^^^^^^^^^^^^^^^^\n  File \""D:\\decimal_computer\\decimal_gemm.py\"", line 171, in decimal_gemm_naive\n    C = schoolbook_gemm(A, B, counters=counters)\n        ^^^^^^^^^^^^^^^^^^^^^^^^^^^^^^^^^^^^^^^^\n  File \""D:\\decimal_computer\\decimal_gemm.py\"", line 73, in schoolbook_gemm\n    a = _to_numpy_int_matrix(A)\n        ^^^^^^^^^^^^^^^^^^^^^^^\n  File \""D:\\decimal_computer\\decimal_gemm.py\"", line 60, in _to_numpy_int_matrix\n    return np.array([[int(x) for x in row] for row in M], dtype=np.int64)\n                    ^^^^^^^^^^^^^^^^^^^^^^^^^^^^^^^^^^^^\n  File \""D:\\decimal_computer\\decimal_gemm.py\"", line 60, in <listcomp>\n    return np.array([[int(x) for x in row] for row in M], dtype=np.int64)\n                     ^^^^^^^^^^^^^^^^^^^^^\n  File \""D:\\decimal_computer\\decimal_gemm.py\"", line 60, in <listcomp>\n    return np.array([[int(x) for x in row] for row in M], dtype=np.int64)\n                      ^^^^^^\nTypeError: int() argument must be a string, a bytes-like object or a real number, not 'list'\n""}
",
8,8,schoolbook,1,0.0,,,"runner_error: Traceback (most recent call last):
  File ""C:\Users\asus\AppData\Local\Temp\bench_runner_wvws5s7t\runner.py"", line 21, in <module>
    res = decimal_gemm_naive(A, B, mul_algo=algo, cutoff=cutoff, return_counters=True)
          ^^^^^^^^^^^^^^^^^^^^^^^^^^^^^^^^^^^^^^^^^^^^^^^^^^^^^^^^^^^^^^^^^^^^^^^^^^^^
  File ""D:\decimal_computer\decimal_gemm.py"", line 171, in decimal_gemm_naive
    C = schoolbook_gemm(A, B, counters=counters)
        ^^^^^^^^^^^^^^^^^^^^^^^^^^^^^^^^^^^^^^^^
  File ""D:\decimal_computer\decimal_gemm.py"", line 73, in schoolbook_gemm
    a = _to_numpy_int_matrix(A)
        ^^^^^^^^^^^^^^^^^^^^^^^
  File ""D:\decimal_computer\decimal_gemm.py"", line 60, in _to_numpy_int_matrix
    return np.array([[int(x) for x in row] for row in M], dtype=np.int64)
                    ^^^^^^^^^^^^^^^^^^^^^^^^^^^^^^^^^^^^
  File ""D:\decimal_computer\decimal_gemm.py"", line 60, in <listcomp>
    return np.array([[int(x) for x in row] for row in M], dtype=np.int64)
                     ^^^^^^^^^^^^^^^^^^^^^
  File ""D:\decimal_computer\decimal_gemm.py"", line 60, in <listcomp>
    return np.array([[int(x) for x in row] for row in M], dtype=np.int64)
                      ^^^^^^
TypeError: int() argument must be a string, a bytes-like object or a real number, not 'list'

During handling of the above exception, another exception occurred:

Traceback (most recent call last):
  File ""C:\Users\asus\AppData\Local\Temp\bench_runner_wvws5s7t\runner.py"", line 24, in <module>
    res = decimal_gemm_naive(A, B, mul_algo=algo, cutoff=cutoff)
          ^^^^^^^^^^^^^^^^^^^^^^^^^^^^^^^^^^^^^^^^^^^^^^^^^^^^^^
  File ""D:\decimal_computer\decimal_gemm.py"", line 171, in decimal_gemm_naive
    C = schoolbook_gemm(A, B, counters=counters)
        ^^^^^^^^^^^^^^^^^^^^^^^^^^^^^^^^^^^^^^^^
  File ""D:\decimal_computer\decimal_gemm.py"", line 73, in schoolbook_gemm
    a = _to_numpy_int_matrix(A)
        ^^^^^^^^^^^^^^^^^^^^^^^
  File ""D:\decimal_computer\decimal_gemm.py"", line 60, in _to_numpy_int_matrix
    return np.array([[int(x) for x in row] for row in M], dtype=np.int64)
                    ^^^^^^^^^^^^^^^^^^^^^^^^^^^^^^^^^^^^
  File ""D:\decimal_computer\decimal_gemm.py"", line 60, in <listcomp>
    return np.array([[int(x) for x in row] for row in M], dtype=np.int64)
                     ^^^^^^^^^^^^^^^^^^^^^
  File ""D:\decimal_computer\decimal_gemm.py"", line 60, in <listcomp>
    return np.array([[int(x) for x in row] for row in M], dtype=np.int64)
                      ^^^^^^
TypeError: int() argument must be a string, a bytes-like object or a real number, not 'list'
",4,,,"{""ok"": false, ""error"": ""call_failed"", ""trace"": ""Traceback (most recent call last):\n  File \""C:\\Users\\asus\\AppData\\Local\\Temp\\bench_runner_wvws5s7t\\runner.py\"", line 21, in <module>\n    res = decimal_gemm_naive(A, B, mul_algo=algo, cutoff=cutoff, return_counters=True)\n          ^^^^^^^^^^^^^^^^^^^^^^^^^^^^^^^^^^^^^^^^^^^^^^^^^^^^^^^^^^^^^^^^^^^^^^^^^^^^\n  File \""D:\\decimal_computer\\decimal_gemm.py\"", line 171, in decimal_gemm_naive\n    C = schoolbook_gemm(A, B, counters=counters)\n        ^^^^^^^^^^^^^^^^^^^^^^^^^^^^^^^^^^^^^^^^\n  File \""D:\\decimal_computer\\decimal_gemm.py\"", line 73, in schoolbook_gemm\n    a = _to_numpy_int_matrix(A)\n        ^^^^^^^^^^^^^^^^^^^^^^^\n  File \""D:\\decimal_computer\\decimal_gemm.py\"", line 60, in _to_numpy_int_matrix\n    return np.array([[int(x) for x in row] for row in M], dtype=np.int64)\n                    ^^^^^^^^^^^^^^^^^^^^^^^^^^^^^^^^^^^^\n  File \""D:\\decimal_computer\\decimal_gemm.py\"", line 60, in <listcomp>\n    return np.array([[int(x) for x in row] for row in M], dtype=np.int64)\n                     ^^^^^^^^^^^^^^^^^^^^^\n  File \""D:\\decimal_computer\\decimal_gemm.py\"", line 60, in <listcomp>\n    return np.array([[int(x) for x in row] for row in M], dtype=np.int64)\n                      ^^^^^^\nTypeError: int() argument must be a string, a bytes-like object or a real number, not 'list'\n\nDuring handling of the above exception, another exception occurred:\n\nTraceback (most recent call last):\n  File \""C:\\Users\\asus\\AppData\\Local\\Temp\\bench_runner_wvws5s7t\\runner.py\"", line 24, in <module>\n    res = decimal_gemm_naive(A, B, mul_algo=algo, cutoff=cutoff)\n          ^^^^^^^^^^^^^^^^^^^^^^^^^^^^^^^^^^^^^^^^^^^^^^^^^^^^^^\n  File \""D:\\decimal_computer\\decimal_gemm.py\"", line 171, in decimal_gemm_naive\n    C = schoolbook_gemm(A, B, counters=counters)\n        ^^^^^^^^^^^^^^^^^^^^^^^^^^^^^^^^^^^^^^^^\n  File \""D:\\decimal_computer\\decimal_gemm.py\"", line 73, in schoolbook_gemm\n    a = _to_numpy_int_matrix(A)\n        ^^^^^^^^^^^^^^^^^^^^^^^\n  File \""D:\\decimal_computer\\decimal_gemm.py\"", line 60, in _to_numpy_int_matrix\n    return np.array([[int(x) for x in row] for row in M], dtype=np.int64)\n                    ^^^^^^^^^^^^^^^^^^^^^^^^^^^^^^^^^^^^\n  File \""D:\\decimal_computer\\decimal_gemm.py\"", line 60, in <listcomp>\n    return np.array([[int(x) for x in row] for row in M], dtype=np.int64)\n                     ^^^^^^^^^^^^^^^^^^^^^\n  File \""D:\\decimal_computer\\decimal_gemm.py\"", line 60, in <listcomp>\n    return np.array([[int(x) for x in row] for row in M], dtype=np.int64)\n                      ^^^^^^\nTypeError: int() argument must be a string, a bytes-like object or a real number, not 'list'\n""}
",
8,8,karatsuba,0,0.0,,,"runner_error: Traceback (most recent call last):
  File ""C:\Users\asus\AppData\Local\Temp\bench_runner_ypz66wke\runner.py"", line 21, in <module>
    res = decimal_gemm_naive(A, B, mul_algo=algo, cutoff=cutoff, return_counters=True)
          ^^^^^^^^^^^^^^^^^^^^^^^^^^^^^^^^^^^^^^^^^^^^^^^^^^^^^^^^^^^^^^^^^^^^^^^^^^^^
  File ""D:\decimal_computer\decimal_gemm.py"", line 173, in decimal_gemm_naive
    C = karatsuba_gemm(A, B, cutoff=cutoff, counters=counters)
        ^^^^^^^^^^^^^^^^^^^^^^^^^^^^^^^^^^^^^^^^^^^^^^^^^^^^^^
  File ""D:\decimal_computer\decimal_gemm.py"", line 103, in karatsuba_gemm
    return schoolbook_gemm(A, B, counters=counters)
           ^^^^^^^^^^^^^^^^^^^^^^^^^^^^^^^^^^^^^^^^
  File ""D:\decimal_computer\decimal_gemm.py"", line 73, in schoolbook_gemm
    a = _to_numpy_int_matrix(A)
        ^^^^^^^^^^^^^^^^^^^^^^^
  File ""D:\decimal_computer\decimal_gemm.py"", line 60, in _to_numpy_int_matrix
    return np.array([[int(x) for x in row] for row in M], dtype=np.int64)
                    ^^^^^^^^^^^^^^^^^^^^^^^^^^^^^^^^^^^^
  File ""D:\decimal_computer\decimal_gemm.py"", line 60, in <listcomp>
    return np.array([[int(x) for x in row] for row in M], dtype=np.int64)
                     ^^^^^^^^^^^^^^^^^^^^^
  File ""D:\decimal_computer\decimal_gemm.py"", line 60, in <listcomp>
    return np.array([[int(x) for x in row] for row in M], dtype=np.int64)
                      ^^^^^^
TypeError: int() argument must be a string, a bytes-like object or a real number, not 'list'

During handling of the above exception, another exception occurred:

Traceback (most recent call last):
  File ""C:\Users\asus\AppData\Local\Temp\bench_runner_ypz66wke\runner.py"", line 24, in <module>
    res = decimal_gemm_naive(A, B, mul_algo=algo, cutoff=cutoff)
          ^^^^^^^^^^^^^^^^^^^^^^^^^^^^^^^^^^^^^^^^^^^^^^^^^^^^^^
  File ""D:\decimal_computer\decimal_gemm.py"", line 173, in decimal_gemm_naive
    C = karatsuba_gemm(A, B, cutoff=cutoff, counters=counters)
        ^^^^^^^^^^^^^^^^^^^^^^^^^^^^^^^^^^^^^^^^^^^^^^^^^^^^^^
  File ""D:\decimal_computer\decimal_gemm.py"", line 103, in karatsuba_gemm
    return schoolbook_gemm(A, B, counters=counters)
           ^^^^^^^^^^^^^^^^^^^^^^^^^^^^^^^^^^^^^^^^
  File ""D:\decimal_computer\decimal_gemm.py"", line 73, in schoolbook_gemm
    a = _to_numpy_int_matrix(A)
        ^^^^^^^^^^^^^^^^^^^^^^^
  File ""D:\decimal_computer\decimal_gemm.py"", line 60, in _to_numpy_int_matrix
    return np.array([[int(x) for x in row] for row in M], dtype=np.int64)
                    ^^^^^^^^^^^^^^^^^^^^^^^^^^^^^^^^^^^^
  File ""D:\decimal_computer\decimal_gemm.py"", line 60, in <listcomp>
    return np.array([[int(x) for x in row] for row in M], dtype=np.int64)
                     ^^^^^^^^^^^^^^^^^^^^^
  File ""D:\decimal_computer\decimal_gemm.py"", line 60, in <listcomp>
    return np.array([[int(x) for x in row] for row in M], dtype=np.int64)
                      ^^^^^^
TypeError: int() argument must be a string, a bytes-like object or a real number, not 'list'
",4,,,"{""ok"": false, ""error"": ""call_failed"", ""trace"": ""Traceback (most recent call last):\n  File \""C:\\Users\\asus\\AppData\\Local\\Temp\\bench_runner_ypz66wke\\runner.py\"", line 21, in <module>\n    res = decimal_gemm_naive(A, B, mul_algo=algo, cutoff=cutoff, return_counters=True)\n          ^^^^^^^^^^^^^^^^^^^^^^^^^^^^^^^^^^^^^^^^^^^^^^^^^^^^^^^^^^^^^^^^^^^^^^^^^^^^\n  File \""D:\\decimal_computer\\decimal_gemm.py\"", line 173, in decimal_gemm_naive\n    C = karatsuba_gemm(A, B, cutoff=cutoff, counters=counters)\n        ^^^^^^^^^^^^^^^^^^^^^^^^^^^^^^^^^^^^^^^^^^^^^^^^^^^^^^\n  File \""D:\\decimal_computer\\decimal_gemm.py\"", line 103, in karatsuba_gemm\n    return schoolbook_gemm(A, B, counters=counters)\n           ^^^^^^^^^^^^^^^^^^^^^^^^^^^^^^^^^^^^^^^^\n  File \""D:\\decimal_computer\\decimal_gemm.py\"", line 73, in schoolbook_gemm\n    a = _to_numpy_int_matrix(A)\n        ^^^^^^^^^^^^^^^^^^^^^^^\n  File \""D:\\decimal_computer\\decimal_gemm.py\"", line 60, in _to_numpy_int_matrix\n    return np.array([[int(x) for x in row] for row in M], dtype=np.int64)\n                    ^^^^^^^^^^^^^^^^^^^^^^^^^^^^^^^^^^^^\n  File \""D:\\decimal_computer\\decimal_gemm.py\"", line 60, in <listcomp>\n    return np.array([[int(x) for x in row] for row in M], dtype=np.int64)\n                     ^^^^^^^^^^^^^^^^^^^^^\n  File \""D:\\decimal_computer\\decimal_gemm.py\"", line 60, in <listcomp>\n    return np.array([[int(x) for x in row] for row in M], dtype=np.int64)\n                      ^^^^^^\nTypeError: int() argument must be a string, a bytes-like object or a real number, not 'list'\n\nDuring handling of the above exception, another exception occurred:\n\nTraceback (most recent call last):\n  File \""C:\\Users\\asus\\AppData\\Local\\Temp\\bench_runner_ypz66wke\\runner.py\"", line 24, in <module>\n    res = decimal_gemm_naive(A, B, mul_algo=algo, cutoff=cutoff)\n          ^^^^^^^^^^^^^^^^^^^^^^^^^^^^^^^^^^^^^^^^^^^^^^^^^^^^^^\n  File \""D:\\decimal_computer\\decimal_gemm.py\"", line 173, in decimal_gemm_naive\n    C = karatsuba_gemm(A, B, cutoff=cutoff, counters=counters)\n        ^^^^^^^^^^^^^^^^^^^^^^^^^^^^^^^^^^^^^^^^^^^^^^^^^^^^^^\n  File \""D:\\decimal_computer\\decimal_gemm.py\"", line 103, in karatsuba_gemm\n    return schoolbook_gemm(A, B, counters=counters)\n           ^^^^^^^^^^^^^^^^^^^^^^^^^^^^^^^^^^^^^^^^\n  File \""D:\\decimal_computer\\decimal_gemm.py\"", line 73, in schoolbook_gemm\n    a = _to_numpy_int_matrix(A)\n        ^^^^^^^^^^^^^^^^^^^^^^^\n  File \""D:\\decimal_computer\\decimal_gemm.py\"", line 60, in _to_numpy_int_matrix\n    return np.array([[int(x) for x in row] for row in M], dtype=np.int64)\n                    ^^^^^^^^^^^^^^^^^^^^^^^^^^^^^^^^^^^^\n  File \""D:\\decimal_computer\\decimal_gemm.py\"", line 60, in <listcomp>\n    return np.array([[int(x) for x in row] for row in M], dtype=np.int64)\n                     ^^^^^^^^^^^^^^^^^^^^^\n  File \""D:\\decimal_computer\\decimal_gemm.py\"", line 60, in <listcomp>\n    return np.array([[int(x) for x in row] for row in M], dtype=np.int64)\n                      ^^^^^^\nTypeError: int() argument must be a string, a bytes-like object or a real number, not 'list'\n""}
",
8,8,karatsuba,1,0.0,,,"runner_error: Traceback (most recent call last):
  File ""C:\Users\asus\AppData\Local\Temp\bench_runner_jkylndwy\runner.py"", line 21, in <module>
    res = decimal_gemm_naive(A, B, mul_algo=algo, cutoff=cutoff, return_counters=True)
          ^^^^^^^^^^^^^^^^^^^^^^^^^^^^^^^^^^^^^^^^^^^^^^^^^^^^^^^^^^^^^^^^^^^^^^^^^^^^
  File ""D:\decimal_computer\decimal_gemm.py"", line 173, in decimal_gemm_naive
    C = karatsuba_gemm(A, B, cutoff=cutoff, counters=counters)
        ^^^^^^^^^^^^^^^^^^^^^^^^^^^^^^^^^^^^^^^^^^^^^^^^^^^^^^
  File ""D:\decimal_computer\decimal_gemm.py"", line 103, in karatsuba_gemm
    return schoolbook_gemm(A, B, counters=counters)
           ^^^^^^^^^^^^^^^^^^^^^^^^^^^^^^^^^^^^^^^^
  File ""D:\decimal_computer\decimal_gemm.py"", line 73, in schoolbook_gemm
    a = _to_numpy_int_matrix(A)
        ^^^^^^^^^^^^^^^^^^^^^^^
  File ""D:\decimal_computer\decimal_gemm.py"", line 60, in _to_numpy_int_matrix
    return np.array([[int(x) for x in row] for row in M], dtype=np.int64)
                    ^^^^^^^^^^^^^^^^^^^^^^^^^^^^^^^^^^^^
  File ""D:\decimal_computer\decimal_gemm.py"", line 60, in <listcomp>
    return np.array([[int(x) for x in row] for row in M], dtype=np.int64)
                     ^^^^^^^^^^^^^^^^^^^^^
  File ""D:\decimal_computer\decimal_gemm.py"", line 60, in <listcomp>
    return np.array([[int(x) for x in row] for row in M], dtype=np.int64)
                      ^^^^^^
TypeError: int() argument must be a string, a bytes-like object or a real number, not 'list'

During handling of the above exception, another exception occurred:

Traceback (most recent call last):
  File ""C:\Users\asus\AppData\Local\Temp\bench_runner_jkylndwy\runner.py"", line 24, in <module>
    res = decimal_gemm_naive(A, B, mul_algo=algo, cutoff=cutoff)
          ^^^^^^^^^^^^^^^^^^^^^^^^^^^^^^^^^^^^^^^^^^^^^^^^^^^^^^
  File ""D:\decimal_computer\decimal_gemm.py"", line 173, in decimal_gemm_naive
    C = karatsuba_gemm(A, B, cutoff=cutoff, counters=counters)
        ^^^^^^^^^^^^^^^^^^^^^^^^^^^^^^^^^^^^^^^^^^^^^^^^^^^^^^
  File ""D:\decimal_computer\decimal_gemm.py"", line 103, in karatsuba_gemm
    return schoolbook_gemm(A, B, counters=counters)
           ^^^^^^^^^^^^^^^^^^^^^^^^^^^^^^^^^^^^^^^^
  File ""D:\decimal_computer\decimal_gemm.py"", line 73, in schoolbook_gemm
    a = _to_numpy_int_matrix(A)
        ^^^^^^^^^^^^^^^^^^^^^^^
  File ""D:\decimal_computer\decimal_gemm.py"", line 60, in _to_numpy_int_matrix
    return np.array([[int(x) for x in row] for row in M], dtype=np.int64)
                    ^^^^^^^^^^^^^^^^^^^^^^^^^^^^^^^^^^^^
  File ""D:\decimal_computer\decimal_gemm.py"", line 60, in <listcomp>
    return np.array([[int(x) for x in row] for row in M], dtype=np.int64)
                     ^^^^^^^^^^^^^^^^^^^^^
  File ""D:\decimal_computer\decimal_gemm.py"", line 60, in <listcomp>
    return np.array([[int(x) for x in row] for row in M], dtype=np.int64)
                      ^^^^^^
TypeError: int() argument must be a string, a bytes-like object or a real number, not 'list'
",4,,,"{""ok"": false, ""error"": ""call_failed"", ""trace"": ""Traceback (most recent call last):\n  File \""C:\\Users\\asus\\AppData\\Local\\Temp\\bench_runner_jkylndwy\\runner.py\"", line 21, in <module>\n    res = decimal_gemm_naive(A, B, mul_algo=algo, cutoff=cutoff, return_counters=True)\n          ^^^^^^^^^^^^^^^^^^^^^^^^^^^^^^^^^^^^^^^^^^^^^^^^^^^^^^^^^^^^^^^^^^^^^^^^^^^^\n  File \""D:\\decimal_computer\\decimal_gemm.py\"", line 173, in decimal_gemm_naive\n    C = karatsuba_gemm(A, B, cutoff=cutoff, counters=counters)\n        ^^^^^^^^^^^^^^^^^^^^^^^^^^^^^^^^^^^^^^^^^^^^^^^^^^^^^^\n  File \""D:\\decimal_computer\\decimal_gemm.py\"", line 103, in karatsuba_gemm\n    return schoolbook_gemm(A, B, counters=counters)\n           ^^^^^^^^^^^^^^^^^^^^^^^^^^^^^^^^^^^^^^^^\n  File \""D:\\decimal_computer\\decimal_gemm.py\"", line 73, in schoolbook_gemm\n    a = _to_numpy_int_matrix(A)\n        ^^^^^^^^^^^^^^^^^^^^^^^\n  File \""D:\\decimal_computer\\decimal_gemm.py\"", line 60, in _to_numpy_int_matrix\n    return np.array([[int(x) for x in row] for row in M], dtype=np.int64)\n                    ^^^^^^^^^^^^^^^^^^^^^^^^^^^^^^^^^^^^\n  File \""D:\\decimal_computer\\decimal_gemm.py\"", line 60, in <listcomp>\n    return np.array([[int(x) for x in row] for row in M], dtype=np.int64)\n                     ^^^^^^^^^^^^^^^^^^^^^\n  File \""D:\\decimal_computer\\decimal_gemm.py\"", line 60, in <listcomp>\n    return np.array([[int(x) for x in row] for row in M], dtype=np.int64)\n                      ^^^^^^\nTypeError: int() argument must be a string, a bytes-like object or a real number, not 'list'\n\nDuring handling of the above exception, another exception occurred:\n\nTraceback (most recent call last):\n  File \""C:\\Users\\asus\\AppData\\Local\\Temp\\bench_runner_jkylndwy\\runner.py\"", line 24, in <module>\n    res = decimal_gemm_naive(A, B, mul_algo=algo, cutoff=cutoff)\n          ^^^^^^^^^^^^^^^^^^^^^^^^^^^^^^^^^^^^^^^^^^^^^^^^^^^^^^\n  File \""D:\\decimal_computer\\decimal_gemm.py\"", line 173, in decimal_gemm_naive\n    C = karatsuba_gemm(A, B, cutoff=cutoff, counters=counters)\n        ^^^^^^^^^^^^^^^^^^^^^^^^^^^^^^^^^^^^^^^^^^^^^^^^^^^^^^\n  File \""D:\\decimal_computer\\decimal_gemm.py\"", line 103, in karatsuba_gemm\n    return schoolbook_gemm(A, B, counters=counters)\n           ^^^^^^^^^^^^^^^^^^^^^^^^^^^^^^^^^^^^^^^^\n  File \""D:\\decimal_computer\\decimal_gemm.py\"", line 73, in schoolbook_gemm\n    a = _to_numpy_int_matrix(A)\n        ^^^^^^^^^^^^^^^^^^^^^^^\n  File \""D:\\decimal_computer\\decimal_gemm.py\"", line 60, in _to_numpy_int_matrix\n    return np.array([[int(x) for x in row] for row in M], dtype=np.int64)\n                    ^^^^^^^^^^^^^^^^^^^^^^^^^^^^^^^^^^^^\n  File \""D:\\decimal_computer\\decimal_gemm.py\"", line 60, in <listcomp>\n    return np.array([[int(x) for x in row] for row in M], dtype=np.int64)\n                     ^^^^^^^^^^^^^^^^^^^^^\n  File \""D:\\decimal_computer\\decimal_gemm.py\"", line 60, in <listcomp>\n    return np.array([[int(x) for x in row] for row in M], dtype=np.int64)\n                      ^^^^^^\nTypeError: int() argument must be a string, a bytes-like object or a real number, not 'list'\n""}
",
8,8,strassen,0,0.0,,,"runner_error: Traceback (most recent call last):
  File ""C:\Users\asus\AppData\Local\Temp\bench_runner_jlicjfob\runner.py"", line 21, in <module>
    res = decimal_gemm_naive(A, B, mul_algo=algo, cutoff=cutoff, return_counters=True)
          ^^^^^^^^^^^^^^^^^^^^^^^^^^^^^^^^^^^^^^^^^^^^^^^^^^^^^^^^^^^^^^^^^^^^^^^^^^^^
  File ""D:\decimal_computer\decimal_gemm.py"", line 175, in decimal_gemm_naive
    C = strassen_wrapper(A, B, cutoff=cutoff, counters=counters)
        ^^^^^^^^^^^^^^^^^^^^^^^^^^^^^^^^^^^^^^^^^^^^^^^^^^^^^^^^
  File ""D:\decimal_computer\decimal_gemm.py"", line 117, in strassen_wrapper
    return schoolbook_gemm(A, B, counters=counters)
           ^^^^^^^^^^^^^^^^^^^^^^^^^^^^^^^^^^^^^^^^
  File ""D:\decimal_computer\decimal_gemm.py"", line 73, in schoolbook_gemm
    a = _to_numpy_int_matrix(A)
        ^^^^^^^^^^^^^^^^^^^^^^^
  File ""D:\decimal_computer\decimal_gemm.py"", line 60, in _to_numpy_int_matrix
    return np.array([[int(x) for x in row] for row in M], dtype=np.int64)
                    ^^^^^^^^^^^^^^^^^^^^^^^^^^^^^^^^^^^^
  File ""D:\decimal_computer\decimal_gemm.py"", line 60, in <listcomp>
    return np.array([[int(x) for x in row] for row in M], dtype=np.int64)
                     ^^^^^^^^^^^^^^^^^^^^^
  File ""D:\decimal_computer\decimal_gemm.py"", line 60, in <listcomp>
    return np.array([[int(x) for x in row] for row in M], dtype=np.int64)
                      ^^^^^^
TypeError: int() argument must be a string, a bytes-like object or a real number, not 'list'

During handling of the above exception, another exception occurred:

Traceback (most recent call last):
  File ""C:\Users\asus\AppData\Local\Temp\bench_runner_jlicjfob\runner.py"", line 24, in <module>
    res = decimal_gemm_naive(A, B, mul_algo=algo, cutoff=cutoff)
          ^^^^^^^^^^^^^^^^^^^^^^^^^^^^^^^^^^^^^^^^^^^^^^^^^^^^^^
  File ""D:\decimal_computer\decimal_gemm.py"", line 175, in decimal_gemm_naive
    C = strassen_wrapper(A, B, cutoff=cutoff, counters=counters)
        ^^^^^^^^^^^^^^^^^^^^^^^^^^^^^^^^^^^^^^^^^^^^^^^^^^^^^^^^
  File ""D:\decimal_computer\decimal_gemm.py"", line 117, in strassen_wrapper
    return schoolbook_gemm(A, B, counters=counters)
           ^^^^^^^^^^^^^^^^^^^^^^^^^^^^^^^^^^^^^^^^
  File ""D:\decimal_computer\decimal_gemm.py"", line 73, in schoolbook_gemm
    a = _to_numpy_int_matrix(A)
        ^^^^^^^^^^^^^^^^^^^^^^^
  File ""D:\decimal_computer\decimal_gemm.py"", line 60, in _to_numpy_int_matrix
    return np.array([[int(x) for x in row] for row in M], dtype=np.int64)
                    ^^^^^^^^^^^^^^^^^^^^^^^^^^^^^^^^^^^^
  File ""D:\decimal_computer\decimal_gemm.py"", line 60, in <listcomp>
    return np.array([[int(x) for x in row] for row in M], dtype=np.int64)
                     ^^^^^^^^^^^^^^^^^^^^^
  File ""D:\decimal_computer\decimal_gemm.py"", line 60, in <listcomp>
    return np.array([[int(x) for x in row] for row in M], dtype=np.int64)
                      ^^^^^^
TypeError: int() argument must be a string, a bytes-like object or a real number, not 'list'
",4,,,"{""ok"": false, ""error"": ""call_failed"", ""trace"": ""Traceback (most recent call last):\n  File \""C:\\Users\\asus\\AppData\\Local\\Temp\\bench_runner_jlicjfob\\runner.py\"", line 21, in <module>\n    res = decimal_gemm_naive(A, B, mul_algo=algo, cutoff=cutoff, return_counters=True)\n          ^^^^^^^^^^^^^^^^^^^^^^^^^^^^^^^^^^^^^^^^^^^^^^^^^^^^^^^^^^^^^^^^^^^^^^^^^^^^\n  File \""D:\\decimal_computer\\decimal_gemm.py\"", line 175, in decimal_gemm_naive\n    C = strassen_wrapper(A, B, cutoff=cutoff, counters=counters)\n        ^^^^^^^^^^^^^^^^^^^^^^^^^^^^^^^^^^^^^^^^^^^^^^^^^^^^^^^^\n  File \""D:\\decimal_computer\\decimal_gemm.py\"", line 117, in strassen_wrapper\n    return schoolbook_gemm(A, B, counters=counters)\n           ^^^^^^^^^^^^^^^^^^^^^^^^^^^^^^^^^^^^^^^^\n  File \""D:\\decimal_computer\\decimal_gemm.py\"", line 73, in schoolbook_gemm\n    a = _to_numpy_int_matrix(A)\n        ^^^^^^^^^^^^^^^^^^^^^^^\n  File \""D:\\decimal_computer\\decimal_gemm.py\"", line 60, in _to_numpy_int_matrix\n    return np.array([[int(x) for x in row] for row in M], dtype=np.int64)\n                    ^^^^^^^^^^^^^^^^^^^^^^^^^^^^^^^^^^^^\n  File \""D:\\decimal_computer\\decimal_gemm.py\"", line 60, in <listcomp>\n    return np.array([[int(x) for x in row] for row in M], dtype=np.int64)\n                     ^^^^^^^^^^^^^^^^^^^^^\n  File \""D:\\decimal_computer\\decimal_gemm.py\"", line 60, in <listcomp>\n    return np.array([[int(x) for x in row] for row in M], dtype=np.int64)\n                      ^^^^^^\nTypeError: int() argument must be a string, a bytes-like object or a real number, not 'list'\n\nDuring handling of the above exception, another exception occurred:\n\nTraceback (most recent call last):\n  File \""C:\\Users\\asus\\AppData\\Local\\Temp\\bench_runner_jlicjfob\\runner.py\"", line 24, in <module>\n    res = decimal_gemm_naive(A, B, mul_algo=algo, cutoff=cutoff)\n          ^^^^^^^^^^^^^^^^^^^^^^^^^^^^^^^^^^^^^^^^^^^^^^^^^^^^^^\n  File \""D:\\decimal_computer\\decimal_gemm.py\"", line 175, in decimal_gemm_naive\n    C = strassen_wrapper(A, B, cutoff=cutoff, counters=counters)\n        ^^^^^^^^^^^^^^^^^^^^^^^^^^^^^^^^^^^^^^^^^^^^^^^^^^^^^^^^\n  File \""D:\\decimal_computer\\decimal_gemm.py\"", line 117, in strassen_wrapper\n    return schoolbook_gemm(A, B, counters=counters)\n           ^^^^^^^^^^^^^^^^^^^^^^^^^^^^^^^^^^^^^^^^\n  File \""D:\\decimal_computer\\decimal_gemm.py\"", line 73, in schoolbook_gemm\n    a = _to_numpy_int_matrix(A)\n        ^^^^^^^^^^^^^^^^^^^^^^^\n  File \""D:\\decimal_computer\\decimal_gemm.py\"", line 60, in _to_numpy_int_matrix\n    return np.array([[int(x) for x in row] for row in M], dtype=np.int64)\n                    ^^^^^^^^^^^^^^^^^^^^^^^^^^^^^^^^^^^^\n  File \""D:\\decimal_computer\\decimal_gemm.py\"", line 60, in <listcomp>\n    return np.array([[int(x) for x in row] for row in M], dtype=np.int64)\n                     ^^^^^^^^^^^^^^^^^^^^^\n  File \""D:\\decimal_computer\\decimal_gemm.py\"", line 60, in <listcomp>\n    return np.array([[int(x) for x in row] for row in M], dtype=np.int64)\n                      ^^^^^^\nTypeError: int() argument must be a string, a bytes-like object or a real number, not 'list'\n""}
",
8,8,strassen,1,0.0,,,"runner_error: Traceback (most recent call last):
  File ""C:\Users\asus\AppData\Local\Temp\bench_runner_miv7itr6\runner.py"", line 21, in <module>
    res = decimal_gemm_naive(A, B, mul_algo=algo, cutoff=cutoff, return_counters=True)
          ^^^^^^^^^^^^^^^^^^^^^^^^^^^^^^^^^^^^^^^^^^^^^^^^^^^^^^^^^^^^^^^^^^^^^^^^^^^^
  File ""D:\decimal_computer\decimal_gemm.py"", line 175, in decimal_gemm_naive
    C = strassen_wrapper(A, B, cutoff=cutoff, counters=counters)
        ^^^^^^^^^^^^^^^^^^^^^^^^^^^^^^^^^^^^^^^^^^^^^^^^^^^^^^^^
  File ""D:\decimal_computer\decimal_gemm.py"", line 117, in strassen_wrapper
    return schoolbook_gemm(A, B, counters=counters)
           ^^^^^^^^^^^^^^^^^^^^^^^^^^^^^^^^^^^^^^^^
  File ""D:\decimal_computer\decimal_gemm.py"", line 73, in schoolbook_gemm
    a = _to_numpy_int_matrix(A)
        ^^^^^^^^^^^^^^^^^^^^^^^
  File ""D:\decimal_computer\decimal_gemm.py"", line 60, in _to_numpy_int_matrix
    return np.array([[int(x) for x in row] for row in M], dtype=np.int64)
                    ^^^^^^^^^^^^^^^^^^^^^^^^^^^^^^^^^^^^
  File ""D:\decimal_computer\decimal_gemm.py"", line 60, in <listcomp>
    return np.array([[int(x) for x in row] for row in M], dtype=np.int64)
                     ^^^^^^^^^^^^^^^^^^^^^
  File ""D:\decimal_computer\decimal_gemm.py"", line 60, in <listcomp>
    return np.array([[int(x) for x in row] for row in M], dtype=np.int64)
                      ^^^^^^
TypeError: int() argument must be a string, a bytes-like object or a real number, not 'list'

During handling of the above exception, another exception occurred:

Traceback (most recent call last):
  File ""C:\Users\asus\AppData\Local\Temp\bench_runner_miv7itr6\runner.py"", line 24, in <module>
    res = decimal_gemm_naive(A, B, mul_algo=algo, cutoff=cutoff)
          ^^^^^^^^^^^^^^^^^^^^^^^^^^^^^^^^^^^^^^^^^^^^^^^^^^^^^^
  File ""D:\decimal_computer\decimal_gemm.py"", line 175, in decimal_gemm_naive
    C = strassen_wrapper(A, B, cutoff=cutoff, counters=counters)
        ^^^^^^^^^^^^^^^^^^^^^^^^^^^^^^^^^^^^^^^^^^^^^^^^^^^^^^^^
  File ""D:\decimal_computer\decimal_gemm.py"", line 117, in strassen_wrapper
    return schoolbook_gemm(A, B, counters=counters)
           ^^^^^^^^^^^^^^^^^^^^^^^^^^^^^^^^^^^^^^^^
  File ""D:\decimal_computer\decimal_gemm.py"", line 73, in schoolbook_gemm
    a = _to_numpy_int_matrix(A)
        ^^^^^^^^^^^^^^^^^^^^^^^
  File ""D:\decimal_computer\decimal_gemm.py"", line 60, in _to_numpy_int_matrix
    return np.array([[int(x) for x in row] for row in M], dtype=np.int64)
                    ^^^^^^^^^^^^^^^^^^^^^^^^^^^^^^^^^^^^
  File ""D:\decimal_computer\decimal_gemm.py"", line 60, in <listcomp>
    return np.array([[int(x) for x in row] for row in M], dtype=np.int64)
                     ^^^^^^^^^^^^^^^^^^^^^
  File ""D:\decimal_computer\decimal_gemm.py"", line 60, in <listcomp>
    return np.array([[int(x) for x in row] for row in M], dtype=np.int64)
                      ^^^^^^
TypeError: int() argument must be a string, a bytes-like object or a real number, not 'list'
",4,,,"{""ok"": false, ""error"": ""call_failed"", ""trace"": ""Traceback (most recent call last):\n  File \""C:\\Users\\asus\\AppData\\Local\\Temp\\bench_runner_miv7itr6\\runner.py\"", line 21, in <module>\n    res = decimal_gemm_naive(A, B, mul_algo=algo, cutoff=cutoff, return_counters=True)\n          ^^^^^^^^^^^^^^^^^^^^^^^^^^^^^^^^^^^^^^^^^^^^^^^^^^^^^^^^^^^^^^^^^^^^^^^^^^^^\n  File \""D:\\decimal_computer\\decimal_gemm.py\"", line 175, in decimal_gemm_naive\n    C = strassen_wrapper(A, B, cutoff=cutoff, counters=counters)\n        ^^^^^^^^^^^^^^^^^^^^^^^^^^^^^^^^^^^^^^^^^^^^^^^^^^^^^^^^\n  File \""D:\\decimal_computer\\decimal_gemm.py\"", line 117, in strassen_wrapper\n    return schoolbook_gemm(A, B, counters=counters)\n           ^^^^^^^^^^^^^^^^^^^^^^^^^^^^^^^^^^^^^^^^\n  File \""D:\\decimal_computer\\decimal_gemm.py\"", line 73, in schoolbook_gemm\n    a = _to_numpy_int_matrix(A)\n        ^^^^^^^^^^^^^^^^^^^^^^^\n  File \""D:\\decimal_computer\\decimal_gemm.py\"", line 60, in _to_numpy_int_matrix\n    return np.array([[int(x) for x in row] for row in M], dtype=np.int64)\n                    ^^^^^^^^^^^^^^^^^^^^^^^^^^^^^^^^^^^^\n  File \""D:\\decimal_computer\\decimal_gemm.py\"", line 60, in <listcomp>\n    return np.array([[int(x) for x in row] for row in M], dtype=np.int64)\n                     ^^^^^^^^^^^^^^^^^^^^^\n  File \""D:\\decimal_computer\\decimal_gemm.py\"", line 60, in <listcomp>\n    return np.array([[int(x) for x in row] for row in M], dtype=np.int64)\n                      ^^^^^^\nTypeError: int() argument must be a string, a bytes-like object or a real number, not 'list'\n\nDuring handling of the above exception, another exception occurred:\n\nTraceback (most recent call last):\n  File \""C:\\Users\\asus\\AppData\\Local\\Temp\\bench_runner_miv7itr6\\runner.py\"", line 24, in <module>\n    res = decimal_gemm_naive(A, B, mul_algo=algo, cutoff=cutoff)\n          ^^^^^^^^^^^^^^^^^^^^^^^^^^^^^^^^^^^^^^^^^^^^^^^^^^^^^^\n  File \""D:\\decimal_computer\\decimal_gemm.py\"", line 175, in decimal_gemm_naive\n    C = strassen_wrapper(A, B, cutoff=cutoff, counters=counters)\n        ^^^^^^^^^^^^^^^^^^^^^^^^^^^^^^^^^^^^^^^^^^^^^^^^^^^^^^^^\n  File \""D:\\decimal_computer\\decimal_gemm.py\"", line 117, in strassen_wrapper\n    return schoolbook_gemm(A, B, counters=counters)\n           ^^^^^^^^^^^^^^^^^^^^^^^^^^^^^^^^^^^^^^^^\n  File \""D:\\decimal_computer\\decimal_gemm.py\"", line 73, in schoolbook_gemm\n    a = _to_numpy_int_matrix(A)\n        ^^^^^^^^^^^^^^^^^^^^^^^\n  File \""D:\\decimal_computer\\decimal_gemm.py\"", line 60, in _to_numpy_int_matrix\n    return np.array([[int(x) for x in row] for row in M], dtype=np.int64)\n                    ^^^^^^^^^^^^^^^^^^^^^^^^^^^^^^^^^^^^\n  File \""D:\\decimal_computer\\decimal_gemm.py\"", line 60, in <listcomp>\n    return np.array([[int(x) for x in row] for row in M], dtype=np.int64)\n                     ^^^^^^^^^^^^^^^^^^^^^\n  File \""D:\\decimal_computer\\decimal_gemm.py\"", line 60, in <listcomp>\n    return np.array([[int(x) for x in row] for row in M], dtype=np.int64)\n                      ^^^^^^\nTypeError: int() argument must be a string, a bytes-like object or a real number, not 'list'\n""}
",
2,4,auto,0,0.0,,,"runner_error: Traceback (most recent call last):
  File ""C:\Users\asus\AppData\Local\Temp\bench_runner_tww97zjk\runner.py"", line 21, in <module>
    res = decimal_gemm_naive(A, B, mul_algo=algo, cutoff=cutoff, return_counters=True)
          ^^^^^^^^^^^^^^^^^^^^^^^^^^^^^^^^^^^^^^^^^^^^^^^^^^^^^^^^^^^^^^^^^^^^^^^^^^^^
  File ""D:\decimal_computer\decimal_gemm.py"", line 171, in decimal_gemm_naive
    C = schoolbook_gemm(A, B, counters=counters)
        ^^^^^^^^^^^^^^^^^^^^^^^^^^^^^^^^^^^^^^^^
  File ""D:\decimal_computer\decimal_gemm.py"", line 73, in schoolbook_gemm
    a = _to_numpy_int_matrix(A)
        ^^^^^^^^^^^^^^^^^^^^^^^
  File ""D:\decimal_computer\decimal_gemm.py"", line 60, in _to_numpy_int_matrix
    return np.array([[int(x) for x in row] for row in M], dtype=np.int64)
                    ^^^^^^^^^^^^^^^^^^^^^^^^^^^^^^^^^^^^
  File ""D:\decimal_computer\decimal_gemm.py"", line 60, in <listcomp>
    return np.array([[int(x) for x in row] for row in M], dtype=np.int64)
                     ^^^^^^^^^^^^^^^^^^^^^
  File ""D:\decimal_computer\decimal_gemm.py"", line 60, in <listcomp>
    return np.array([[int(x) for x in row] for row in M], dtype=np.int64)
                      ^^^^^^
TypeError: int() argument must be a string, a bytes-like object or a real number, not 'list'

During handling of the above exception, another exception occurred:

Traceback (most recent call last):
  File ""C:\Users\asus\AppData\Local\Temp\bench_runner_tww97zjk\runner.py"", line 24, in <module>
    res = decimal_gemm_naive(A, B, mul_algo=algo, cutoff=cutoff)
          ^^^^^^^^^^^^^^^^^^^^^^^^^^^^^^^^^^^^^^^^^^^^^^^^^^^^^^
  File ""D:\decimal_computer\decimal_gemm.py"", line 171, in decimal_gemm_naive
    C = schoolbook_gemm(A, B, counters=counters)
        ^^^^^^^^^^^^^^^^^^^^^^^^^^^^^^^^^^^^^^^^
  File ""D:\decimal_computer\decimal_gemm.py"", line 73, in schoolbook_gemm
    a = _to_numpy_int_matrix(A)
        ^^^^^^^^^^^^^^^^^^^^^^^
  File ""D:\decimal_computer\decimal_gemm.py"", line 60, in _to_numpy_int_matrix
    return np.array([[int(x) for x in row] for row in M], dtype=np.int64)
                    ^^^^^^^^^^^^^^^^^^^^^^^^^^^^^^^^^^^^
  File ""D:\decimal_computer\decimal_gemm.py"", line 60, in <listcomp>
    return np.array([[int(x) for x in row] for row in M], dtype=np.int64)
                     ^^^^^^^^^^^^^^^^^^^^^
  File ""D:\decimal_computer\decimal_gemm.py"", line 60, in <listcomp>
    return np.array([[int(x) for x in row] for row in M], dtype=np.int64)
                      ^^^^^^
TypeError: int() argument must be a string, a bytes-like object or a real number, not 'list'
",4,,,"{""ok"": false, ""error"": ""call_failed"", ""trace"": ""Traceback (most recent call last):\n  File \""C:\\Users\\asus\\AppData\\Local\\Temp\\bench_runner_tww97zjk\\runner.py\"", line 21, in <module>\n    res = decimal_gemm_naive(A, B, mul_algo=algo, cutoff=cutoff, return_counters=True)\n          ^^^^^^^^^^^^^^^^^^^^^^^^^^^^^^^^^^^^^^^^^^^^^^^^^^^^^^^^^^^^^^^^^^^^^^^^^^^^\n  File \""D:\\decimal_computer\\decimal_gemm.py\"", line 171, in decimal_gemm_naive\n    C = schoolbook_gemm(A, B, counters=counters)\n        ^^^^^^^^^^^^^^^^^^^^^^^^^^^^^^^^^^^^^^^^\n  File \""D:\\decimal_computer\\decimal_gemm.py\"", line 73, in schoolbook_gemm\n    a = _to_numpy_int_matrix(A)\n        ^^^^^^^^^^^^^^^^^^^^^^^\n  File \""D:\\decimal_computer\\decimal_gemm.py\"", line 60, in _to_numpy_int_matrix\n    return np.array([[int(x) for x in row] for row in M], dtype=np.int64)\n                    ^^^^^^^^^^^^^^^^^^^^^^^^^^^^^^^^^^^^\n  File \""D:\\decimal_computer\\decimal_gemm.py\"", line 60, in <listcomp>\n    return np.array([[int(x) for x in row] for row in M], dtype=np.int64)\n                     ^^^^^^^^^^^^^^^^^^^^^\n  File \""D:\\decimal_computer\\decimal_gemm.py\"", line 60, in <listcomp>\n    return np.array([[int(x) for x in row] for row in M], dtype=np.int64)\n                      ^^^^^^\nTypeError: int() argument must be a string, a bytes-like object or a real number, not 'list'\n\nDuring handling of the above exception, another exception occurred:\n\nTraceback (most recent call last):\n  File \""C:\\Users\\asus\\AppData\\Local\\Temp\\bench_runner_tww97zjk\\runner.py\"", line 24, in <module>\n    res = decimal_gemm_naive(A, B, mul_algo=algo, cutoff=cutoff)\n          ^^^^^^^^^^^^^^^^^^^^^^^^^^^^^^^^^^^^^^^^^^^^^^^^^^^^^^\n  File \""D:\\decimal_computer\\decimal_gemm.py\"", line 171, in decimal_gemm_naive\n    C = schoolbook_gemm(A, B, counters=counters)\n        ^^^^^^^^^^^^^^^^^^^^^^^^^^^^^^^^^^^^^^^^\n  File \""D:\\decimal_computer\\decimal_gemm.py\"", line 73, in schoolbook_gemm\n    a = _to_numpy_int_matrix(A)\n        ^^^^^^^^^^^^^^^^^^^^^^^\n  File \""D:\\decimal_computer\\decimal_gemm.py\"", line 60, in _to_numpy_int_matrix\n    return np.array([[int(x) for x in row] for row in M], dtype=np.int64)\n                    ^^^^^^^^^^^^^^^^^^^^^^^^^^^^^^^^^^^^\n  File \""D:\\decimal_computer\\decimal_gemm.py\"", line 60, in <listcomp>\n    return np.array([[int(x) for x in row] for row in M], dtype=np.int64)\n                     ^^^^^^^^^^^^^^^^^^^^^\n  File \""D:\\decimal_computer\\decimal_gemm.py\"", line 60, in <listcomp>\n    return np.array([[int(x) for x in row] for row in M], dtype=np.int64)\n                      ^^^^^^\nTypeError: int() argument must be a string, a bytes-like object or a real number, not 'list'\n""}
","[decimal_gemm] auto-selected algo='schoolbook' max_digit_len=None cutoff=None
[decimal_gemm] auto-selected algo='schoolbook' max_digit_len=None cutoff=None
"
2,4,schoolbook,0,0.0,,,"runner_error: Traceback (most recent call last):
  File ""C:\Users\asus\AppData\Local\Temp\bench_runner_nzedplkx\runner.py"", line 21, in <module>
    res = decimal_gemm_naive(A, B, mul_algo=algo, cutoff=cutoff, return_counters=True)
          ^^^^^^^^^^^^^^^^^^^^^^^^^^^^^^^^^^^^^^^^^^^^^^^^^^^^^^^^^^^^^^^^^^^^^^^^^^^^
  File ""D:\decimal_computer\decimal_gemm.py"", line 171, in decimal_gemm_naive
    C = schoolbook_gemm(A, B, counters=counters)
        ^^^^^^^^^^^^^^^^^^^^^^^^^^^^^^^^^^^^^^^^
  File ""D:\decimal_computer\decimal_gemm.py"", line 73, in schoolbook_gemm
    a = _to_numpy_int_matrix(A)
        ^^^^^^^^^^^^^^^^^^^^^^^
  File ""D:\decimal_computer\decimal_gemm.py"", line 60, in _to_numpy_int_matrix
    return np.array([[int(x) for x in row] for row in M], dtype=np.int64)
                    ^^^^^^^^^^^^^^^^^^^^^^^^^^^^^^^^^^^^
  File ""D:\decimal_computer\decimal_gemm.py"", line 60, in <listcomp>
    return np.array([[int(x) for x in row] for row in M], dtype=np.int64)
                     ^^^^^^^^^^^^^^^^^^^^^
  File ""D:\decimal_computer\decimal_gemm.py"", line 60, in <listcomp>
    return np.array([[int(x) for x in row] for row in M], dtype=np.int64)
                      ^^^^^^
TypeError: int() argument must be a string, a bytes-like object or a real number, not 'list'

During handling of the above exception, another exception occurred:

Traceback (most recent call last):
  File ""C:\Users\asus\AppData\Local\Temp\bench_runner_nzedplkx\runner.py"", line 24, in <module>
    res = decimal_gemm_naive(A, B, mul_algo=algo, cutoff=cutoff)
          ^^^^^^^^^^^^^^^^^^^^^^^^^^^^^^^^^^^^^^^^^^^^^^^^^^^^^^
  File ""D:\decimal_computer\decimal_gemm.py"", line 171, in decimal_gemm_naive
    C = schoolbook_gemm(A, B, counters=counters)
        ^^^^^^^^^^^^^^^^^^^^^^^^^^^^^^^^^^^^^^^^
  File ""D:\decimal_computer\decimal_gemm.py"", line 73, in schoolbook_gemm
    a = _to_numpy_int_matrix(A)
        ^^^^^^^^^^^^^^^^^^^^^^^
  File ""D:\decimal_computer\decimal_gemm.py"", line 60, in _to_numpy_int_matrix
    return np.array([[int(x) for x in row] for row in M], dtype=np.int64)
                    ^^^^^^^^^^^^^^^^^^^^^^^^^^^^^^^^^^^^
  File ""D:\decimal_computer\decimal_gemm.py"", line 60, in <listcomp>
    return np.array([[int(x) for x in row] for row in M], dtype=np.int64)
                     ^^^^^^^^^^^^^^^^^^^^^
  File ""D:\decimal_computer\decimal_gemm.py"", line 60, in <listcomp>
    return np.array([[int(x) for x in row] for row in M], dtype=np.int64)
                      ^^^^^^
TypeError: int() argument must be a string, a bytes-like object or a real number, not 'list'
",4,,,"{""ok"": false, ""error"": ""call_failed"", ""trace"": ""Traceback (most recent call last):\n  File \""C:\\Users\\asus\\AppData\\Local\\Temp\\bench_runner_nzedplkx\\runner.py\"", line 21, in <module>\n    res = decimal_gemm_naive(A, B, mul_algo=algo, cutoff=cutoff, return_counters=True)\n          ^^^^^^^^^^^^^^^^^^^^^^^^^^^^^^^^^^^^^^^^^^^^^^^^^^^^^^^^^^^^^^^^^^^^^^^^^^^^\n  File \""D:\\decimal_computer\\decimal_gemm.py\"", line 171, in decimal_gemm_naive\n    C = schoolbook_gemm(A, B, counters=counters)\n        ^^^^^^^^^^^^^^^^^^^^^^^^^^^^^^^^^^^^^^^^\n  File \""D:\\decimal_computer\\decimal_gemm.py\"", line 73, in schoolbook_gemm\n    a = _to_numpy_int_matrix(A)\n        ^^^^^^^^^^^^^^^^^^^^^^^\n  File \""D:\\decimal_computer\\decimal_gemm.py\"", line 60, in _to_numpy_int_matrix\n    return np.array([[int(x) for x in row] for row in M], dtype=np.int64)\n                    ^^^^^^^^^^^^^^^^^^^^^^^^^^^^^^^^^^^^\n  File \""D:\\decimal_computer\\decimal_gemm.py\"", line 60, in <listcomp>\n    return np.array([[int(x) for x in row] for row in M], dtype=np.int64)\n                     ^^^^^^^^^^^^^^^^^^^^^\n  File \""D:\\decimal_computer\\decimal_gemm.py\"", line 60, in <listcomp>\n    return np.array([[int(x) for x in row] for row in M], dtype=np.int64)\n                      ^^^^^^\nTypeError: int() argument must be a string, a bytes-like object or a real number, not 'list'\n\nDuring handling of the above exception, another exception occurred:\n\nTraceback (most recent call last):\n  File \""C:\\Users\\asus\\AppData\\Local\\Temp\\bench_runner_nzedplkx\\runner.py\"", line 24, in <module>\n    res = decimal_gemm_naive(A, B, mul_algo=algo, cutoff=cutoff)\n          ^^^^^^^^^^^^^^^^^^^^^^^^^^^^^^^^^^^^^^^^^^^^^^^^^^^^^^\n  File \""D:\\decimal_computer\\decimal_gemm.py\"", line 171, in decimal_gemm_naive\n    C = schoolbook_gemm(A, B, counters=counters)\n        ^^^^^^^^^^^^^^^^^^^^^^^^^^^^^^^^^^^^^^^^\n  File \""D:\\decimal_computer\\decimal_gemm.py\"", line 73, in schoolbook_gemm\n    a = _to_numpy_int_matrix(A)\n        ^^^^^^^^^^^^^^^^^^^^^^^\n  File \""D:\\decimal_computer\\decimal_gemm.py\"", line 60, in _to_numpy_int_matrix\n    return np.array([[int(x) for x in row] for row in M], dtype=np.int64)\n                    ^^^^^^^^^^^^^^^^^^^^^^^^^^^^^^^^^^^^\n  File \""D:\\decimal_computer\\decimal_gemm.py\"", line 60, in <listcomp>\n    return np.array([[int(x) for x in row] for row in M], dtype=np.int64)\n                     ^^^^^^^^^^^^^^^^^^^^^\n  File \""D:\\decimal_computer\\decimal_gemm.py\"", line 60, in <listcomp>\n    return np.array([[int(x) for x in row] for row in M], dtype=np.int64)\n                      ^^^^^^\nTypeError: int() argument must be a string, a bytes-like object or a real number, not 'list'\n""}
",
2,4,karatsuba,0,0.0,,,"runner_error: Traceback (most recent call last):
  File ""C:\Users\asus\AppData\Local\Temp\bench_runner_0oi09emc\runner.py"", line 21, in <module>
    res = decimal_gemm_naive(A, B, mul_algo=algo, cutoff=cutoff, return_counters=True)
          ^^^^^^^^^^^^^^^^^^^^^^^^^^^^^^^^^^^^^^^^^^^^^^^^^^^^^^^^^^^^^^^^^^^^^^^^^^^^
  File ""D:\decimal_computer\decimal_gemm.py"", line 173, in decimal_gemm_naive
    C = karatsuba_gemm(A, B, cutoff=cutoff, counters=counters)
        ^^^^^^^^^^^^^^^^^^^^^^^^^^^^^^^^^^^^^^^^^^^^^^^^^^^^^^
  File ""D:\decimal_computer\decimal_gemm.py"", line 103, in karatsuba_gemm
    return schoolbook_gemm(A, B, counters=counters)
           ^^^^^^^^^^^^^^^^^^^^^^^^^^^^^^^^^^^^^^^^
  File ""D:\decimal_computer\decimal_gemm.py"", line 73, in schoolbook_gemm
    a = _to_numpy_int_matrix(A)
        ^^^^^^^^^^^^^^^^^^^^^^^
  File ""D:\decimal_computer\decimal_gemm.py"", line 60, in _to_numpy_int_matrix
    return np.array([[int(x) for x in row] for row in M], dtype=np.int64)
                    ^^^^^^^^^^^^^^^^^^^^^^^^^^^^^^^^^^^^
  File ""D:\decimal_computer\decimal_gemm.py"", line 60, in <listcomp>
    return np.array([[int(x) for x in row] for row in M], dtype=np.int64)
                     ^^^^^^^^^^^^^^^^^^^^^
  File ""D:\decimal_computer\decimal_gemm.py"", line 60, in <listcomp>
    return np.array([[int(x) for x in row] for row in M], dtype=np.int64)
                      ^^^^^^
TypeError: int() argument must be a string, a bytes-like object or a real number, not 'list'

During handling of the above exception, another exception occurred:

Traceback (most recent call last):
  File ""C:\Users\asus\AppData\Local\Temp\bench_runner_0oi09emc\runner.py"", line 24, in <module>
    res = decimal_gemm_naive(A, B, mul_algo=algo, cutoff=cutoff)
          ^^^^^^^^^^^^^^^^^^^^^^^^^^^^^^^^^^^^^^^^^^^^^^^^^^^^^^
  File ""D:\decimal_computer\decimal_gemm.py"", line 173, in decimal_gemm_naive
    C = karatsuba_gemm(A, B, cutoff=cutoff, counters=counters)
        ^^^^^^^^^^^^^^^^^^^^^^^^^^^^^^^^^^^^^^^^^^^^^^^^^^^^^^
  File ""D:\decimal_computer\decimal_gemm.py"", line 103, in karatsuba_gemm
    return schoolbook_gemm(A, B, counters=counters)
           ^^^^^^^^^^^^^^^^^^^^^^^^^^^^^^^^^^^^^^^^
  File ""D:\decimal_computer\decimal_gemm.py"", line 73, in schoolbook_gemm
    a = _to_numpy_int_matrix(A)
        ^^^^^^^^^^^^^^^^^^^^^^^
  File ""D:\decimal_computer\decimal_gemm.py"", line 60, in _to_numpy_int_matrix
    return np.array([[int(x) for x in row] for row in M], dtype=np.int64)
                    ^^^^^^^^^^^^^^^^^^^^^^^^^^^^^^^^^^^^
  File ""D:\decimal_computer\decimal_gemm.py"", line 60, in <listcomp>
    return np.array([[int(x) for x in row] for row in M], dtype=np.int64)
                     ^^^^^^^^^^^^^^^^^^^^^
  File ""D:\decimal_computer\decimal_gemm.py"", line 60, in <listcomp>
    return np.array([[int(x) for x in row] for row in M], dtype=np.int64)
                      ^^^^^^
TypeError: int() argument must be a string, a bytes-like object or a real number, not 'list'
",4,,,"{""ok"": false, ""error"": ""call_failed"", ""trace"": ""Traceback (most recent call last):\n  File \""C:\\Users\\asus\\AppData\\Local\\Temp\\bench_runner_0oi09emc\\runner.py\"", line 21, in <module>\n    res = decimal_gemm_naive(A, B, mul_algo=algo, cutoff=cutoff, return_counters=True)\n          ^^^^^^^^^^^^^^^^^^^^^^^^^^^^^^^^^^^^^^^^^^^^^^^^^^^^^^^^^^^^^^^^^^^^^^^^^^^^\n  File \""D:\\decimal_computer\\decimal_gemm.py\"", line 173, in decimal_gemm_naive\n    C = karatsuba_gemm(A, B, cutoff=cutoff, counters=counters)\n        ^^^^^^^^^^^^^^^^^^^^^^^^^^^^^^^^^^^^^^^^^^^^^^^^^^^^^^\n  File \""D:\\decimal_computer\\decimal_gemm.py\"", line 103, in karatsuba_gemm\n    return schoolbook_gemm(A, B, counters=counters)\n           ^^^^^^^^^^^^^^^^^^^^^^^^^^^^^^^^^^^^^^^^\n  File \""D:\\decimal_computer\\decimal_gemm.py\"", line 73, in schoolbook_gemm\n    a = _to_numpy_int_matrix(A)\n        ^^^^^^^^^^^^^^^^^^^^^^^\n  File \""D:\\decimal_computer\\decimal_gemm.py\"", line 60, in _to_numpy_int_matrix\n    return np.array([[int(x) for x in row] for row in M], dtype=np.int64)\n                    ^^^^^^^^^^^^^^^^^^^^^^^^^^^^^^^^^^^^\n  File \""D:\\decimal_computer\\decimal_gemm.py\"", line 60, in <listcomp>\n    return np.array([[int(x) for x in row] for row in M], dtype=np.int64)\n                     ^^^^^^^^^^^^^^^^^^^^^\n  File \""D:\\decimal_computer\\decimal_gemm.py\"", line 60, in <listcomp>\n    return np.array([[int(x) for x in row] for row in M], dtype=np.int64)\n                      ^^^^^^\nTypeError: int() argument must be a string, a bytes-like object or a real number, not 'list'\n\nDuring handling of the above exception, another exception occurred:\n\nTraceback (most recent call last):\n  File \""C:\\Users\\asus\\AppData\\Local\\Temp\\bench_runner_0oi09emc\\runner.py\"", line 24, in <module>\n    res = decimal_gemm_naive(A, B, mul_algo=algo, cutoff=cutoff)\n          ^^^^^^^^^^^^^^^^^^^^^^^^^^^^^^^^^^^^^^^^^^^^^^^^^^^^^^\n  File \""D:\\decimal_computer\\decimal_gemm.py\"", line 173, in decimal_gemm_naive\n    C = karatsuba_gemm(A, B, cutoff=cutoff, counters=counters)\n        ^^^^^^^^^^^^^^^^^^^^^^^^^^^^^^^^^^^^^^^^^^^^^^^^^^^^^^\n  File \""D:\\decimal_computer\\decimal_gemm.py\"", line 103, in karatsuba_gemm\n    return schoolbook_gemm(A, B, counters=counters)\n           ^^^^^^^^^^^^^^^^^^^^^^^^^^^^^^^^^^^^^^^^\n  File \""D:\\decimal_computer\\decimal_gemm.py\"", line 73, in schoolbook_gemm\n    a = _to_numpy_int_matrix(A)\n        ^^^^^^^^^^^^^^^^^^^^^^^\n  File \""D:\\decimal_computer\\decimal_gemm.py\"", line 60, in _to_numpy_int_matrix\n    return np.array([[int(x) for x in row] for row in M], dtype=np.int64)\n                    ^^^^^^^^^^^^^^^^^^^^^^^^^^^^^^^^^^^^\n  File \""D:\\decimal_computer\\decimal_gemm.py\"", line 60, in <listcomp>\n    return np.array([[int(x) for x in row] for row in M], dtype=np.int64)\n                     ^^^^^^^^^^^^^^^^^^^^^\n  File \""D:\\decimal_computer\\decimal_gemm.py\"", line 60, in <listcomp>\n    return np.array([[int(x) for x in row] for row in M], dtype=np.int64)\n                      ^^^^^^\nTypeError: int() argument must be a string, a bytes-like object or a real number, not 'list'\n""}
",
2,4,strassen,0,0.0,,,"runner_error: Traceback (most recent call last):
  File ""C:\Users\asus\AppData\Local\Temp\bench_runner_xhmle_jt\runner.py"", line 21, in <module>
    res = decimal_gemm_naive(A, B, mul_algo=algo, cutoff=cutoff, return_counters=True)
          ^^^^^^^^^^^^^^^^^^^^^^^^^^^^^^^^^^^^^^^^^^^^^^^^^^^^^^^^^^^^^^^^^^^^^^^^^^^^
  File ""D:\decimal_computer\decimal_gemm.py"", line 175, in decimal_gemm_naive
    C = strassen_wrapper(A, B, cutoff=cutoff, counters=counters)
        ^^^^^^^^^^^^^^^^^^^^^^^^^^^^^^^^^^^^^^^^^^^^^^^^^^^^^^^^
  File ""D:\decimal_computer\decimal_gemm.py"", line 117, in strassen_wrapper
    return schoolbook_gemm(A, B, counters=counters)
           ^^^^^^^^^^^^^^^^^^^^^^^^^^^^^^^^^^^^^^^^
  File ""D:\decimal_computer\decimal_gemm.py"", line 73, in schoolbook_gemm
    a = _to_numpy_int_matrix(A)
        ^^^^^^^^^^^^^^^^^^^^^^^
  File ""D:\decimal_computer\decimal_gemm.py"", line 60, in _to_numpy_int_matrix
    return np.array([[int(x) for x in row] for row in M], dtype=np.int64)
                    ^^^^^^^^^^^^^^^^^^^^^^^^^^^^^^^^^^^^
  File ""D:\decimal_computer\decimal_gemm.py"", line 60, in <listcomp>
    return np.array([[int(x) for x in row] for row in M], dtype=np.int64)
                     ^^^^^^^^^^^^^^^^^^^^^
  File ""D:\decimal_computer\decimal_gemm.py"", line 60, in <listcomp>
    return np.array([[int(x) for x in row] for row in M], dtype=np.int64)
                      ^^^^^^
TypeError: int() argument must be a string, a bytes-like object or a real number, not 'list'

During handling of the above exception, another exception occurred:

Traceback (most recent call last):
  File ""C:\Users\asus\AppData\Local\Temp\bench_runner_xhmle_jt\runner.py"", line 24, in <module>
    res = decimal_gemm_naive(A, B, mul_algo=algo, cutoff=cutoff)
          ^^^^^^^^^^^^^^^^^^^^^^^^^^^^^^^^^^^^^^^^^^^^^^^^^^^^^^
  File ""D:\decimal_computer\decimal_gemm.py"", line 175, in decimal_gemm_naive
    C = strassen_wrapper(A, B, cutoff=cutoff, counters=counters)
        ^^^^^^^^^^^^^^^^^^^^^^^^^^^^^^^^^^^^^^^^^^^^^^^^^^^^^^^^
  File ""D:\decimal_computer\decimal_gemm.py"", line 117, in strassen_wrapper
    return schoolbook_gemm(A, B, counters=counters)
           ^^^^^^^^^^^^^^^^^^^^^^^^^^^^^^^^^^^^^^^^
  File ""D:\decimal_computer\decimal_gemm.py"", line 73, in schoolbook_gemm
    a = _to_numpy_int_matrix(A)
        ^^^^^^^^^^^^^^^^^^^^^^^
  File ""D:\decimal_computer\decimal_gemm.py"", line 60, in _to_numpy_int_matrix
    return np.array([[int(x) for x in row] for row in M], dtype=np.int64)
                    ^^^^^^^^^^^^^^^^^^^^^^^^^^^^^^^^^^^^
  File ""D:\decimal_computer\decimal_gemm.py"", line 60, in <listcomp>
    return np.array([[int(x) for x in row] for row in M], dtype=np.int64)
                     ^^^^^^^^^^^^^^^^^^^^^
  File ""D:\decimal_computer\decimal_gemm.py"", line 60, in <listcomp>
    return np.array([[int(x) for x in row] for row in M], dtype=np.int64)
                      ^^^^^^
TypeError: int() argument must be a string, a bytes-like object or a real number, not 'list'
",4,,,"{""ok"": false, ""error"": ""call_failed"", ""trace"": ""Traceback (most recent call last):\n  File \""C:\\Users\\asus\\AppData\\Local\\Temp\\bench_runner_xhmle_jt\\runner.py\"", line 21, in <module>\n    res = decimal_gemm_naive(A, B, mul_algo=algo, cutoff=cutoff, return_counters=True)\n          ^^^^^^^^^^^^^^^^^^^^^^^^^^^^^^^^^^^^^^^^^^^^^^^^^^^^^^^^^^^^^^^^^^^^^^^^^^^^\n  File \""D:\\decimal_computer\\decimal_gemm.py\"", line 175, in decimal_gemm_naive\n    C = strassen_wrapper(A, B, cutoff=cutoff, counters=counters)\n        ^^^^^^^^^^^^^^^^^^^^^^^^^^^^^^^^^^^^^^^^^^^^^^^^^^^^^^^^\n  File \""D:\\decimal_computer\\decimal_gemm.py\"", line 117, in strassen_wrapper\n    return schoolbook_gemm(A, B, counters=counters)\n           ^^^^^^^^^^^^^^^^^^^^^^^^^^^^^^^^^^^^^^^^\n  File \""D:\\decimal_computer\\decimal_gemm.py\"", line 73, in schoolbook_gemm\n    a = _to_numpy_int_matrix(A)\n        ^^^^^^^^^^^^^^^^^^^^^^^\n  File \""D:\\decimal_computer\\decimal_gemm.py\"", line 60, in _to_numpy_int_matrix\n    return np.array([[int(x) for x in row] for row in M], dtype=np.int64)\n                    ^^^^^^^^^^^^^^^^^^^^^^^^^^^^^^^^^^^^\n  File \""D:\\decimal_computer\\decimal_gemm.py\"", line 60, in <listcomp>\n    return np.array([[int(x) for x in row] for row in M], dtype=np.int64)\n                     ^^^^^^^^^^^^^^^^^^^^^\n  File \""D:\\decimal_computer\\decimal_gemm.py\"", line 60, in <listcomp>\n    return np.array([[int(x) for x in row] for row in M], dtype=np.int64)\n                      ^^^^^^\nTypeError: int() argument must be a string, a bytes-like object or a real number, not 'list'\n\nDuring handling of the above exception, another exception occurred:\n\nTraceback (most recent call last):\n  File \""C:\\Users\\asus\\AppData\\Local\\Temp\\bench_runner_xhmle_jt\\runner.py\"", line 24, in <module>\n    res = decimal_gemm_naive(A, B, mul_algo=algo, cutoff=cutoff)\n          ^^^^^^^^^^^^^^^^^^^^^^^^^^^^^^^^^^^^^^^^^^^^^^^^^^^^^^\n  File \""D:\\decimal_computer\\decimal_gemm.py\"", line 175, in decimal_gemm_naive\n    C = strassen_wrapper(A, B, cutoff=cutoff, counters=counters)\n        ^^^^^^^^^^^^^^^^^^^^^^^^^^^^^^^^^^^^^^^^^^^^^^^^^^^^^^^^\n  File \""D:\\decimal_computer\\decimal_gemm.py\"", line 117, in strassen_wrapper\n    return schoolbook_gemm(A, B, counters=counters)\n           ^^^^^^^^^^^^^^^^^^^^^^^^^^^^^^^^^^^^^^^^\n  File \""D:\\decimal_computer\\decimal_gemm.py\"", line 73, in schoolbook_gemm\n    a = _to_numpy_int_matrix(A)\n        ^^^^^^^^^^^^^^^^^^^^^^^\n  File \""D:\\decimal_computer\\decimal_gemm.py\"", line 60, in _to_numpy_int_matrix\n    return np.array([[int(x) for x in row] for row in M], dtype=np.int64)\n                    ^^^^^^^^^^^^^^^^^^^^^^^^^^^^^^^^^^^^\n  File \""D:\\decimal_computer\\decimal_gemm.py\"", line 60, in <listcomp>\n    return np.array([[int(x) for x in row] for row in M], dtype=np.int64)\n                     ^^^^^^^^^^^^^^^^^^^^^\n  File \""D:\\decimal_computer\\decimal_gemm.py\"", line 60, in <listcomp>\n    return np.array([[int(x) for x in row] for row in M], dtype=np.int64)\n                      ^^^^^^\nTypeError: int() argument must be a string, a bytes-like object or a real number, not 'list'\n""}
",
4,4,auto,0,0.0,,,"runner_error: Traceback (most recent call last):
  File ""C:\Users\asus\AppData\Local\Temp\bench_runner_6uzjnb_e\runner.py"", line 21, in <module>
    res = decimal_gemm_naive(A, B, mul_algo=algo, cutoff=cutoff, return_counters=True)
          ^^^^^^^^^^^^^^^^^^^^^^^^^^^^^^^^^^^^^^^^^^^^^^^^^^^^^^^^^^^^^^^^^^^^^^^^^^^^
  File ""D:\decimal_computer\decimal_gemm.py"", line 171, in decimal_gemm_naive
    C = schoolbook_gemm(A, B, counters=counters)
        ^^^^^^^^^^^^^^^^^^^^^^^^^^^^^^^^^^^^^^^^
  File ""D:\decimal_computer\decimal_gemm.py"", line 73, in schoolbook_gemm
    a = _to_numpy_int_matrix(A)
        ^^^^^^^^^^^^^^^^^^^^^^^
  File ""D:\decimal_computer\decimal_gemm.py"", line 60, in _to_numpy_int_matrix
    return np.array([[int(x) for x in row] for row in M], dtype=np.int64)
                    ^^^^^^^^^^^^^^^^^^^^^^^^^^^^^^^^^^^^
  File ""D:\decimal_computer\decimal_gemm.py"", line 60, in <listcomp>
    return np.array([[int(x) for x in row] for row in M], dtype=np.int64)
                     ^^^^^^^^^^^^^^^^^^^^^
  File ""D:\decimal_computer\decimal_gemm.py"", line 60, in <listcomp>
    return np.array([[int(x) for x in row] for row in M], dtype=np.int64)
                      ^^^^^^
TypeError: int() argument must be a string, a bytes-like object or a real number, not 'list'

During handling of the above exception, another exception occurred:

Traceback (most recent call last):
  File ""C:\Users\asus\AppData\Local\Temp\bench_runner_6uzjnb_e\runner.py"", line 24, in <module>
    res = decimal_gemm_naive(A, B, mul_algo=algo, cutoff=cutoff)
          ^^^^^^^^^^^^^^^^^^^^^^^^^^^^^^^^^^^^^^^^^^^^^^^^^^^^^^
  File ""D:\decimal_computer\decimal_gemm.py"", line 171, in decimal_gemm_naive
    C = schoolbook_gemm(A, B, counters=counters)
        ^^^^^^^^^^^^^^^^^^^^^^^^^^^^^^^^^^^^^^^^
  File ""D:\decimal_computer\decimal_gemm.py"", line 73, in schoolbook_gemm
    a = _to_numpy_int_matrix(A)
        ^^^^^^^^^^^^^^^^^^^^^^^
  File ""D:\decimal_computer\decimal_gemm.py"", line 60, in _to_numpy_int_matrix
    return np.array([[int(x) for x in row] for row in M], dtype=np.int64)
                    ^^^^^^^^^^^^^^^^^^^^^^^^^^^^^^^^^^^^
  File ""D:\decimal_computer\decimal_gemm.py"", line 60, in <listcomp>
    return np.array([[int(x) for x in row] for row in M], dtype=np.int64)
                     ^^^^^^^^^^^^^^^^^^^^^
  File ""D:\decimal_computer\decimal_gemm.py"", line 60, in <listcomp>
    return np.array([[int(x) for x in row] for row in M], dtype=np.int64)
                      ^^^^^^
TypeError: int() argument must be a string, a bytes-like object or a real number, not 'list'
",4,,,"{""ok"": false, ""error"": ""call_failed"", ""trace"": ""Traceback (most recent call last):\n  File \""C:\\Users\\asus\\AppData\\Local\\Temp\\bench_runner_6uzjnb_e\\runner.py\"", line 21, in <module>\n    res = decimal_gemm_naive(A, B, mul_algo=algo, cutoff=cutoff, return_counters=True)\n          ^^^^^^^^^^^^^^^^^^^^^^^^^^^^^^^^^^^^^^^^^^^^^^^^^^^^^^^^^^^^^^^^^^^^^^^^^^^^\n  File \""D:\\decimal_computer\\decimal_gemm.py\"", line 171, in decimal_gemm_naive\n    C = schoolbook_gemm(A, B, counters=counters)\n        ^^^^^^^^^^^^^^^^^^^^^^^^^^^^^^^^^^^^^^^^\n  File \""D:\\decimal_computer\\decimal_gemm.py\"", line 73, in schoolbook_gemm\n    a = _to_numpy_int_matrix(A)\n        ^^^^^^^^^^^^^^^^^^^^^^^\n  File \""D:\\decimal_computer\\decimal_gemm.py\"", line 60, in _to_numpy_int_matrix\n    return np.array([[int(x) for x in row] for row in M], dtype=np.int64)\n                    ^^^^^^^^^^^^^^^^^^^^^^^^^^^^^^^^^^^^\n  File \""D:\\decimal_computer\\decimal_gemm.py\"", line 60, in <listcomp>\n    return np.array([[int(x) for x in row] for row in M], dtype=np.int64)\n                     ^^^^^^^^^^^^^^^^^^^^^\n  File \""D:\\decimal_computer\\decimal_gemm.py\"", line 60, in <listcomp>\n    return np.array([[int(x) for x in row] for row in M], dtype=np.int64)\n                      ^^^^^^\nTypeError: int() argument must be a string, a bytes-like object or a real number, not 'list'\n\nDuring handling of the above exception, another exception occurred:\n\nTraceback (most recent call last):\n  File \""C:\\Users\\asus\\AppData\\Local\\Temp\\bench_runner_6uzjnb_e\\runner.py\"", line 24, in <module>\n    res = decimal_gemm_naive(A, B, mul_algo=algo, cutoff=cutoff)\n          ^^^^^^^^^^^^^^^^^^^^^^^^^^^^^^^^^^^^^^^^^^^^^^^^^^^^^^\n  File \""D:\\decimal_computer\\decimal_gemm.py\"", line 171, in decimal_gemm_naive\n    C = schoolbook_gemm(A, B, counters=counters)\n        ^^^^^^^^^^^^^^^^^^^^^^^^^^^^^^^^^^^^^^^^\n  File \""D:\\decimal_computer\\decimal_gemm.py\"", line 73, in schoolbook_gemm\n    a = _to_numpy_int_matrix(A)\n        ^^^^^^^^^^^^^^^^^^^^^^^\n  File \""D:\\decimal_computer\\decimal_gemm.py\"", line 60, in _to_numpy_int_matrix\n    return np.array([[int(x) for x in row] for row in M], dtype=np.int64)\n                    ^^^^^^^^^^^^^^^^^^^^^^^^^^^^^^^^^^^^\n  File \""D:\\decimal_computer\\decimal_gemm.py\"", line 60, in <listcomp>\n    return np.array([[int(x) for x in row] for row in M], dtype=np.int64)\n                     ^^^^^^^^^^^^^^^^^^^^^\n  File \""D:\\decimal_computer\\decimal_gemm.py\"", line 60, in <listcomp>\n    return np.array([[int(x) for x in row] for row in M], dtype=np.int64)\n                      ^^^^^^\nTypeError: int() argument must be a string, a bytes-like object or a real number, not 'list'\n""}
","[decimal_gemm] auto-selected algo='schoolbook' max_digit_len=None cutoff=None
[decimal_gemm] auto-selected algo='schoolbook' max_digit_len=None cutoff=None
"
4,4,schoolbook,0,0.0,,,"runner_error: Traceback (most recent call last):
  File ""C:\Users\asus\AppData\Local\Temp\bench_runner_4tah7wxk\runner.py"", line 21, in <module>
    res = decimal_gemm_naive(A, B, mul_algo=algo, cutoff=cutoff, return_counters=True)
          ^^^^^^^^^^^^^^^^^^^^^^^^^^^^^^^^^^^^^^^^^^^^^^^^^^^^^^^^^^^^^^^^^^^^^^^^^^^^
  File ""D:\decimal_computer\decimal_gemm.py"", line 171, in decimal_gemm_naive
    C = schoolbook_gemm(A, B, counters=counters)
        ^^^^^^^^^^^^^^^^^^^^^^^^^^^^^^^^^^^^^^^^
  File ""D:\decimal_computer\decimal_gemm.py"", line 73, in schoolbook_gemm
    a = _to_numpy_int_matrix(A)
        ^^^^^^^^^^^^^^^^^^^^^^^
  File ""D:\decimal_computer\decimal_gemm.py"", line 60, in _to_numpy_int_matrix
    return np.array([[int(x) for x in row] for row in M], dtype=np.int64)
                    ^^^^^^^^^^^^^^^^^^^^^^^^^^^^^^^^^^^^
  File ""D:\decimal_computer\decimal_gemm.py"", line 60, in <listcomp>
    return np.array([[int(x) for x in row] for row in M], dtype=np.int64)
                     ^^^^^^^^^^^^^^^^^^^^^
  File ""D:\decimal_computer\decimal_gemm.py"", line 60, in <listcomp>
    return np.array([[int(x) for x in row] for row in M], dtype=np.int64)
                      ^^^^^^
TypeError: int() argument must be a string, a bytes-like object or a real number, not 'list'

During handling of the above exception, another exception occurred:

Traceback (most recent call last):
  File ""C:\Users\asus\AppData\Local\Temp\bench_runner_4tah7wxk\runner.py"", line 24, in <module>
    res = decimal_gemm_naive(A, B, mul_algo=algo, cutoff=cutoff)
          ^^^^^^^^^^^^^^^^^^^^^^^^^^^^^^^^^^^^^^^^^^^^^^^^^^^^^^
  File ""D:\decimal_computer\decimal_gemm.py"", line 171, in decimal_gemm_naive
    C = schoolbook_gemm(A, B, counters=counters)
        ^^^^^^^^^^^^^^^^^^^^^^^^^^^^^^^^^^^^^^^^
  File ""D:\decimal_computer\decimal_gemm.py"", line 73, in schoolbook_gemm
    a = _to_numpy_int_matrix(A)
        ^^^^^^^^^^^^^^^^^^^^^^^
  File ""D:\decimal_computer\decimal_gemm.py"", line 60, in _to_numpy_int_matrix
    return np.array([[int(x) for x in row] for row in M], dtype=np.int64)
                    ^^^^^^^^^^^^^^^^^^^^^^^^^^^^^^^^^^^^
  File ""D:\decimal_computer\decimal_gemm.py"", line 60, in <listcomp>
    return np.array([[int(x) for x in row] for row in M], dtype=np.int64)
                     ^^^^^^^^^^^^^^^^^^^^^
  File ""D:\decimal_computer\decimal_gemm.py"", line 60, in <listcomp>
    return np.array([[int(x) for x in row] for row in M], dtype=np.int64)
                      ^^^^^^
TypeError: int() argument must be a string, a bytes-like object or a real number, not 'list'
",4,,,"{""ok"": false, ""error"": ""call_failed"", ""trace"": ""Traceback (most recent call last):\n  File \""C:\\Users\\asus\\AppData\\Local\\Temp\\bench_runner_4tah7wxk\\runner.py\"", line 21, in <module>\n    res = decimal_gemm_naive(A, B, mul_algo=algo, cutoff=cutoff, return_counters=True)\n          ^^^^^^^^^^^^^^^^^^^^^^^^^^^^^^^^^^^^^^^^^^^^^^^^^^^^^^^^^^^^^^^^^^^^^^^^^^^^\n  File \""D:\\decimal_computer\\decimal_gemm.py\"", line 171, in decimal_gemm_naive\n    C = schoolbook_gemm(A, B, counters=counters)\n        ^^^^^^^^^^^^^^^^^^^^^^^^^^^^^^^^^^^^^^^^\n  File \""D:\\decimal_computer\\decimal_gemm.py\"", line 73, in schoolbook_gemm\n    a = _to_numpy_int_matrix(A)\n        ^^^^^^^^^^^^^^^^^^^^^^^\n  File \""D:\\decimal_computer\\decimal_gemm.py\"", line 60, in _to_numpy_int_matrix\n    return np.array([[int(x) for x in row] for row in M], dtype=np.int64)\n                    ^^^^^^^^^^^^^^^^^^^^^^^^^^^^^^^^^^^^\n  File \""D:\\decimal_computer\\decimal_gemm.py\"", line 60, in <listcomp>\n    return np.array([[int(x) for x in row] for row in M], dtype=np.int64)\n                     ^^^^^^^^^^^^^^^^^^^^^\n  File \""D:\\decimal_computer\\decimal_gemm.py\"", line 60, in <listcomp>\n    return np.array([[int(x) for x in row] for row in M], dtype=np.int64)\n                      ^^^^^^\nTypeError: int() argument must be a string, a bytes-like object or a real number, not 'list'\n\nDuring handling of the above exception, another exception occurred:\n\nTraceback (most recent call last):\n  File \""C:\\Users\\asus\\AppData\\Local\\Temp\\bench_runner_4tah7wxk\\runner.py\"", line 24, in <module>\n    res = decimal_gemm_naive(A, B, mul_algo=algo, cutoff=cutoff)\n          ^^^^^^^^^^^^^^^^^^^^^^^^^^^^^^^^^^^^^^^^^^^^^^^^^^^^^^\n  File \""D:\\decimal_computer\\decimal_gemm.py\"", line 171, in decimal_gemm_naive\n    C = schoolbook_gemm(A, B, counters=counters)\n        ^^^^^^^^^^^^^^^^^^^^^^^^^^^^^^^^^^^^^^^^\n  File \""D:\\decimal_computer\\decimal_gemm.py\"", line 73, in schoolbook_gemm\n    a = _to_numpy_int_matrix(A)\n        ^^^^^^^^^^^^^^^^^^^^^^^\n  File \""D:\\decimal_computer\\decimal_gemm.py\"", line 60, in _to_numpy_int_matrix\n    return np.array([[int(x) for x in row] for row in M], dtype=np.int64)\n                    ^^^^^^^^^^^^^^^^^^^^^^^^^^^^^^^^^^^^\n  File \""D:\\decimal_computer\\decimal_gemm.py\"", line 60, in <listcomp>\n    return np.array([[int(x) for x in row] for row in M], dtype=np.int64)\n                     ^^^^^^^^^^^^^^^^^^^^^\n  File \""D:\\decimal_computer\\decimal_gemm.py\"", line 60, in <listcomp>\n    return np.array([[int(x) for x in row] for row in M], dtype=np.int64)\n                      ^^^^^^\nTypeError: int() argument must be a string, a bytes-like object or a real number, not 'list'\n""}
",
4,4,karatsuba,0,0.0,,,"runner_error: Traceback (most recent call last):
  File ""C:\Users\asus\AppData\Local\Temp\bench_runner_mo1yfb7d\runner.py"", line 21, in <module>
    res = decimal_gemm_naive(A, B, mul_algo=algo, cutoff=cutoff, return_counters=True)
          ^^^^^^^^^^^^^^^^^^^^^^^^^^^^^^^^^^^^^^^^^^^^^^^^^^^^^^^^^^^^^^^^^^^^^^^^^^^^
  File ""D:\decimal_computer\decimal_gemm.py"", line 173, in decimal_gemm_naive
    C = karatsuba_gemm(A, B, cutoff=cutoff, counters=counters)
        ^^^^^^^^^^^^^^^^^^^^^^^^^^^^^^^^^^^^^^^^^^^^^^^^^^^^^^
  File ""D:\decimal_computer\decimal_gemm.py"", line 103, in karatsuba_gemm
    return schoolbook_gemm(A, B, counters=counters)
           ^^^^^^^^^^^^^^^^^^^^^^^^^^^^^^^^^^^^^^^^
  File ""D:\decimal_computer\decimal_gemm.py"", line 73, in schoolbook_gemm
    a = _to_numpy_int_matrix(A)
        ^^^^^^^^^^^^^^^^^^^^^^^
  File ""D:\decimal_computer\decimal_gemm.py"", line 60, in _to_numpy_int_matrix
    return np.array([[int(x) for x in row] for row in M], dtype=np.int64)
                    ^^^^^^^^^^^^^^^^^^^^^^^^^^^^^^^^^^^^
  File ""D:\decimal_computer\decimal_gemm.py"", line 60, in <listcomp>
    return np.array([[int(x) for x in row] for row in M], dtype=np.int64)
                     ^^^^^^^^^^^^^^^^^^^^^
  File ""D:\decimal_computer\decimal_gemm.py"", line 60, in <listcomp>
    return np.array([[int(x) for x in row] for row in M], dtype=np.int64)
                      ^^^^^^
TypeError: int() argument must be a string, a bytes-like object or a real number, not 'list'

During handling of the above exception, another exception occurred:

Traceback (most recent call last):
  File ""C:\Users\asus\AppData\Local\Temp\bench_runner_mo1yfb7d\runner.py"", line 24, in <module>
    res = decimal_gemm_naive(A, B, mul_algo=algo, cutoff=cutoff)
          ^^^^^^^^^^^^^^^^^^^^^^^^^^^^^^^^^^^^^^^^^^^^^^^^^^^^^^
  File ""D:\decimal_computer\decimal_gemm.py"", line 173, in decimal_gemm_naive
    C = karatsuba_gemm(A, B, cutoff=cutoff, counters=counters)
        ^^^^^^^^^^^^^^^^^^^^^^^^^^^^^^^^^^^^^^^^^^^^^^^^^^^^^^
  File ""D:\decimal_computer\decimal_gemm.py"", line 103, in karatsuba_gemm
    return schoolbook_gemm(A, B, counters=counters)
           ^^^^^^^^^^^^^^^^^^^^^^^^^^^^^^^^^^^^^^^^
  File ""D:\decimal_computer\decimal_gemm.py"", line 73, in schoolbook_gemm
    a = _to_numpy_int_matrix(A)
        ^^^^^^^^^^^^^^^^^^^^^^^
  File ""D:\decimal_computer\decimal_gemm.py"", line 60, in _to_numpy_int_matrix
    return np.array([[int(x) for x in row] for row in M], dtype=np.int64)
                    ^^^^^^^^^^^^^^^^^^^^^^^^^^^^^^^^^^^^
  File ""D:\decimal_computer\decimal_gemm.py"", line 60, in <listcomp>
    return np.array([[int(x) for x in row] for row in M], dtype=np.int64)
                     ^^^^^^^^^^^^^^^^^^^^^
  File ""D:\decimal_computer\decimal_gemm.py"", line 60, in <listcomp>
    return np.array([[int(x) for x in row] for row in M], dtype=np.int64)
                      ^^^^^^
TypeError: int() argument must be a string, a bytes-like object or a real number, not 'list'
",4,,,"{""ok"": false, ""error"": ""call_failed"", ""trace"": ""Traceback (most recent call last):\n  File \""C:\\Users\\asus\\AppData\\Local\\Temp\\bench_runner_mo1yfb7d\\runner.py\"", line 21, in <module>\n    res = decimal_gemm_naive(A, B, mul_algo=algo, cutoff=cutoff, return_counters=True)\n          ^^^^^^^^^^^^^^^^^^^^^^^^^^^^^^^^^^^^^^^^^^^^^^^^^^^^^^^^^^^^^^^^^^^^^^^^^^^^\n  File \""D:\\decimal_computer\\decimal_gemm.py\"", line 173, in decimal_gemm_naive\n    C = karatsuba_gemm(A, B, cutoff=cutoff, counters=counters)\n        ^^^^^^^^^^^^^^^^^^^^^^^^^^^^^^^^^^^^^^^^^^^^^^^^^^^^^^\n  File \""D:\\decimal_computer\\decimal_gemm.py\"", line 103, in karatsuba_gemm\n    return schoolbook_gemm(A, B, counters=counters)\n           ^^^^^^^^^^^^^^^^^^^^^^^^^^^^^^^^^^^^^^^^\n  File \""D:\\decimal_computer\\decimal_gemm.py\"", line 73, in schoolbook_gemm\n    a = _to_numpy_int_matrix(A)\n        ^^^^^^^^^^^^^^^^^^^^^^^\n  File \""D:\\decimal_computer\\decimal_gemm.py\"", line 60, in _to_numpy_int_matrix\n    return np.array([[int(x) for x in row] for row in M], dtype=np.int64)\n                    ^^^^^^^^^^^^^^^^^^^^^^^^^^^^^^^^^^^^\n  File \""D:\\decimal_computer\\decimal_gemm.py\"", line 60, in <listcomp>\n    return np.array([[int(x) for x in row] for row in M], dtype=np.int64)\n                     ^^^^^^^^^^^^^^^^^^^^^\n  File \""D:\\decimal_computer\\decimal_gemm.py\"", line 60, in <listcomp>\n    return np.array([[int(x) for x in row] for row in M], dtype=np.int64)\n                      ^^^^^^\nTypeError: int() argument must be a string, a bytes-like object or a real number, not 'list'\n\nDuring handling of the above exception, another exception occurred:\n\nTraceback (most recent call last):\n  File \""C:\\Users\\asus\\AppData\\Local\\Temp\\bench_runner_mo1yfb7d\\runner.py\"", line 24, in <module>\n    res = decimal_gemm_naive(A, B, mul_algo=algo, cutoff=cutoff)\n          ^^^^^^^^^^^^^^^^^^^^^^^^^^^^^^^^^^^^^^^^^^^^^^^^^^^^^^\n  File \""D:\\decimal_computer\\decimal_gemm.py\"", line 173, in decimal_gemm_naive\n    C = karatsuba_gemm(A, B, cutoff=cutoff, counters=counters)\n        ^^^^^^^^^^^^^^^^^^^^^^^^^^^^^^^^^^^^^^^^^^^^^^^^^^^^^^\n  File \""D:\\decimal_computer\\decimal_gemm.py\"", line 103, in karatsuba_gemm\n    return schoolbook_gemm(A, B, counters=counters)\n           ^^^^^^^^^^^^^^^^^^^^^^^^^^^^^^^^^^^^^^^^\n  File \""D:\\decimal_computer\\decimal_gemm.py\"", line 73, in schoolbook_gemm\n    a = _to_numpy_int_matrix(A)\n        ^^^^^^^^^^^^^^^^^^^^^^^\n  File \""D:\\decimal_computer\\decimal_gemm.py\"", line 60, in _to_numpy_int_matrix\n    return np.array([[int(x) for x in row] for row in M], dtype=np.int64)\n                    ^^^^^^^^^^^^^^^^^^^^^^^^^^^^^^^^^^^^\n  File \""D:\\decimal_computer\\decimal_gemm.py\"", line 60, in <listcomp>\n    return np.array([[int(x) for x in row] for row in M], dtype=np.int64)\n                     ^^^^^^^^^^^^^^^^^^^^^\n  File \""D:\\decimal_computer\\decimal_gemm.py\"", line 60, in <listcomp>\n    return np.array([[int(x) for x in row] for row in M], dtype=np.int64)\n                      ^^^^^^\nTypeError: int() argument must be a string, a bytes-like object or a real number, not 'list'\n""}
",
4,4,strassen,0,0.0,,,"runner_error: Traceback (most recent call last):
  File ""C:\Users\asus\AppData\Local\Temp\bench_runner_uqirc5d4\runner.py"", line 21, in <module>
    res = decimal_gemm_naive(A, B, mul_algo=algo, cutoff=cutoff, return_counters=True)
          ^^^^^^^^^^^^^^^^^^^^^^^^^^^^^^^^^^^^^^^^^^^^^^^^^^^^^^^^^^^^^^^^^^^^^^^^^^^^
  File ""D:\decimal_computer\decimal_gemm.py"", line 175, in decimal_gemm_naive
    C = strassen_wrapper(A, B, cutoff=cutoff, counters=counters)
        ^^^^^^^^^^^^^^^^^^^^^^^^^^^^^^^^^^^^^^^^^^^^^^^^^^^^^^^^
  File ""D:\decimal_computer\decimal_gemm.py"", line 117, in strassen_wrapper
    return schoolbook_gemm(A, B, counters=counters)
           ^^^^^^^^^^^^^^^^^^^^^^^^^^^^^^^^^^^^^^^^
  File ""D:\decimal_computer\decimal_gemm.py"", line 73, in schoolbook_gemm
    a = _to_numpy_int_matrix(A)
        ^^^^^^^^^^^^^^^^^^^^^^^
  File ""D:\decimal_computer\decimal_gemm.py"", line 60, in _to_numpy_int_matrix
    return np.array([[int(x) for x in row] for row in M], dtype=np.int64)
                    ^^^^^^^^^^^^^^^^^^^^^^^^^^^^^^^^^^^^
  File ""D:\decimal_computer\decimal_gemm.py"", line 60, in <listcomp>
    return np.array([[int(x) for x in row] for row in M], dtype=np.int64)
                     ^^^^^^^^^^^^^^^^^^^^^
  File ""D:\decimal_computer\decimal_gemm.py"", line 60, in <listcomp>
    return np.array([[int(x) for x in row] for row in M], dtype=np.int64)
                      ^^^^^^
TypeError: int() argument must be a string, a bytes-like object or a real number, not 'list'

During handling of the above exception, another exception occurred:

Traceback (most recent call last):
  File ""C:\Users\asus\AppData\Local\Temp\bench_runner_uqirc5d4\runner.py"", line 24, in <module>
    res = decimal_gemm_naive(A, B, mul_algo=algo, cutoff=cutoff)
          ^^^^^^^^^^^^^^^^^^^^^^^^^^^^^^^^^^^^^^^^^^^^^^^^^^^^^^
  File ""D:\decimal_computer\decimal_gemm.py"", line 175, in decimal_gemm_naive
    C = strassen_wrapper(A, B, cutoff=cutoff, counters=counters)
        ^^^^^^^^^^^^^^^^^^^^^^^^^^^^^^^^^^^^^^^^^^^^^^^^^^^^^^^^
  File ""D:\decimal_computer\decimal_gemm.py"", line 117, in strassen_wrapper
    return schoolbook_gemm(A, B, counters=counters)
           ^^^^^^^^^^^^^^^^^^^^^^^^^^^^^^^^^^^^^^^^
  File ""D:\decimal_computer\decimal_gemm.py"", line 73, in schoolbook_gemm
    a = _to_numpy_int_matrix(A)
        ^^^^^^^^^^^^^^^^^^^^^^^
  File ""D:\decimal_computer\decimal_gemm.py"", line 60, in _to_numpy_int_matrix
    return np.array([[int(x) for x in row] for row in M], dtype=np.int64)
                    ^^^^^^^^^^^^^^^^^^^^^^^^^^^^^^^^^^^^
  File ""D:\decimal_computer\decimal_gemm.py"", line 60, in <listcomp>
    return np.array([[int(x) for x in row] for row in M], dtype=np.int64)
                     ^^^^^^^^^^^^^^^^^^^^^
  File ""D:\decimal_computer\decimal_gemm.py"", line 60, in <listcomp>
    return np.array([[int(x) for x in row] for row in M], dtype=np.int64)
                      ^^^^^^
TypeError: int() argument must be a string, a bytes-like object or a real number, not 'list'
",4,,,"{""ok"": false, ""error"": ""call_failed"", ""trace"": ""Traceback (most recent call last):\n  File \""C:\\Users\\asus\\AppData\\Local\\Temp\\bench_runner_uqirc5d4\\runner.py\"", line 21, in <module>\n    res = decimal_gemm_naive(A, B, mul_algo=algo, cutoff=cutoff, return_counters=True)\n          ^^^^^^^^^^^^^^^^^^^^^^^^^^^^^^^^^^^^^^^^^^^^^^^^^^^^^^^^^^^^^^^^^^^^^^^^^^^^\n  File \""D:\\decimal_computer\\decimal_gemm.py\"", line 175, in decimal_gemm_naive\n    C = strassen_wrapper(A, B, cutoff=cutoff, counters=counters)\n        ^^^^^^^^^^^^^^^^^^^^^^^^^^^^^^^^^^^^^^^^^^^^^^^^^^^^^^^^\n  File \""D:\\decimal_computer\\decimal_gemm.py\"", line 117, in strassen_wrapper\n    return schoolbook_gemm(A, B, counters=counters)\n           ^^^^^^^^^^^^^^^^^^^^^^^^^^^^^^^^^^^^^^^^\n  File \""D:\\decimal_computer\\decimal_gemm.py\"", line 73, in schoolbook_gemm\n    a = _to_numpy_int_matrix(A)\n        ^^^^^^^^^^^^^^^^^^^^^^^\n  File \""D:\\decimal_computer\\decimal_gemm.py\"", line 60, in _to_numpy_int_matrix\n    return np.array([[int(x) for x in row] for row in M], dtype=np.int64)\n                    ^^^^^^^^^^^^^^^^^^^^^^^^^^^^^^^^^^^^\n  File \""D:\\decimal_computer\\decimal_gemm.py\"", line 60, in <listcomp>\n    return np.array([[int(x) for x in row] for row in M], dtype=np.int64)\n                     ^^^^^^^^^^^^^^^^^^^^^\n  File \""D:\\decimal_computer\\decimal_gemm.py\"", line 60, in <listcomp>\n    return np.array([[int(x) for x in row] for row in M], dtype=np.int64)\n                      ^^^^^^\nTypeError: int() argument must be a string, a bytes-like object or a real number, not 'list'\n\nDuring handling of the above exception, another exception occurred:\n\nTraceback (most recent call last):\n  File \""C:\\Users\\asus\\AppData\\Local\\Temp\\bench_runner_uqirc5d4\\runner.py\"", line 24, in <module>\n    res = decimal_gemm_naive(A, B, mul_algo=algo, cutoff=cutoff)\n          ^^^^^^^^^^^^^^^^^^^^^^^^^^^^^^^^^^^^^^^^^^^^^^^^^^^^^^\n  File \""D:\\decimal_computer\\decimal_gemm.py\"", line 175, in decimal_gemm_naive\n    C = strassen_wrapper(A, B, cutoff=cutoff, counters=counters)\n        ^^^^^^^^^^^^^^^^^^^^^^^^^^^^^^^^^^^^^^^^^^^^^^^^^^^^^^^^\n  File \""D:\\decimal_computer\\decimal_gemm.py\"", line 117, in strassen_wrapper\n    return schoolbook_gemm(A, B, counters=counters)\n           ^^^^^^^^^^^^^^^^^^^^^^^^^^^^^^^^^^^^^^^^\n  File \""D:\\decimal_computer\\decimal_gemm.py\"", line 73, in schoolbook_gemm\n    a = _to_numpy_int_matrix(A)\n        ^^^^^^^^^^^^^^^^^^^^^^^\n  File \""D:\\decimal_computer\\decimal_gemm.py\"", line 60, in _to_numpy_int_matrix\n    return np.array([[int(x) for x in row] for row in M], dtype=np.int64)\n                    ^^^^^^^^^^^^^^^^^^^^^^^^^^^^^^^^^^^^\n  File \""D:\\decimal_computer\\decimal_gemm.py\"", line 60, in <listcomp>\n    return np.array([[int(x) for x in row] for row in M], dtype=np.int64)\n                     ^^^^^^^^^^^^^^^^^^^^^\n  File \""D:\\decimal_computer\\decimal_gemm.py\"", line 60, in <listcomp>\n    return np.array([[int(x) for x in row] for row in M], dtype=np.int64)\n                      ^^^^^^\nTypeError: int() argument must be a string, a bytes-like object or a real number, not 'list'\n""}
",
2,4,auto,0,0.0,,,"runner_error: Traceback (most recent call last):
  File ""C:\Users\asus\AppData\Local\Temp\bench_runner_uikv069_\runner.py"", line 21, in <module>
    res = decimal_gemm_naive(A, B, mul_algo=algo, cutoff=cutoff, return_counters=True)
          ^^^^^^^^^^^^^^^^^^^^^^^^^^^^^^^^^^^^^^^^^^^^^^^^^^^^^^^^^^^^^^^^^^^^^^^^^^^^
  File ""D:\decimal_computer\decimal_gemm.py"", line 171, in decimal_gemm_naive
    C = schoolbook_gemm(A, B, counters=counters)
        ^^^^^^^^^^^^^^^^^^^^^^^^^^^^^^^^^^^^^^^^
  File ""D:\decimal_computer\decimal_gemm.py"", line 73, in schoolbook_gemm
    a = _to_numpy_int_matrix(A)
        ^^^^^^^^^^^^^^^^^^^^^^^
  File ""D:\decimal_computer\decimal_gemm.py"", line 60, in _to_numpy_int_matrix
    return np.array([[int(x) for x in row] for row in M], dtype=np.int64)
                    ^^^^^^^^^^^^^^^^^^^^^^^^^^^^^^^^^^^^
  File ""D:\decimal_computer\decimal_gemm.py"", line 60, in <listcomp>
    return np.array([[int(x) for x in row] for row in M], dtype=np.int64)
                     ^^^^^^^^^^^^^^^^^^^^^
  File ""D:\decimal_computer\decimal_gemm.py"", line 60, in <listcomp>
    return np.array([[int(x) for x in row] for row in M], dtype=np.int64)
                      ^^^^^^
TypeError: int() argument must be a string, a bytes-like object or a real number, not 'list'

During handling of the above exception, another exception occurred:

Traceback (most recent call last):
  File ""C:\Users\asus\AppData\Local\Temp\bench_runner_uikv069_\runner.py"", line 24, in <module>
    res = decimal_gemm_naive(A, B, mul_algo=algo, cutoff=cutoff)
          ^^^^^^^^^^^^^^^^^^^^^^^^^^^^^^^^^^^^^^^^^^^^^^^^^^^^^^
  File ""D:\decimal_computer\decimal_gemm.py"", line 171, in decimal_gemm_naive
    C = schoolbook_gemm(A, B, counters=counters)
        ^^^^^^^^^^^^^^^^^^^^^^^^^^^^^^^^^^^^^^^^
  File ""D:\decimal_computer\decimal_gemm.py"", line 73, in schoolbook_gemm
    a = _to_numpy_int_matrix(A)
        ^^^^^^^^^^^^^^^^^^^^^^^
  File ""D:\decimal_computer\decimal_gemm.py"", line 60, in _to_numpy_int_matrix
    return np.array([[int(x) for x in row] for row in M], dtype=np.int64)
                    ^^^^^^^^^^^^^^^^^^^^^^^^^^^^^^^^^^^^
  File ""D:\decimal_computer\decimal_gemm.py"", line 60, in <listcomp>
    return np.array([[int(x) for x in row] for row in M], dtype=np.int64)
                     ^^^^^^^^^^^^^^^^^^^^^
  File ""D:\decimal_computer\decimal_gemm.py"", line 60, in <listcomp>
    return np.array([[int(x) for x in row] for row in M], dtype=np.int64)
                      ^^^^^^
TypeError: int() argument must be a string, a bytes-like object or a real number, not 'list'
",4,,,"{""ok"": false, ""error"": ""call_failed"", ""trace"": ""Traceback (most recent call last):\n  File \""C:\\Users\\asus\\AppData\\Local\\Temp\\bench_runner_uikv069_\\runner.py\"", line 21, in <module>\n    res = decimal_gemm_naive(A, B, mul_algo=algo, cutoff=cutoff, return_counters=True)\n          ^^^^^^^^^^^^^^^^^^^^^^^^^^^^^^^^^^^^^^^^^^^^^^^^^^^^^^^^^^^^^^^^^^^^^^^^^^^^\n  File \""D:\\decimal_computer\\decimal_gemm.py\"", line 171, in decimal_gemm_naive\n    C = schoolbook_gemm(A, B, counters=counters)\n        ^^^^^^^^^^^^^^^^^^^^^^^^^^^^^^^^^^^^^^^^\n  File \""D:\\decimal_computer\\decimal_gemm.py\"", line 73, in schoolbook_gemm\n    a = _to_numpy_int_matrix(A)\n        ^^^^^^^^^^^^^^^^^^^^^^^\n  File \""D:\\decimal_computer\\decimal_gemm.py\"", line 60, in _to_numpy_int_matrix\n    return np.array([[int(x) for x in row] for row in M], dtype=np.int64)\n                    ^^^^^^^^^^^^^^^^^^^^^^^^^^^^^^^^^^^^\n  File \""D:\\decimal_computer\\decimal_gemm.py\"", line 60, in <listcomp>\n    return np.array([[int(x) for x in row] for row in M], dtype=np.int64)\n                     ^^^^^^^^^^^^^^^^^^^^^\n  File \""D:\\decimal_computer\\decimal_gemm.py\"", line 60, in <listcomp>\n    return np.array([[int(x) for x in row] for row in M], dtype=np.int64)\n                      ^^^^^^\nTypeError: int() argument must be a string, a bytes-like object or a real number, not 'list'\n\nDuring handling of the above exception, another exception occurred:\n\nTraceback (most recent call last):\n  File \""C:\\Users\\asus\\AppData\\Local\\Temp\\bench_runner_uikv069_\\runner.py\"", line 24, in <module>\n    res = decimal_gemm_naive(A, B, mul_algo=algo, cutoff=cutoff)\n          ^^^^^^^^^^^^^^^^^^^^^^^^^^^^^^^^^^^^^^^^^^^^^^^^^^^^^^\n  File \""D:\\decimal_computer\\decimal_gemm.py\"", line 171, in decimal_gemm_naive\n    C = schoolbook_gemm(A, B, counters=counters)\n        ^^^^^^^^^^^^^^^^^^^^^^^^^^^^^^^^^^^^^^^^\n  File \""D:\\decimal_computer\\decimal_gemm.py\"", line 73, in schoolbook_gemm\n    a = _to_numpy_int_matrix(A)\n        ^^^^^^^^^^^^^^^^^^^^^^^\n  File \""D:\\decimal_computer\\decimal_gemm.py\"", line 60, in _to_numpy_int_matrix\n    return np.array([[int(x) for x in row] for row in M], dtype=np.int64)\n                    ^^^^^^^^^^^^^^^^^^^^^^^^^^^^^^^^^^^^\n  File \""D:\\decimal_computer\\decimal_gemm.py\"", line 60, in <listcomp>\n    return np.array([[int(x) for x in row] for row in M], dtype=np.int64)\n                     ^^^^^^^^^^^^^^^^^^^^^\n  File \""D:\\decimal_computer\\decimal_gemm.py\"", line 60, in <listcomp>\n    return np.array([[int(x) for x in row] for row in M], dtype=np.int64)\n                      ^^^^^^\nTypeError: int() argument must be a string, a bytes-like object or a real number, not 'list'\n""}
","[decimal_gemm] auto-selected algo='schoolbook' max_digit_len=None cutoff=None
[decimal_gemm] auto-selected algo='schoolbook' max_digit_len=None cutoff=None
"
2,4,schoolbook,0,0.0,,,"runner_error: Traceback (most recent call last):
  File ""C:\Users\asus\AppData\Local\Temp\bench_runner__c59dhvn\runner.py"", line 21, in <module>
    res = decimal_gemm_naive(A, B, mul_algo=algo, cutoff=cutoff, return_counters=True)
          ^^^^^^^^^^^^^^^^^^^^^^^^^^^^^^^^^^^^^^^^^^^^^^^^^^^^^^^^^^^^^^^^^^^^^^^^^^^^
  File ""D:\decimal_computer\decimal_gemm.py"", line 171, in decimal_gemm_naive
    C = schoolbook_gemm(A, B, counters=counters)
        ^^^^^^^^^^^^^^^^^^^^^^^^^^^^^^^^^^^^^^^^
  File ""D:\decimal_computer\decimal_gemm.py"", line 73, in schoolbook_gemm
    a = _to_numpy_int_matrix(A)
        ^^^^^^^^^^^^^^^^^^^^^^^
  File ""D:\decimal_computer\decimal_gemm.py"", line 60, in _to_numpy_int_matrix
    return np.array([[int(x) for x in row] for row in M], dtype=np.int64)
                    ^^^^^^^^^^^^^^^^^^^^^^^^^^^^^^^^^^^^
  File ""D:\decimal_computer\decimal_gemm.py"", line 60, in <listcomp>
    return np.array([[int(x) for x in row] for row in M], dtype=np.int64)
                     ^^^^^^^^^^^^^^^^^^^^^
  File ""D:\decimal_computer\decimal_gemm.py"", line 60, in <listcomp>
    return np.array([[int(x) for x in row] for row in M], dtype=np.int64)
                      ^^^^^^
TypeError: int() argument must be a string, a bytes-like object or a real number, not 'list'

During handling of the above exception, another exception occurred:

Traceback (most recent call last):
  File ""C:\Users\asus\AppData\Local\Temp\bench_runner__c59dhvn\runner.py"", line 24, in <module>
    res = decimal_gemm_naive(A, B, mul_algo=algo, cutoff=cutoff)
          ^^^^^^^^^^^^^^^^^^^^^^^^^^^^^^^^^^^^^^^^^^^^^^^^^^^^^^
  File ""D:\decimal_computer\decimal_gemm.py"", line 171, in decimal_gemm_naive
    C = schoolbook_gemm(A, B, counters=counters)
        ^^^^^^^^^^^^^^^^^^^^^^^^^^^^^^^^^^^^^^^^
  File ""D:\decimal_computer\decimal_gemm.py"", line 73, in schoolbook_gemm
    a = _to_numpy_int_matrix(A)
        ^^^^^^^^^^^^^^^^^^^^^^^
  File ""D:\decimal_computer\decimal_gemm.py"", line 60, in _to_numpy_int_matrix
    return np.array([[int(x) for x in row] for row in M], dtype=np.int64)
                    ^^^^^^^^^^^^^^^^^^^^^^^^^^^^^^^^^^^^
  File ""D:\decimal_computer\decimal_gemm.py"", line 60, in <listcomp>
    return np.array([[int(x) for x in row] for row in M], dtype=np.int64)
                     ^^^^^^^^^^^^^^^^^^^^^
  File ""D:\decimal_computer\decimal_gemm.py"", line 60, in <listcomp>
    return np.array([[int(x) for x in row] for row in M], dtype=np.int64)
                      ^^^^^^
TypeError: int() argument must be a string, a bytes-like object or a real number, not 'list'
",4,,,"{""ok"": false, ""error"": ""call_failed"", ""trace"": ""Traceback (most recent call last):\n  File \""C:\\Users\\asus\\AppData\\Local\\Temp\\bench_runner__c59dhvn\\runner.py\"", line 21, in <module>\n    res = decimal_gemm_naive(A, B, mul_algo=algo, cutoff=cutoff, return_counters=True)\n          ^^^^^^^^^^^^^^^^^^^^^^^^^^^^^^^^^^^^^^^^^^^^^^^^^^^^^^^^^^^^^^^^^^^^^^^^^^^^\n  File \""D:\\decimal_computer\\decimal_gemm.py\"", line 171, in decimal_gemm_naive\n    C = schoolbook_gemm(A, B, counters=counters)\n        ^^^^^^^^^^^^^^^^^^^^^^^^^^^^^^^^^^^^^^^^\n  File \""D:\\decimal_computer\\decimal_gemm.py\"", line 73, in schoolbook_gemm\n    a = _to_numpy_int_matrix(A)\n        ^^^^^^^^^^^^^^^^^^^^^^^\n  File \""D:\\decimal_computer\\decimal_gemm.py\"", line 60, in _to_numpy_int_matrix\n    return np.array([[int(x) for x in row] for row in M], dtype=np.int64)\n                    ^^^^^^^^^^^^^^^^^^^^^^^^^^^^^^^^^^^^\n  File \""D:\\decimal_computer\\decimal_gemm.py\"", line 60, in <listcomp>\n    return np.array([[int(x) for x in row] for row in M], dtype=np.int64)\n                     ^^^^^^^^^^^^^^^^^^^^^\n  File \""D:\\decimal_computer\\decimal_gemm.py\"", line 60, in <listcomp>\n    return np.array([[int(x) for x in row] for row in M], dtype=np.int64)\n                      ^^^^^^\nTypeError: int() argument must be a string, a bytes-like object or a real number, not 'list'\n\nDuring handling of the above exception, another exception occurred:\n\nTraceback (most recent call last):\n  File \""C:\\Users\\asus\\AppData\\Local\\Temp\\bench_runner__c59dhvn\\runner.py\"", line 24, in <module>\n    res = decimal_gemm_naive(A, B, mul_algo=algo, cutoff=cutoff)\n          ^^^^^^^^^^^^^^^^^^^^^^^^^^^^^^^^^^^^^^^^^^^^^^^^^^^^^^\n  File \""D:\\decimal_computer\\decimal_gemm.py\"", line 171, in decimal_gemm_naive\n    C = schoolbook_gemm(A, B, counters=counters)\n        ^^^^^^^^^^^^^^^^^^^^^^^^^^^^^^^^^^^^^^^^\n  File \""D:\\decimal_computer\\decimal_gemm.py\"", line 73, in schoolbook_gemm\n    a = _to_numpy_int_matrix(A)\n        ^^^^^^^^^^^^^^^^^^^^^^^\n  File \""D:\\decimal_computer\\decimal_gemm.py\"", line 60, in _to_numpy_int_matrix\n    return np.array([[int(x) for x in row] for row in M], dtype=np.int64)\n                    ^^^^^^^^^^^^^^^^^^^^^^^^^^^^^^^^^^^^\n  File \""D:\\decimal_computer\\decimal_gemm.py\"", line 60, in <listcomp>\n    return np.array([[int(x) for x in row] for row in M], dtype=np.int64)\n                     ^^^^^^^^^^^^^^^^^^^^^\n  File \""D:\\decimal_computer\\decimal_gemm.py\"", line 60, in <listcomp>\n    return np.array([[int(x) for x in row] for row in M], dtype=np.int64)\n                      ^^^^^^\nTypeError: int() argument must be a string, a bytes-like object or a real number, not 'list'\n""}
",
2,4,karatsuba,0,0.0,,,"runner_error: Traceback (most recent call last):
  File ""C:\Users\asus\AppData\Local\Temp\bench_runner_yyduqi3c\runner.py"", line 21, in <module>
    res = decimal_gemm_naive(A, B, mul_algo=algo, cutoff=cutoff, return_counters=True)
          ^^^^^^^^^^^^^^^^^^^^^^^^^^^^^^^^^^^^^^^^^^^^^^^^^^^^^^^^^^^^^^^^^^^^^^^^^^^^
  File ""D:\decimal_computer\decimal_gemm.py"", line 173, in decimal_gemm_naive
    C = karatsuba_gemm(A, B, cutoff=cutoff, counters=counters)
        ^^^^^^^^^^^^^^^^^^^^^^^^^^^^^^^^^^^^^^^^^^^^^^^^^^^^^^
  File ""D:\decimal_computer\decimal_gemm.py"", line 103, in karatsuba_gemm
    return schoolbook_gemm(A, B, counters=counters)
           ^^^^^^^^^^^^^^^^^^^^^^^^^^^^^^^^^^^^^^^^
  File ""D:\decimal_computer\decimal_gemm.py"", line 73, in schoolbook_gemm
    a = _to_numpy_int_matrix(A)
        ^^^^^^^^^^^^^^^^^^^^^^^
  File ""D:\decimal_computer\decimal_gemm.py"", line 60, in _to_numpy_int_matrix
    return np.array([[int(x) for x in row] for row in M], dtype=np.int64)
                    ^^^^^^^^^^^^^^^^^^^^^^^^^^^^^^^^^^^^
  File ""D:\decimal_computer\decimal_gemm.py"", line 60, in <listcomp>
    return np.array([[int(x) for x in row] for row in M], dtype=np.int64)
                     ^^^^^^^^^^^^^^^^^^^^^
  File ""D:\decimal_computer\decimal_gemm.py"", line 60, in <listcomp>
    return np.array([[int(x) for x in row] for row in M], dtype=np.int64)
                      ^^^^^^
TypeError: int() argument must be a string, a bytes-like object or a real number, not 'list'

During handling of the above exception, another exception occurred:

Traceback (most recent call last):
  File ""C:\Users\asus\AppData\Local\Temp\bench_runner_yyduqi3c\runner.py"", line 24, in <module>
    res = decimal_gemm_naive(A, B, mul_algo=algo, cutoff=cutoff)
          ^^^^^^^^^^^^^^^^^^^^^^^^^^^^^^^^^^^^^^^^^^^^^^^^^^^^^^
  File ""D:\decimal_computer\decimal_gemm.py"", line 173, in decimal_gemm_naive
    C = karatsuba_gemm(A, B, cutoff=cutoff, counters=counters)
        ^^^^^^^^^^^^^^^^^^^^^^^^^^^^^^^^^^^^^^^^^^^^^^^^^^^^^^
  File ""D:\decimal_computer\decimal_gemm.py"", line 103, in karatsuba_gemm
    return schoolbook_gemm(A, B, counters=counters)
           ^^^^^^^^^^^^^^^^^^^^^^^^^^^^^^^^^^^^^^^^
  File ""D:\decimal_computer\decimal_gemm.py"", line 73, in schoolbook_gemm
    a = _to_numpy_int_matrix(A)
        ^^^^^^^^^^^^^^^^^^^^^^^
  File ""D:\decimal_computer\decimal_gemm.py"", line 60, in _to_numpy_int_matrix
    return np.array([[int(x) for x in row] for row in M], dtype=np.int64)
                    ^^^^^^^^^^^^^^^^^^^^^^^^^^^^^^^^^^^^
  File ""D:\decimal_computer\decimal_gemm.py"", line 60, in <listcomp>
    return np.array([[int(x) for x in row] for row in M], dtype=np.int64)
                     ^^^^^^^^^^^^^^^^^^^^^
  File ""D:\decimal_computer\decimal_gemm.py"", line 60, in <listcomp>
    return np.array([[int(x) for x in row] for row in M], dtype=np.int64)
                      ^^^^^^
TypeError: int() argument must be a string, a bytes-like object or a real number, not 'list'
",4,,,"{""ok"": false, ""error"": ""call_failed"", ""trace"": ""Traceback (most recent call last):\n  File \""C:\\Users\\asus\\AppData\\Local\\Temp\\bench_runner_yyduqi3c\\runner.py\"", line 21, in <module>\n    res = decimal_gemm_naive(A, B, mul_algo=algo, cutoff=cutoff, return_counters=True)\n          ^^^^^^^^^^^^^^^^^^^^^^^^^^^^^^^^^^^^^^^^^^^^^^^^^^^^^^^^^^^^^^^^^^^^^^^^^^^^\n  File \""D:\\decimal_computer\\decimal_gemm.py\"", line 173, in decimal_gemm_naive\n    C = karatsuba_gemm(A, B, cutoff=cutoff, counters=counters)\n        ^^^^^^^^^^^^^^^^^^^^^^^^^^^^^^^^^^^^^^^^^^^^^^^^^^^^^^\n  File \""D:\\decimal_computer\\decimal_gemm.py\"", line 103, in karatsuba_gemm\n    return schoolbook_gemm(A, B, counters=counters)\n           ^^^^^^^^^^^^^^^^^^^^^^^^^^^^^^^^^^^^^^^^\n  File \""D:\\decimal_computer\\decimal_gemm.py\"", line 73, in schoolbook_gemm\n    a = _to_numpy_int_matrix(A)\n        ^^^^^^^^^^^^^^^^^^^^^^^\n  File \""D:\\decimal_computer\\decimal_gemm.py\"", line 60, in _to_numpy_int_matrix\n    return np.array([[int(x) for x in row] for row in M], dtype=np.int64)\n                    ^^^^^^^^^^^^^^^^^^^^^^^^^^^^^^^^^^^^\n  File \""D:\\decimal_computer\\decimal_gemm.py\"", line 60, in <listcomp>\n    return np.array([[int(x) for x in row] for row in M], dtype=np.int64)\n                     ^^^^^^^^^^^^^^^^^^^^^\n  File \""D:\\decimal_computer\\decimal_gemm.py\"", line 60, in <listcomp>\n    return np.array([[int(x) for x in row] for row in M], dtype=np.int64)\n                      ^^^^^^\nTypeError: int() argument must be a string, a bytes-like object or a real number, not 'list'\n\nDuring handling of the above exception, another exception occurred:\n\nTraceback (most recent call last):\n  File \""C:\\Users\\asus\\AppData\\Local\\Temp\\bench_runner_yyduqi3c\\runner.py\"", line 24, in <module>\n    res = decimal_gemm_naive(A, B, mul_algo=algo, cutoff=cutoff)\n          ^^^^^^^^^^^^^^^^^^^^^^^^^^^^^^^^^^^^^^^^^^^^^^^^^^^^^^\n  File \""D:\\decimal_computer\\decimal_gemm.py\"", line 173, in decimal_gemm_naive\n    C = karatsuba_gemm(A, B, cutoff=cutoff, counters=counters)\n        ^^^^^^^^^^^^^^^^^^^^^^^^^^^^^^^^^^^^^^^^^^^^^^^^^^^^^^\n  File \""D:\\decimal_computer\\decimal_gemm.py\"", line 103, in karatsuba_gemm\n    return schoolbook_gemm(A, B, counters=counters)\n           ^^^^^^^^^^^^^^^^^^^^^^^^^^^^^^^^^^^^^^^^\n  File \""D:\\decimal_computer\\decimal_gemm.py\"", line 73, in schoolbook_gemm\n    a = _to_numpy_int_matrix(A)\n        ^^^^^^^^^^^^^^^^^^^^^^^\n  File \""D:\\decimal_computer\\decimal_gemm.py\"", line 60, in _to_numpy_int_matrix\n    return np.array([[int(x) for x in row] for row in M], dtype=np.int64)\n                    ^^^^^^^^^^^^^^^^^^^^^^^^^^^^^^^^^^^^\n  File \""D:\\decimal_computer\\decimal_gemm.py\"", line 60, in <listcomp>\n    return np.array([[int(x) for x in row] for row in M], dtype=np.int64)\n                     ^^^^^^^^^^^^^^^^^^^^^\n  File \""D:\\decimal_computer\\decimal_gemm.py\"", line 60, in <listcomp>\n    return np.array([[int(x) for x in row] for row in M], dtype=np.int64)\n                      ^^^^^^\nTypeError: int() argument must be a string, a bytes-like object or a real number, not 'list'\n""}
",
2,4,strassen,0,0.0,,,"runner_error: Traceback (most recent call last):
  File ""C:\Users\asus\AppData\Local\Temp\bench_runner_l_zgasxj\runner.py"", line 21, in <module>
    res = decimal_gemm_naive(A, B, mul_algo=algo, cutoff=cutoff, return_counters=True)
          ^^^^^^^^^^^^^^^^^^^^^^^^^^^^^^^^^^^^^^^^^^^^^^^^^^^^^^^^^^^^^^^^^^^^^^^^^^^^
  File ""D:\decimal_computer\decimal_gemm.py"", line 175, in decimal_gemm_naive
    C = strassen_wrapper(A, B, cutoff=cutoff, counters=counters)
        ^^^^^^^^^^^^^^^^^^^^^^^^^^^^^^^^^^^^^^^^^^^^^^^^^^^^^^^^
  File ""D:\decimal_computer\decimal_gemm.py"", line 117, in strassen_wrapper
    return schoolbook_gemm(A, B, counters=counters)
           ^^^^^^^^^^^^^^^^^^^^^^^^^^^^^^^^^^^^^^^^
  File ""D:\decimal_computer\decimal_gemm.py"", line 73, in schoolbook_gemm
    a = _to_numpy_int_matrix(A)
        ^^^^^^^^^^^^^^^^^^^^^^^
  File ""D:\decimal_computer\decimal_gemm.py"", line 60, in _to_numpy_int_matrix
    return np.array([[int(x) for x in row] for row in M], dtype=np.int64)
                    ^^^^^^^^^^^^^^^^^^^^^^^^^^^^^^^^^^^^
  File ""D:\decimal_computer\decimal_gemm.py"", line 60, in <listcomp>
    return np.array([[int(x) for x in row] for row in M], dtype=np.int64)
                     ^^^^^^^^^^^^^^^^^^^^^
  File ""D:\decimal_computer\decimal_gemm.py"", line 60, in <listcomp>
    return np.array([[int(x) for x in row] for row in M], dtype=np.int64)
                      ^^^^^^
TypeError: int() argument must be a string, a bytes-like object or a real number, not 'list'

During handling of the above exception, another exception occurred:

Traceback (most recent call last):
  File ""C:\Users\asus\AppData\Local\Temp\bench_runner_l_zgasxj\runner.py"", line 24, in <module>
    res = decimal_gemm_naive(A, B, mul_algo=algo, cutoff=cutoff)
          ^^^^^^^^^^^^^^^^^^^^^^^^^^^^^^^^^^^^^^^^^^^^^^^^^^^^^^
  File ""D:\decimal_computer\decimal_gemm.py"", line 175, in decimal_gemm_naive
    C = strassen_wrapper(A, B, cutoff=cutoff, counters=counters)
        ^^^^^^^^^^^^^^^^^^^^^^^^^^^^^^^^^^^^^^^^^^^^^^^^^^^^^^^^
  File ""D:\decimal_computer\decimal_gemm.py"", line 117, in strassen_wrapper
    return schoolbook_gemm(A, B, counters=counters)
           ^^^^^^^^^^^^^^^^^^^^^^^^^^^^^^^^^^^^^^^^
  File ""D:\decimal_computer\decimal_gemm.py"", line 73, in schoolbook_gemm
    a = _to_numpy_int_matrix(A)
        ^^^^^^^^^^^^^^^^^^^^^^^
  File ""D:\decimal_computer\decimal_gemm.py"", line 60, in _to_numpy_int_matrix
    return np.array([[int(x) for x in row] for row in M], dtype=np.int64)
                    ^^^^^^^^^^^^^^^^^^^^^^^^^^^^^^^^^^^^
  File ""D:\decimal_computer\decimal_gemm.py"", line 60, in <listcomp>
    return np.array([[int(x) for x in row] for row in M], dtype=np.int64)
                     ^^^^^^^^^^^^^^^^^^^^^
  File ""D:\decimal_computer\decimal_gemm.py"", line 60, in <listcomp>
    return np.array([[int(x) for x in row] for row in M], dtype=np.int64)
                      ^^^^^^
TypeError: int() argument must be a string, a bytes-like object or a real number, not 'list'
",4,,,"{""ok"": false, ""error"": ""call_failed"", ""trace"": ""Traceback (most recent call last):\n  File \""C:\\Users\\asus\\AppData\\Local\\Temp\\bench_runner_l_zgasxj\\runner.py\"", line 21, in <module>\n    res = decimal_gemm_naive(A, B, mul_algo=algo, cutoff=cutoff, return_counters=True)\n          ^^^^^^^^^^^^^^^^^^^^^^^^^^^^^^^^^^^^^^^^^^^^^^^^^^^^^^^^^^^^^^^^^^^^^^^^^^^^\n  File \""D:\\decimal_computer\\decimal_gemm.py\"", line 175, in decimal_gemm_naive\n    C = strassen_wrapper(A, B, cutoff=cutoff, counters=counters)\n        ^^^^^^^^^^^^^^^^^^^^^^^^^^^^^^^^^^^^^^^^^^^^^^^^^^^^^^^^\n  File \""D:\\decimal_computer\\decimal_gemm.py\"", line 117, in strassen_wrapper\n    return schoolbook_gemm(A, B, counters=counters)\n           ^^^^^^^^^^^^^^^^^^^^^^^^^^^^^^^^^^^^^^^^\n  File \""D:\\decimal_computer\\decimal_gemm.py\"", line 73, in schoolbook_gemm\n    a = _to_numpy_int_matrix(A)\n        ^^^^^^^^^^^^^^^^^^^^^^^\n  File \""D:\\decimal_computer\\decimal_gemm.py\"", line 60, in _to_numpy_int_matrix\n    return np.array([[int(x) for x in row] for row in M], dtype=np.int64)\n                    ^^^^^^^^^^^^^^^^^^^^^^^^^^^^^^^^^^^^\n  File \""D:\\decimal_computer\\decimal_gemm.py\"", line 60, in <listcomp>\n    return np.array([[int(x) for x in row] for row in M], dtype=np.int64)\n                     ^^^^^^^^^^^^^^^^^^^^^\n  File \""D:\\decimal_computer\\decimal_gemm.py\"", line 60, in <listcomp>\n    return np.array([[int(x) for x in row] for row in M], dtype=np.int64)\n                      ^^^^^^\nTypeError: int() argument must be a string, a bytes-like object or a real number, not 'list'\n\nDuring handling of the above exception, another exception occurred:\n\nTraceback (most recent call last):\n  File \""C:\\Users\\asus\\AppData\\Local\\Temp\\bench_runner_l_zgasxj\\runner.py\"", line 24, in <module>\n    res = decimal_gemm_naive(A, B, mul_algo=algo, cutoff=cutoff)\n          ^^^^^^^^^^^^^^^^^^^^^^^^^^^^^^^^^^^^^^^^^^^^^^^^^^^^^^\n  File \""D:\\decimal_computer\\decimal_gemm.py\"", line 175, in decimal_gemm_naive\n    C = strassen_wrapper(A, B, cutoff=cutoff, counters=counters)\n        ^^^^^^^^^^^^^^^^^^^^^^^^^^^^^^^^^^^^^^^^^^^^^^^^^^^^^^^^\n  File \""D:\\decimal_computer\\decimal_gemm.py\"", line 117, in strassen_wrapper\n    return schoolbook_gemm(A, B, counters=counters)\n           ^^^^^^^^^^^^^^^^^^^^^^^^^^^^^^^^^^^^^^^^\n  File \""D:\\decimal_computer\\decimal_gemm.py\"", line 73, in schoolbook_gemm\n    a = _to_numpy_int_matrix(A)\n        ^^^^^^^^^^^^^^^^^^^^^^^\n  File \""D:\\decimal_computer\\decimal_gemm.py\"", line 60, in _to_numpy_int_matrix\n    return np.array([[int(x) for x in row] for row in M], dtype=np.int64)\n                    ^^^^^^^^^^^^^^^^^^^^^^^^^^^^^^^^^^^^\n  File \""D:\\decimal_computer\\decimal_gemm.py\"", line 60, in <listcomp>\n    return np.array([[int(x) for x in row] for row in M], dtype=np.int64)\n                     ^^^^^^^^^^^^^^^^^^^^^\n  File \""D:\\decimal_computer\\decimal_gemm.py\"", line 60, in <listcomp>\n    return np.array([[int(x) for x in row] for row in M], dtype=np.int64)\n                      ^^^^^^\nTypeError: int() argument must be a string, a bytes-like object or a real number, not 'list'\n""}
",
4,4,auto,0,0.0,,,"runner_error: Traceback (most recent call last):
  File ""C:\Users\asus\AppData\Local\Temp\bench_runner_dv2lfdes\runner.py"", line 21, in <module>
    res = decimal_gemm_naive(A, B, mul_algo=algo, cutoff=cutoff, return_counters=True)
          ^^^^^^^^^^^^^^^^^^^^^^^^^^^^^^^^^^^^^^^^^^^^^^^^^^^^^^^^^^^^^^^^^^^^^^^^^^^^
  File ""D:\decimal_computer\decimal_gemm.py"", line 171, in decimal_gemm_naive
    C = schoolbook_gemm(A, B, counters=counters)
        ^^^^^^^^^^^^^^^^^^^^^^^^^^^^^^^^^^^^^^^^
  File ""D:\decimal_computer\decimal_gemm.py"", line 73, in schoolbook_gemm
    a = _to_numpy_int_matrix(A)
        ^^^^^^^^^^^^^^^^^^^^^^^
  File ""D:\decimal_computer\decimal_gemm.py"", line 60, in _to_numpy_int_matrix
    return np.array([[int(x) for x in row] for row in M], dtype=np.int64)
                    ^^^^^^^^^^^^^^^^^^^^^^^^^^^^^^^^^^^^
  File ""D:\decimal_computer\decimal_gemm.py"", line 60, in <listcomp>
    return np.array([[int(x) for x in row] for row in M], dtype=np.int64)
                     ^^^^^^^^^^^^^^^^^^^^^
  File ""D:\decimal_computer\decimal_gemm.py"", line 60, in <listcomp>
    return np.array([[int(x) for x in row] for row in M], dtype=np.int64)
                      ^^^^^^
TypeError: int() argument must be a string, a bytes-like object or a real number, not 'list'

During handling of the above exception, another exception occurred:

Traceback (most recent call last):
  File ""C:\Users\asus\AppData\Local\Temp\bench_runner_dv2lfdes\runner.py"", line 24, in <module>
    res = decimal_gemm_naive(A, B, mul_algo=algo, cutoff=cutoff)
          ^^^^^^^^^^^^^^^^^^^^^^^^^^^^^^^^^^^^^^^^^^^^^^^^^^^^^^
  File ""D:\decimal_computer\decimal_gemm.py"", line 171, in decimal_gemm_naive
    C = schoolbook_gemm(A, B, counters=counters)
        ^^^^^^^^^^^^^^^^^^^^^^^^^^^^^^^^^^^^^^^^
  File ""D:\decimal_computer\decimal_gemm.py"", line 73, in schoolbook_gemm
    a = _to_numpy_int_matrix(A)
        ^^^^^^^^^^^^^^^^^^^^^^^
  File ""D:\decimal_computer\decimal_gemm.py"", line 60, in _to_numpy_int_matrix
    return np.array([[int(x) for x in row] for row in M], dtype=np.int64)
                    ^^^^^^^^^^^^^^^^^^^^^^^^^^^^^^^^^^^^
  File ""D:\decimal_computer\decimal_gemm.py"", line 60, in <listcomp>
    return np.array([[int(x) for x in row] for row in M], dtype=np.int64)
                     ^^^^^^^^^^^^^^^^^^^^^
  File ""D:\decimal_computer\decimal_gemm.py"", line 60, in <listcomp>
    return np.array([[int(x) for x in row] for row in M], dtype=np.int64)
                      ^^^^^^
TypeError: int() argument must be a string, a bytes-like object or a real number, not 'list'
",4,,,"{""ok"": false, ""error"": ""call_failed"", ""trace"": ""Traceback (most recent call last):\n  File \""C:\\Users\\asus\\AppData\\Local\\Temp\\bench_runner_dv2lfdes\\runner.py\"", line 21, in <module>\n    res = decimal_gemm_naive(A, B, mul_algo=algo, cutoff=cutoff, return_counters=True)\n          ^^^^^^^^^^^^^^^^^^^^^^^^^^^^^^^^^^^^^^^^^^^^^^^^^^^^^^^^^^^^^^^^^^^^^^^^^^^^\n  File \""D:\\decimal_computer\\decimal_gemm.py\"", line 171, in decimal_gemm_naive\n    C = schoolbook_gemm(A, B, counters=counters)\n        ^^^^^^^^^^^^^^^^^^^^^^^^^^^^^^^^^^^^^^^^\n  File \""D:\\decimal_computer\\decimal_gemm.py\"", line 73, in schoolbook_gemm\n    a = _to_numpy_int_matrix(A)\n        ^^^^^^^^^^^^^^^^^^^^^^^\n  File \""D:\\decimal_computer\\decimal_gemm.py\"", line 60, in _to_numpy_int_matrix\n    return np.array([[int(x) for x in row] for row in M], dtype=np.int64)\n                    ^^^^^^^^^^^^^^^^^^^^^^^^^^^^^^^^^^^^\n  File \""D:\\decimal_computer\\decimal_gemm.py\"", line 60, in <listcomp>\n    return np.array([[int(x) for x in row] for row in M], dtype=np.int64)\n                     ^^^^^^^^^^^^^^^^^^^^^\n  File \""D:\\decimal_computer\\decimal_gemm.py\"", line 60, in <listcomp>\n    return np.array([[int(x) for x in row] for row in M], dtype=np.int64)\n                      ^^^^^^\nTypeError: int() argument must be a string, a bytes-like object or a real number, not 'list'\n\nDuring handling of the above exception, another exception occurred:\n\nTraceback (most recent call last):\n  File \""C:\\Users\\asus\\AppData\\Local\\Temp\\bench_runner_dv2lfdes\\runner.py\"", line 24, in <module>\n    res = decimal_gemm_naive(A, B, mul_algo=algo, cutoff=cutoff)\n          ^^^^^^^^^^^^^^^^^^^^^^^^^^^^^^^^^^^^^^^^^^^^^^^^^^^^^^\n  File \""D:\\decimal_computer\\decimal_gemm.py\"", line 171, in decimal_gemm_naive\n    C = schoolbook_gemm(A, B, counters=counters)\n        ^^^^^^^^^^^^^^^^^^^^^^^^^^^^^^^^^^^^^^^^\n  File \""D:\\decimal_computer\\decimal_gemm.py\"", line 73, in schoolbook_gemm\n    a = _to_numpy_int_matrix(A)\n        ^^^^^^^^^^^^^^^^^^^^^^^\n  File \""D:\\decimal_computer\\decimal_gemm.py\"", line 60, in _to_numpy_int_matrix\n    return np.array([[int(x) for x in row] for row in M], dtype=np.int64)\n                    ^^^^^^^^^^^^^^^^^^^^^^^^^^^^^^^^^^^^\n  File \""D:\\decimal_computer\\decimal_gemm.py\"", line 60, in <listcomp>\n    return np.array([[int(x) for x in row] for row in M], dtype=np.int64)\n                     ^^^^^^^^^^^^^^^^^^^^^\n  File \""D:\\decimal_computer\\decimal_gemm.py\"", line 60, in <listcomp>\n    return np.array([[int(x) for x in row] for row in M], dtype=np.int64)\n                      ^^^^^^\nTypeError: int() argument must be a string, a bytes-like object or a real number, not 'list'\n""}
","[decimal_gemm] auto-selected algo='schoolbook' max_digit_len=None cutoff=None
[decimal_gemm] auto-selected algo='schoolbook' max_digit_len=None cutoff=None
"
4,4,schoolbook,0,0.0,,,"runner_error: Traceback (most recent call last):
  File ""C:\Users\asus\AppData\Local\Temp\bench_runner_51cmgdt0\runner.py"", line 21, in <module>
    res = decimal_gemm_naive(A, B, mul_algo=algo, cutoff=cutoff, return_counters=True)
          ^^^^^^^^^^^^^^^^^^^^^^^^^^^^^^^^^^^^^^^^^^^^^^^^^^^^^^^^^^^^^^^^^^^^^^^^^^^^
  File ""D:\decimal_computer\decimal_gemm.py"", line 171, in decimal_gemm_naive
    C = schoolbook_gemm(A, B, counters=counters)
        ^^^^^^^^^^^^^^^^^^^^^^^^^^^^^^^^^^^^^^^^
  File ""D:\decimal_computer\decimal_gemm.py"", line 73, in schoolbook_gemm
    a = _to_numpy_int_matrix(A)
        ^^^^^^^^^^^^^^^^^^^^^^^
  File ""D:\decimal_computer\decimal_gemm.py"", line 60, in _to_numpy_int_matrix
    return np.array([[int(x) for x in row] for row in M], dtype=np.int64)
                    ^^^^^^^^^^^^^^^^^^^^^^^^^^^^^^^^^^^^
  File ""D:\decimal_computer\decimal_gemm.py"", line 60, in <listcomp>
    return np.array([[int(x) for x in row] for row in M], dtype=np.int64)
                     ^^^^^^^^^^^^^^^^^^^^^
  File ""D:\decimal_computer\decimal_gemm.py"", line 60, in <listcomp>
    return np.array([[int(x) for x in row] for row in M], dtype=np.int64)
                      ^^^^^^
TypeError: int() argument must be a string, a bytes-like object or a real number, not 'list'

During handling of the above exception, another exception occurred:

Traceback (most recent call last):
  File ""C:\Users\asus\AppData\Local\Temp\bench_runner_51cmgdt0\runner.py"", line 24, in <module>
    res = decimal_gemm_naive(A, B, mul_algo=algo, cutoff=cutoff)
          ^^^^^^^^^^^^^^^^^^^^^^^^^^^^^^^^^^^^^^^^^^^^^^^^^^^^^^
  File ""D:\decimal_computer\decimal_gemm.py"", line 171, in decimal_gemm_naive
    C = schoolbook_gemm(A, B, counters=counters)
        ^^^^^^^^^^^^^^^^^^^^^^^^^^^^^^^^^^^^^^^^
  File ""D:\decimal_computer\decimal_gemm.py"", line 73, in schoolbook_gemm
    a = _to_numpy_int_matrix(A)
        ^^^^^^^^^^^^^^^^^^^^^^^
  File ""D:\decimal_computer\decimal_gemm.py"", line 60, in _to_numpy_int_matrix
    return np.array([[int(x) for x in row] for row in M], dtype=np.int64)
                    ^^^^^^^^^^^^^^^^^^^^^^^^^^^^^^^^^^^^
  File ""D:\decimal_computer\decimal_gemm.py"", line 60, in <listcomp>
    return np.array([[int(x) for x in row] for row in M], dtype=np.int64)
                     ^^^^^^^^^^^^^^^^^^^^^
  File ""D:\decimal_computer\decimal_gemm.py"", line 60, in <listcomp>
    return np.array([[int(x) for x in row] for row in M], dtype=np.int64)
                      ^^^^^^
TypeError: int() argument must be a string, a bytes-like object or a real number, not 'list'
",4,,,"{""ok"": false, ""error"": ""call_failed"", ""trace"": ""Traceback (most recent call last):\n  File \""C:\\Users\\asus\\AppData\\Local\\Temp\\bench_runner_51cmgdt0\\runner.py\"", line 21, in <module>\n    res = decimal_gemm_naive(A, B, mul_algo=algo, cutoff=cutoff, return_counters=True)\n          ^^^^^^^^^^^^^^^^^^^^^^^^^^^^^^^^^^^^^^^^^^^^^^^^^^^^^^^^^^^^^^^^^^^^^^^^^^^^\n  File \""D:\\decimal_computer\\decimal_gemm.py\"", line 171, in decimal_gemm_naive\n    C = schoolbook_gemm(A, B, counters=counters)\n        ^^^^^^^^^^^^^^^^^^^^^^^^^^^^^^^^^^^^^^^^\n  File \""D:\\decimal_computer\\decimal_gemm.py\"", line 73, in schoolbook_gemm\n    a = _to_numpy_int_matrix(A)\n        ^^^^^^^^^^^^^^^^^^^^^^^\n  File \""D:\\decimal_computer\\decimal_gemm.py\"", line 60, in _to_numpy_int_matrix\n    return np.array([[int(x) for x in row] for row in M], dtype=np.int64)\n                    ^^^^^^^^^^^^^^^^^^^^^^^^^^^^^^^^^^^^\n  File \""D:\\decimal_computer\\decimal_gemm.py\"", line 60, in <listcomp>\n    return np.array([[int(x) for x in row] for row in M], dtype=np.int64)\n                     ^^^^^^^^^^^^^^^^^^^^^\n  File \""D:\\decimal_computer\\decimal_gemm.py\"", line 60, in <listcomp>\n    return np.array([[int(x) for x in row] for row in M], dtype=np.int64)\n                      ^^^^^^\nTypeError: int() argument must be a string, a bytes-like object or a real number, not 'list'\n\nDuring handling of the above exception, another exception occurred:\n\nTraceback (most recent call last):\n  File \""C:\\Users\\asus\\AppData\\Local\\Temp\\bench_runner_51cmgdt0\\runner.py\"", line 24, in <module>\n    res = decimal_gemm_naive(A, B, mul_algo=algo, cutoff=cutoff)\n          ^^^^^^^^^^^^^^^^^^^^^^^^^^^^^^^^^^^^^^^^^^^^^^^^^^^^^^\n  File \""D:\\decimal_computer\\decimal_gemm.py\"", line 171, in decimal_gemm_naive\n    C = schoolbook_gemm(A, B, counters=counters)\n        ^^^^^^^^^^^^^^^^^^^^^^^^^^^^^^^^^^^^^^^^\n  File \""D:\\decimal_computer\\decimal_gemm.py\"", line 73, in schoolbook_gemm\n    a = _to_numpy_int_matrix(A)\n        ^^^^^^^^^^^^^^^^^^^^^^^\n  File \""D:\\decimal_computer\\decimal_gemm.py\"", line 60, in _to_numpy_int_matrix\n    return np.array([[int(x) for x in row] for row in M], dtype=np.int64)\n                    ^^^^^^^^^^^^^^^^^^^^^^^^^^^^^^^^^^^^\n  File \""D:\\decimal_computer\\decimal_gemm.py\"", line 60, in <listcomp>\n    return np.array([[int(x) for x in row] for row in M], dtype=np.int64)\n                     ^^^^^^^^^^^^^^^^^^^^^\n  File \""D:\\decimal_computer\\decimal_gemm.py\"", line 60, in <listcomp>\n    return np.array([[int(x) for x in row] for row in M], dtype=np.int64)\n                      ^^^^^^\nTypeError: int() argument must be a string, a bytes-like object or a real number, not 'list'\n""}
",
4,4,karatsuba,0,0.0,,,"runner_error: Traceback (most recent call last):
  File ""C:\Users\asus\AppData\Local\Temp\bench_runner_9_jh8b0i\runner.py"", line 21, in <module>
    res = decimal_gemm_naive(A, B, mul_algo=algo, cutoff=cutoff, return_counters=True)
          ^^^^^^^^^^^^^^^^^^^^^^^^^^^^^^^^^^^^^^^^^^^^^^^^^^^^^^^^^^^^^^^^^^^^^^^^^^^^
  File ""D:\decimal_computer\decimal_gemm.py"", line 173, in decimal_gemm_naive
    C = karatsuba_gemm(A, B, cutoff=cutoff, counters=counters)
        ^^^^^^^^^^^^^^^^^^^^^^^^^^^^^^^^^^^^^^^^^^^^^^^^^^^^^^
  File ""D:\decimal_computer\decimal_gemm.py"", line 103, in karatsuba_gemm
    return schoolbook_gemm(A, B, counters=counters)
           ^^^^^^^^^^^^^^^^^^^^^^^^^^^^^^^^^^^^^^^^
  File ""D:\decimal_computer\decimal_gemm.py"", line 73, in schoolbook_gemm
    a = _to_numpy_int_matrix(A)
        ^^^^^^^^^^^^^^^^^^^^^^^
  File ""D:\decimal_computer\decimal_gemm.py"", line 60, in _to_numpy_int_matrix
    return np.array([[int(x) for x in row] for row in M], dtype=np.int64)
                    ^^^^^^^^^^^^^^^^^^^^^^^^^^^^^^^^^^^^
  File ""D:\decimal_computer\decimal_gemm.py"", line 60, in <listcomp>
    return np.array([[int(x) for x in row] for row in M], dtype=np.int64)
                     ^^^^^^^^^^^^^^^^^^^^^
  File ""D:\decimal_computer\decimal_gemm.py"", line 60, in <listcomp>
    return np.array([[int(x) for x in row] for row in M], dtype=np.int64)
                      ^^^^^^
TypeError: int() argument must be a string, a bytes-like object or a real number, not 'list'

During handling of the above exception, another exception occurred:

Traceback (most recent call last):
  File ""C:\Users\asus\AppData\Local\Temp\bench_runner_9_jh8b0i\runner.py"", line 24, in <module>
    res = decimal_gemm_naive(A, B, mul_algo=algo, cutoff=cutoff)
          ^^^^^^^^^^^^^^^^^^^^^^^^^^^^^^^^^^^^^^^^^^^^^^^^^^^^^^
  File ""D:\decimal_computer\decimal_gemm.py"", line 173, in decimal_gemm_naive
    C = karatsuba_gemm(A, B, cutoff=cutoff, counters=counters)
        ^^^^^^^^^^^^^^^^^^^^^^^^^^^^^^^^^^^^^^^^^^^^^^^^^^^^^^
  File ""D:\decimal_computer\decimal_gemm.py"", line 103, in karatsuba_gemm
    return schoolbook_gemm(A, B, counters=counters)
           ^^^^^^^^^^^^^^^^^^^^^^^^^^^^^^^^^^^^^^^^
  File ""D:\decimal_computer\decimal_gemm.py"", line 73, in schoolbook_gemm
    a = _to_numpy_int_matrix(A)
        ^^^^^^^^^^^^^^^^^^^^^^^
  File ""D:\decimal_computer\decimal_gemm.py"", line 60, in _to_numpy_int_matrix
    return np.array([[int(x) for x in row] for row in M], dtype=np.int64)
                    ^^^^^^^^^^^^^^^^^^^^^^^^^^^^^^^^^^^^
  File ""D:\decimal_computer\decimal_gemm.py"", line 60, in <listcomp>
    return np.array([[int(x) for x in row] for row in M], dtype=np.int64)
                     ^^^^^^^^^^^^^^^^^^^^^
  File ""D:\decimal_computer\decimal_gemm.py"", line 60, in <listcomp>
    return np.array([[int(x) for x in row] for row in M], dtype=np.int64)
                      ^^^^^^
TypeError: int() argument must be a string, a bytes-like object or a real number, not 'list'
",4,,,"{""ok"": false, ""error"": ""call_failed"", ""trace"": ""Traceback (most recent call last):\n  File \""C:\\Users\\asus\\AppData\\Local\\Temp\\bench_runner_9_jh8b0i\\runner.py\"", line 21, in <module>\n    res = decimal_gemm_naive(A, B, mul_algo=algo, cutoff=cutoff, return_counters=True)\n          ^^^^^^^^^^^^^^^^^^^^^^^^^^^^^^^^^^^^^^^^^^^^^^^^^^^^^^^^^^^^^^^^^^^^^^^^^^^^\n  File \""D:\\decimal_computer\\decimal_gemm.py\"", line 173, in decimal_gemm_naive\n    C = karatsuba_gemm(A, B, cutoff=cutoff, counters=counters)\n        ^^^^^^^^^^^^^^^^^^^^^^^^^^^^^^^^^^^^^^^^^^^^^^^^^^^^^^\n  File \""D:\\decimal_computer\\decimal_gemm.py\"", line 103, in karatsuba_gemm\n    return schoolbook_gemm(A, B, counters=counters)\n           ^^^^^^^^^^^^^^^^^^^^^^^^^^^^^^^^^^^^^^^^\n  File \""D:\\decimal_computer\\decimal_gemm.py\"", line 73, in schoolbook_gemm\n    a = _to_numpy_int_matrix(A)\n        ^^^^^^^^^^^^^^^^^^^^^^^\n  File \""D:\\decimal_computer\\decimal_gemm.py\"", line 60, in _to_numpy_int_matrix\n    return np.array([[int(x) for x in row] for row in M], dtype=np.int64)\n                    ^^^^^^^^^^^^^^^^^^^^^^^^^^^^^^^^^^^^\n  File \""D:\\decimal_computer\\decimal_gemm.py\"", line 60, in <listcomp>\n    return np.array([[int(x) for x in row] for row in M], dtype=np.int64)\n                     ^^^^^^^^^^^^^^^^^^^^^\n  File \""D:\\decimal_computer\\decimal_gemm.py\"", line 60, in <listcomp>\n    return np.array([[int(x) for x in row] for row in M], dtype=np.int64)\n                      ^^^^^^\nTypeError: int() argument must be a string, a bytes-like object or a real number, not 'list'\n\nDuring handling of the above exception, another exception occurred:\n\nTraceback (most recent call last):\n  File \""C:\\Users\\asus\\AppData\\Local\\Temp\\bench_runner_9_jh8b0i\\runner.py\"", line 24, in <module>\n    res = decimal_gemm_naive(A, B, mul_algo=algo, cutoff=cutoff)\n          ^^^^^^^^^^^^^^^^^^^^^^^^^^^^^^^^^^^^^^^^^^^^^^^^^^^^^^\n  File \""D:\\decimal_computer\\decimal_gemm.py\"", line 173, in decimal_gemm_naive\n    C = karatsuba_gemm(A, B, cutoff=cutoff, counters=counters)\n        ^^^^^^^^^^^^^^^^^^^^^^^^^^^^^^^^^^^^^^^^^^^^^^^^^^^^^^\n  File \""D:\\decimal_computer\\decimal_gemm.py\"", line 103, in karatsuba_gemm\n    return schoolbook_gemm(A, B, counters=counters)\n           ^^^^^^^^^^^^^^^^^^^^^^^^^^^^^^^^^^^^^^^^\n  File \""D:\\decimal_computer\\decimal_gemm.py\"", line 73, in schoolbook_gemm\n    a = _to_numpy_int_matrix(A)\n        ^^^^^^^^^^^^^^^^^^^^^^^\n  File \""D:\\decimal_computer\\decimal_gemm.py\"", line 60, in _to_numpy_int_matrix\n    return np.array([[int(x) for x in row] for row in M], dtype=np.int64)\n                    ^^^^^^^^^^^^^^^^^^^^^^^^^^^^^^^^^^^^\n  File \""D:\\decimal_computer\\decimal_gemm.py\"", line 60, in <listcomp>\n    return np.array([[int(x) for x in row] for row in M], dtype=np.int64)\n                     ^^^^^^^^^^^^^^^^^^^^^\n  File \""D:\\decimal_computer\\decimal_gemm.py\"", line 60, in <listcomp>\n    return np.array([[int(x) for x in row] for row in M], dtype=np.int64)\n                      ^^^^^^\nTypeError: int() argument must be a string, a bytes-like object or a real number, not 'list'\n""}
",
4,4,strassen,0,0.0,,,"runner_error: Traceback (most recent call last):
  File ""C:\Users\asus\AppData\Local\Temp\bench_runner_m1y1hrir\runner.py"", line 21, in <module>
    res = decimal_gemm_naive(A, B, mul_algo=algo, cutoff=cutoff, return_counters=True)
          ^^^^^^^^^^^^^^^^^^^^^^^^^^^^^^^^^^^^^^^^^^^^^^^^^^^^^^^^^^^^^^^^^^^^^^^^^^^^
  File ""D:\decimal_computer\decimal_gemm.py"", line 175, in decimal_gemm_naive
    C = strassen_wrapper(A, B, cutoff=cutoff, counters=counters)
        ^^^^^^^^^^^^^^^^^^^^^^^^^^^^^^^^^^^^^^^^^^^^^^^^^^^^^^^^
  File ""D:\decimal_computer\decimal_gemm.py"", line 117, in strassen_wrapper
    return schoolbook_gemm(A, B, counters=counters)
           ^^^^^^^^^^^^^^^^^^^^^^^^^^^^^^^^^^^^^^^^
  File ""D:\decimal_computer\decimal_gemm.py"", line 73, in schoolbook_gemm
    a = _to_numpy_int_matrix(A)
        ^^^^^^^^^^^^^^^^^^^^^^^
  File ""D:\decimal_computer\decimal_gemm.py"", line 60, in _to_numpy_int_matrix
    return np.array([[int(x) for x in row] for row in M], dtype=np.int64)
                    ^^^^^^^^^^^^^^^^^^^^^^^^^^^^^^^^^^^^
  File ""D:\decimal_computer\decimal_gemm.py"", line 60, in <listcomp>
    return np.array([[int(x) for x in row] for row in M], dtype=np.int64)
                     ^^^^^^^^^^^^^^^^^^^^^
  File ""D:\decimal_computer\decimal_gemm.py"", line 60, in <listcomp>
    return np.array([[int(x) for x in row] for row in M], dtype=np.int64)
                      ^^^^^^
TypeError: int() argument must be a string, a bytes-like object or a real number, not 'list'

During handling of the above exception, another exception occurred:

Traceback (most recent call last):
  File ""C:\Users\asus\AppData\Local\Temp\bench_runner_m1y1hrir\runner.py"", line 24, in <module>
    res = decimal_gemm_naive(A, B, mul_algo=algo, cutoff=cutoff)
          ^^^^^^^^^^^^^^^^^^^^^^^^^^^^^^^^^^^^^^^^^^^^^^^^^^^^^^
  File ""D:\decimal_computer\decimal_gemm.py"", line 175, in decimal_gemm_naive
    C = strassen_wrapper(A, B, cutoff=cutoff, counters=counters)
        ^^^^^^^^^^^^^^^^^^^^^^^^^^^^^^^^^^^^^^^^^^^^^^^^^^^^^^^^
  File ""D:\decimal_computer\decimal_gemm.py"", line 117, in strassen_wrapper
    return schoolbook_gemm(A, B, counters=counters)
           ^^^^^^^^^^^^^^^^^^^^^^^^^^^^^^^^^^^^^^^^
  File ""D:\decimal_computer\decimal_gemm.py"", line 73, in schoolbook_gemm
    a = _to_numpy_int_matrix(A)
        ^^^^^^^^^^^^^^^^^^^^^^^
  File ""D:\decimal_computer\decimal_gemm.py"", line 60, in _to_numpy_int_matrix
    return np.array([[int(x) for x in row] for row in M], dtype=np.int64)
                    ^^^^^^^^^^^^^^^^^^^^^^^^^^^^^^^^^^^^
  File ""D:\decimal_computer\decimal_gemm.py"", line 60, in <listcomp>
    return np.array([[int(x) for x in row] for row in M], dtype=np.int64)
                     ^^^^^^^^^^^^^^^^^^^^^
  File ""D:\decimal_computer\decimal_gemm.py"", line 60, in <listcomp>
    return np.array([[int(x) for x in row] for row in M], dtype=np.int64)
                      ^^^^^^
TypeError: int() argument must be a string, a bytes-like object or a real number, not 'list'
",4,,,"{""ok"": false, ""error"": ""call_failed"", ""trace"": ""Traceback (most recent call last):\n  File \""C:\\Users\\asus\\AppData\\Local\\Temp\\bench_runner_m1y1hrir\\runner.py\"", line 21, in <module>\n    res = decimal_gemm_naive(A, B, mul_algo=algo, cutoff=cutoff, return_counters=True)\n          ^^^^^^^^^^^^^^^^^^^^^^^^^^^^^^^^^^^^^^^^^^^^^^^^^^^^^^^^^^^^^^^^^^^^^^^^^^^^\n  File \""D:\\decimal_computer\\decimal_gemm.py\"", line 175, in decimal_gemm_naive\n    C = strassen_wrapper(A, B, cutoff=cutoff, counters=counters)\n        ^^^^^^^^^^^^^^^^^^^^^^^^^^^^^^^^^^^^^^^^^^^^^^^^^^^^^^^^\n  File \""D:\\decimal_computer\\decimal_gemm.py\"", line 117, in strassen_wrapper\n    return schoolbook_gemm(A, B, counters=counters)\n           ^^^^^^^^^^^^^^^^^^^^^^^^^^^^^^^^^^^^^^^^\n  File \""D:\\decimal_computer\\decimal_gemm.py\"", line 73, in schoolbook_gemm\n    a = _to_numpy_int_matrix(A)\n        ^^^^^^^^^^^^^^^^^^^^^^^\n  File \""D:\\decimal_computer\\decimal_gemm.py\"", line 60, in _to_numpy_int_matrix\n    return np.array([[int(x) for x in row] for row in M], dtype=np.int64)\n                    ^^^^^^^^^^^^^^^^^^^^^^^^^^^^^^^^^^^^\n  File \""D:\\decimal_computer\\decimal_gemm.py\"", line 60, in <listcomp>\n    return np.array([[int(x) for x in row] for row in M], dtype=np.int64)\n                     ^^^^^^^^^^^^^^^^^^^^^\n  File \""D:\\decimal_computer\\decimal_gemm.py\"", line 60, in <listcomp>\n    return np.array([[int(x) for x in row] for row in M], dtype=np.int64)\n                      ^^^^^^\nTypeError: int() argument must be a string, a bytes-like object or a real number, not 'list'\n\nDuring handling of the above exception, another exception occurred:\n\nTraceback (most recent call last):\n  File \""C:\\Users\\asus\\AppData\\Local\\Temp\\bench_runner_m1y1hrir\\runner.py\"", line 24, in <module>\n    res = decimal_gemm_naive(A, B, mul_algo=algo, cutoff=cutoff)\n          ^^^^^^^^^^^^^^^^^^^^^^^^^^^^^^^^^^^^^^^^^^^^^^^^^^^^^^\n  File \""D:\\decimal_computer\\decimal_gemm.py\"", line 175, in decimal_gemm_naive\n    C = strassen_wrapper(A, B, cutoff=cutoff, counters=counters)\n        ^^^^^^^^^^^^^^^^^^^^^^^^^^^^^^^^^^^^^^^^^^^^^^^^^^^^^^^^\n  File \""D:\\decimal_computer\\decimal_gemm.py\"", line 117, in strassen_wrapper\n    return schoolbook_gemm(A, B, counters=counters)\n           ^^^^^^^^^^^^^^^^^^^^^^^^^^^^^^^^^^^^^^^^\n  File \""D:\\decimal_computer\\decimal_gemm.py\"", line 73, in schoolbook_gemm\n    a = _to_numpy_int_matrix(A)\n        ^^^^^^^^^^^^^^^^^^^^^^^\n  File \""D:\\decimal_computer\\decimal_gemm.py\"", line 60, in _to_numpy_int_matrix\n    return np.array([[int(x) for x in row] for row in M], dtype=np.int64)\n                    ^^^^^^^^^^^^^^^^^^^^^^^^^^^^^^^^^^^^\n  File \""D:\\decimal_computer\\decimal_gemm.py\"", line 60, in <listcomp>\n    return np.array([[int(x) for x in row] for row in M], dtype=np.int64)\n                     ^^^^^^^^^^^^^^^^^^^^^\n  File \""D:\\decimal_computer\\decimal_gemm.py\"", line 60, in <listcomp>\n    return np.array([[int(x) for x in row] for row in M], dtype=np.int64)\n                      ^^^^^^\nTypeError: int() argument must be a string, a bytes-like object or a real number, not 'list'\n""}
",
2,4,auto,0,0.0,,,"runner_error: Traceback (most recent call last):
  File ""C:\Users\asus\AppData\Local\Temp\bench_runner_z5mal9qf\runner.py"", line 21, in <module>
    res = decimal_gemm_naive(A, B, mul_algo=algo, cutoff=cutoff, return_counters=True)
          ^^^^^^^^^^^^^^^^^^^^^^^^^^^^^^^^^^^^^^^^^^^^^^^^^^^^^^^^^^^^^^^^^^^^^^^^^^^^
  File ""D:\decimal_computer\decimal_gemm.py"", line 171, in decimal_gemm_naive
    C = schoolbook_gemm(A, B, counters=counters)
        ^^^^^^^^^^^^^^^^^^^^^^^^^^^^^^^^^^^^^^^^
  File ""D:\decimal_computer\decimal_gemm.py"", line 73, in schoolbook_gemm
    a = _to_numpy_int_matrix(A)
        ^^^^^^^^^^^^^^^^^^^^^^^
  File ""D:\decimal_computer\decimal_gemm.py"", line 60, in _to_numpy_int_matrix
    return np.array([[int(x) for x in row] for row in M], dtype=np.int64)
                    ^^^^^^^^^^^^^^^^^^^^^^^^^^^^^^^^^^^^
  File ""D:\decimal_computer\decimal_gemm.py"", line 60, in <listcomp>
    return np.array([[int(x) for x in row] for row in M], dtype=np.int64)
                     ^^^^^^^^^^^^^^^^^^^^^
  File ""D:\decimal_computer\decimal_gemm.py"", line 60, in <listcomp>
    return np.array([[int(x) for x in row] for row in M], dtype=np.int64)
                      ^^^^^^
TypeError: int() argument must be a string, a bytes-like object or a real number, not 'list'

During handling of the above exception, another exception occurred:

Traceback (most recent call last):
  File ""C:\Users\asus\AppData\Local\Temp\bench_runner_z5mal9qf\runner.py"", line 24, in <module>
    res = decimal_gemm_naive(A, B, mul_algo=algo, cutoff=cutoff)
          ^^^^^^^^^^^^^^^^^^^^^^^^^^^^^^^^^^^^^^^^^^^^^^^^^^^^^^
  File ""D:\decimal_computer\decimal_gemm.py"", line 171, in decimal_gemm_naive
    C = schoolbook_gemm(A, B, counters=counters)
        ^^^^^^^^^^^^^^^^^^^^^^^^^^^^^^^^^^^^^^^^
  File ""D:\decimal_computer\decimal_gemm.py"", line 73, in schoolbook_gemm
    a = _to_numpy_int_matrix(A)
        ^^^^^^^^^^^^^^^^^^^^^^^
  File ""D:\decimal_computer\decimal_gemm.py"", line 60, in _to_numpy_int_matrix
    return np.array([[int(x) for x in row] for row in M], dtype=np.int64)
                    ^^^^^^^^^^^^^^^^^^^^^^^^^^^^^^^^^^^^
  File ""D:\decimal_computer\decimal_gemm.py"", line 60, in <listcomp>
    return np.array([[int(x) for x in row] for row in M], dtype=np.int64)
                     ^^^^^^^^^^^^^^^^^^^^^
  File ""D:\decimal_computer\decimal_gemm.py"", line 60, in <listcomp>
    return np.array([[int(x) for x in row] for row in M], dtype=np.int64)
                      ^^^^^^
TypeError: int() argument must be a string, a bytes-like object or a real number, not 'list'
",4,,,"{""ok"": false, ""error"": ""call_failed"", ""trace"": ""Traceback (most recent call last):\n  File \""C:\\Users\\asus\\AppData\\Local\\Temp\\bench_runner_z5mal9qf\\runner.py\"", line 21, in <module>\n    res = decimal_gemm_naive(A, B, mul_algo=algo, cutoff=cutoff, return_counters=True)\n          ^^^^^^^^^^^^^^^^^^^^^^^^^^^^^^^^^^^^^^^^^^^^^^^^^^^^^^^^^^^^^^^^^^^^^^^^^^^^\n  File \""D:\\decimal_computer\\decimal_gemm.py\"", line 171, in decimal_gemm_naive\n    C = schoolbook_gemm(A, B, counters=counters)\n        ^^^^^^^^^^^^^^^^^^^^^^^^^^^^^^^^^^^^^^^^\n  File \""D:\\decimal_computer\\decimal_gemm.py\"", line 73, in schoolbook_gemm\n    a = _to_numpy_int_matrix(A)\n        ^^^^^^^^^^^^^^^^^^^^^^^\n  File \""D:\\decimal_computer\\decimal_gemm.py\"", line 60, in _to_numpy_int_matrix\n    return np.array([[int(x) for x in row] for row in M], dtype=np.int64)\n                    ^^^^^^^^^^^^^^^^^^^^^^^^^^^^^^^^^^^^\n  File \""D:\\decimal_computer\\decimal_gemm.py\"", line 60, in <listcomp>\n    return np.array([[int(x) for x in row] for row in M], dtype=np.int64)\n                     ^^^^^^^^^^^^^^^^^^^^^\n  File \""D:\\decimal_computer\\decimal_gemm.py\"", line 60, in <listcomp>\n    return np.array([[int(x) for x in row] for row in M], dtype=np.int64)\n                      ^^^^^^\nTypeError: int() argument must be a string, a bytes-like object or a real number, not 'list'\n\nDuring handling of the above exception, another exception occurred:\n\nTraceback (most recent call last):\n  File \""C:\\Users\\asus\\AppData\\Local\\Temp\\bench_runner_z5mal9qf\\runner.py\"", line 24, in <module>\n    res = decimal_gemm_naive(A, B, mul_algo=algo, cutoff=cutoff)\n          ^^^^^^^^^^^^^^^^^^^^^^^^^^^^^^^^^^^^^^^^^^^^^^^^^^^^^^\n  File \""D:\\decimal_computer\\decimal_gemm.py\"", line 171, in decimal_gemm_naive\n    C = schoolbook_gemm(A, B, counters=counters)\n        ^^^^^^^^^^^^^^^^^^^^^^^^^^^^^^^^^^^^^^^^\n  File \""D:\\decimal_computer\\decimal_gemm.py\"", line 73, in schoolbook_gemm\n    a = _to_numpy_int_matrix(A)\n        ^^^^^^^^^^^^^^^^^^^^^^^\n  File \""D:\\decimal_computer\\decimal_gemm.py\"", line 60, in _to_numpy_int_matrix\n    return np.array([[int(x) for x in row] for row in M], dtype=np.int64)\n                    ^^^^^^^^^^^^^^^^^^^^^^^^^^^^^^^^^^^^\n  File \""D:\\decimal_computer\\decimal_gemm.py\"", line 60, in <listcomp>\n    return np.array([[int(x) for x in row] for row in M], dtype=np.int64)\n                     ^^^^^^^^^^^^^^^^^^^^^\n  File \""D:\\decimal_computer\\decimal_gemm.py\"", line 60, in <listcomp>\n    return np.array([[int(x) for x in row] for row in M], dtype=np.int64)\n                      ^^^^^^\nTypeError: int() argument must be a string, a bytes-like object or a real number, not 'list'\n""}
","[decimal_gemm] auto-selected algo='schoolbook' max_digit_len=None cutoff=None
[decimal_gemm] auto-selected algo='schoolbook' max_digit_len=None cutoff=None
"
2,4,schoolbook,0,0.0,,,"runner_error: Traceback (most recent call last):
  File ""C:\Users\asus\AppData\Local\Temp\bench_runner_65hgnbdl\runner.py"", line 21, in <module>
    res = decimal_gemm_naive(A, B, mul_algo=algo, cutoff=cutoff, return_counters=True)
          ^^^^^^^^^^^^^^^^^^^^^^^^^^^^^^^^^^^^^^^^^^^^^^^^^^^^^^^^^^^^^^^^^^^^^^^^^^^^
  File ""D:\decimal_computer\decimal_gemm.py"", line 171, in decimal_gemm_naive
    C = schoolbook_gemm(A, B, counters=counters)
        ^^^^^^^^^^^^^^^^^^^^^^^^^^^^^^^^^^^^^^^^
  File ""D:\decimal_computer\decimal_gemm.py"", line 73, in schoolbook_gemm
    a = _to_numpy_int_matrix(A)
        ^^^^^^^^^^^^^^^^^^^^^^^
  File ""D:\decimal_computer\decimal_gemm.py"", line 60, in _to_numpy_int_matrix
    return np.array([[int(x) for x in row] for row in M], dtype=np.int64)
                    ^^^^^^^^^^^^^^^^^^^^^^^^^^^^^^^^^^^^
  File ""D:\decimal_computer\decimal_gemm.py"", line 60, in <listcomp>
    return np.array([[int(x) for x in row] for row in M], dtype=np.int64)
                     ^^^^^^^^^^^^^^^^^^^^^
  File ""D:\decimal_computer\decimal_gemm.py"", line 60, in <listcomp>
    return np.array([[int(x) for x in row] for row in M], dtype=np.int64)
                      ^^^^^^
TypeError: int() argument must be a string, a bytes-like object or a real number, not 'list'

During handling of the above exception, another exception occurred:

Traceback (most recent call last):
  File ""C:\Users\asus\AppData\Local\Temp\bench_runner_65hgnbdl\runner.py"", line 24, in <module>
    res = decimal_gemm_naive(A, B, mul_algo=algo, cutoff=cutoff)
          ^^^^^^^^^^^^^^^^^^^^^^^^^^^^^^^^^^^^^^^^^^^^^^^^^^^^^^
  File ""D:\decimal_computer\decimal_gemm.py"", line 171, in decimal_gemm_naive
    C = schoolbook_gemm(A, B, counters=counters)
        ^^^^^^^^^^^^^^^^^^^^^^^^^^^^^^^^^^^^^^^^
  File ""D:\decimal_computer\decimal_gemm.py"", line 73, in schoolbook_gemm
    a = _to_numpy_int_matrix(A)
        ^^^^^^^^^^^^^^^^^^^^^^^
  File ""D:\decimal_computer\decimal_gemm.py"", line 60, in _to_numpy_int_matrix
    return np.array([[int(x) for x in row] for row in M], dtype=np.int64)
                    ^^^^^^^^^^^^^^^^^^^^^^^^^^^^^^^^^^^^
  File ""D:\decimal_computer\decimal_gemm.py"", line 60, in <listcomp>
    return np.array([[int(x) for x in row] for row in M], dtype=np.int64)
                     ^^^^^^^^^^^^^^^^^^^^^
  File ""D:\decimal_computer\decimal_gemm.py"", line 60, in <listcomp>
    return np.array([[int(x) for x in row] for row in M], dtype=np.int64)
                      ^^^^^^
TypeError: int() argument must be a string, a bytes-like object or a real number, not 'list'
",4,,,"{""ok"": false, ""error"": ""call_failed"", ""trace"": ""Traceback (most recent call last):\n  File \""C:\\Users\\asus\\AppData\\Local\\Temp\\bench_runner_65hgnbdl\\runner.py\"", line 21, in <module>\n    res = decimal_gemm_naive(A, B, mul_algo=algo, cutoff=cutoff, return_counters=True)\n          ^^^^^^^^^^^^^^^^^^^^^^^^^^^^^^^^^^^^^^^^^^^^^^^^^^^^^^^^^^^^^^^^^^^^^^^^^^^^\n  File \""D:\\decimal_computer\\decimal_gemm.py\"", line 171, in decimal_gemm_naive\n    C = schoolbook_gemm(A, B, counters=counters)\n        ^^^^^^^^^^^^^^^^^^^^^^^^^^^^^^^^^^^^^^^^\n  File \""D:\\decimal_computer\\decimal_gemm.py\"", line 73, in schoolbook_gemm\n    a = _to_numpy_int_matrix(A)\n        ^^^^^^^^^^^^^^^^^^^^^^^\n  File \""D:\\decimal_computer\\decimal_gemm.py\"", line 60, in _to_numpy_int_matrix\n    return np.array([[int(x) for x in row] for row in M], dtype=np.int64)\n                    ^^^^^^^^^^^^^^^^^^^^^^^^^^^^^^^^^^^^\n  File \""D:\\decimal_computer\\decimal_gemm.py\"", line 60, in <listcomp>\n    return np.array([[int(x) for x in row] for row in M], dtype=np.int64)\n                     ^^^^^^^^^^^^^^^^^^^^^\n  File \""D:\\decimal_computer\\decimal_gemm.py\"", line 60, in <listcomp>\n    return np.array([[int(x) for x in row] for row in M], dtype=np.int64)\n                      ^^^^^^\nTypeError: int() argument must be a string, a bytes-like object or a real number, not 'list'\n\nDuring handling of the above exception, another exception occurred:\n\nTraceback (most recent call last):\n  File \""C:\\Users\\asus\\AppData\\Local\\Temp\\bench_runner_65hgnbdl\\runner.py\"", line 24, in <module>\n    res = decimal_gemm_naive(A, B, mul_algo=algo, cutoff=cutoff)\n          ^^^^^^^^^^^^^^^^^^^^^^^^^^^^^^^^^^^^^^^^^^^^^^^^^^^^^^\n  File \""D:\\decimal_computer\\decimal_gemm.py\"", line 171, in decimal_gemm_naive\n    C = schoolbook_gemm(A, B, counters=counters)\n        ^^^^^^^^^^^^^^^^^^^^^^^^^^^^^^^^^^^^^^^^\n  File \""D:\\decimal_computer\\decimal_gemm.py\"", line 73, in schoolbook_gemm\n    a = _to_numpy_int_matrix(A)\n        ^^^^^^^^^^^^^^^^^^^^^^^\n  File \""D:\\decimal_computer\\decimal_gemm.py\"", line 60, in _to_numpy_int_matrix\n    return np.array([[int(x) for x in row] for row in M], dtype=np.int64)\n                    ^^^^^^^^^^^^^^^^^^^^^^^^^^^^^^^^^^^^\n  File \""D:\\decimal_computer\\decimal_gemm.py\"", line 60, in <listcomp>\n    return np.array([[int(x) for x in row] for row in M], dtype=np.int64)\n                     ^^^^^^^^^^^^^^^^^^^^^\n  File \""D:\\decimal_computer\\decimal_gemm.py\"", line 60, in <listcomp>\n    return np.array([[int(x) for x in row] for row in M], dtype=np.int64)\n                      ^^^^^^\nTypeError: int() argument must be a string, a bytes-like object or a real number, not 'list'\n""}
",
2,4,karatsuba,0,0.0,,,"runner_error: Traceback (most recent call last):
  File ""C:\Users\asus\AppData\Local\Temp\bench_runner_ryubpr8b\runner.py"", line 21, in <module>
    res = decimal_gemm_naive(A, B, mul_algo=algo, cutoff=cutoff, return_counters=True)
          ^^^^^^^^^^^^^^^^^^^^^^^^^^^^^^^^^^^^^^^^^^^^^^^^^^^^^^^^^^^^^^^^^^^^^^^^^^^^
  File ""D:\decimal_computer\decimal_gemm.py"", line 173, in decimal_gemm_naive
    C = karatsuba_gemm(A, B, cutoff=cutoff, counters=counters)
        ^^^^^^^^^^^^^^^^^^^^^^^^^^^^^^^^^^^^^^^^^^^^^^^^^^^^^^
  File ""D:\decimal_computer\decimal_gemm.py"", line 103, in karatsuba_gemm
    return schoolbook_gemm(A, B, counters=counters)
           ^^^^^^^^^^^^^^^^^^^^^^^^^^^^^^^^^^^^^^^^
  File ""D:\decimal_computer\decimal_gemm.py"", line 73, in schoolbook_gemm
    a = _to_numpy_int_matrix(A)
        ^^^^^^^^^^^^^^^^^^^^^^^
  File ""D:\decimal_computer\decimal_gemm.py"", line 60, in _to_numpy_int_matrix
    return np.array([[int(x) for x in row] for row in M], dtype=np.int64)
                    ^^^^^^^^^^^^^^^^^^^^^^^^^^^^^^^^^^^^
  File ""D:\decimal_computer\decimal_gemm.py"", line 60, in <listcomp>
    return np.array([[int(x) for x in row] for row in M], dtype=np.int64)
                     ^^^^^^^^^^^^^^^^^^^^^
  File ""D:\decimal_computer\decimal_gemm.py"", line 60, in <listcomp>
    return np.array([[int(x) for x in row] for row in M], dtype=np.int64)
                      ^^^^^^
TypeError: int() argument must be a string, a bytes-like object or a real number, not 'list'

During handling of the above exception, another exception occurred:

Traceback (most recent call last):
  File ""C:\Users\asus\AppData\Local\Temp\bench_runner_ryubpr8b\runner.py"", line 24, in <module>
    res = decimal_gemm_naive(A, B, mul_algo=algo, cutoff=cutoff)
          ^^^^^^^^^^^^^^^^^^^^^^^^^^^^^^^^^^^^^^^^^^^^^^^^^^^^^^
  File ""D:\decimal_computer\decimal_gemm.py"", line 173, in decimal_gemm_naive
    C = karatsuba_gemm(A, B, cutoff=cutoff, counters=counters)
        ^^^^^^^^^^^^^^^^^^^^^^^^^^^^^^^^^^^^^^^^^^^^^^^^^^^^^^
  File ""D:\decimal_computer\decimal_gemm.py"", line 103, in karatsuba_gemm
    return schoolbook_gemm(A, B, counters=counters)
           ^^^^^^^^^^^^^^^^^^^^^^^^^^^^^^^^^^^^^^^^
  File ""D:\decimal_computer\decimal_gemm.py"", line 73, in schoolbook_gemm
    a = _to_numpy_int_matrix(A)
        ^^^^^^^^^^^^^^^^^^^^^^^
  File ""D:\decimal_computer\decimal_gemm.py"", line 60, in _to_numpy_int_matrix
    return np.array([[int(x) for x in row] for row in M], dtype=np.int64)
                    ^^^^^^^^^^^^^^^^^^^^^^^^^^^^^^^^^^^^
  File ""D:\decimal_computer\decimal_gemm.py"", line 60, in <listcomp>
    return np.array([[int(x) for x in row] for row in M], dtype=np.int64)
                     ^^^^^^^^^^^^^^^^^^^^^
  File ""D:\decimal_computer\decimal_gemm.py"", line 60, in <listcomp>
    return np.array([[int(x) for x in row] for row in M], dtype=np.int64)
                      ^^^^^^
TypeError: int() argument must be a string, a bytes-like object or a real number, not 'list'
",4,,,"{""ok"": false, ""error"": ""call_failed"", ""trace"": ""Traceback (most recent call last):\n  File \""C:\\Users\\asus\\AppData\\Local\\Temp\\bench_runner_ryubpr8b\\runner.py\"", line 21, in <module>\n    res = decimal_gemm_naive(A, B, mul_algo=algo, cutoff=cutoff, return_counters=True)\n          ^^^^^^^^^^^^^^^^^^^^^^^^^^^^^^^^^^^^^^^^^^^^^^^^^^^^^^^^^^^^^^^^^^^^^^^^^^^^\n  File \""D:\\decimal_computer\\decimal_gemm.py\"", line 173, in decimal_gemm_naive\n    C = karatsuba_gemm(A, B, cutoff=cutoff, counters=counters)\n        ^^^^^^^^^^^^^^^^^^^^^^^^^^^^^^^^^^^^^^^^^^^^^^^^^^^^^^\n  File \""D:\\decimal_computer\\decimal_gemm.py\"", line 103, in karatsuba_gemm\n    return schoolbook_gemm(A, B, counters=counters)\n           ^^^^^^^^^^^^^^^^^^^^^^^^^^^^^^^^^^^^^^^^\n  File \""D:\\decimal_computer\\decimal_gemm.py\"", line 73, in schoolbook_gemm\n    a = _to_numpy_int_matrix(A)\n        ^^^^^^^^^^^^^^^^^^^^^^^\n  File \""D:\\decimal_computer\\decimal_gemm.py\"", line 60, in _to_numpy_int_matrix\n    return np.array([[int(x) for x in row] for row in M], dtype=np.int64)\n                    ^^^^^^^^^^^^^^^^^^^^^^^^^^^^^^^^^^^^\n  File \""D:\\decimal_computer\\decimal_gemm.py\"", line 60, in <listcomp>\n    return np.array([[int(x) for x in row] for row in M], dtype=np.int64)\n                     ^^^^^^^^^^^^^^^^^^^^^\n  File \""D:\\decimal_computer\\decimal_gemm.py\"", line 60, in <listcomp>\n    return np.array([[int(x) for x in row] for row in M], dtype=np.int64)\n                      ^^^^^^\nTypeError: int() argument must be a string, a bytes-like object or a real number, not 'list'\n\nDuring handling of the above exception, another exception occurred:\n\nTraceback (most recent call last):\n  File \""C:\\Users\\asus\\AppData\\Local\\Temp\\bench_runner_ryubpr8b\\runner.py\"", line 24, in <module>\n    res = decimal_gemm_naive(A, B, mul_algo=algo, cutoff=cutoff)\n          ^^^^^^^^^^^^^^^^^^^^^^^^^^^^^^^^^^^^^^^^^^^^^^^^^^^^^^\n  File \""D:\\decimal_computer\\decimal_gemm.py\"", line 173, in decimal_gemm_naive\n    C = karatsuba_gemm(A, B, cutoff=cutoff, counters=counters)\n        ^^^^^^^^^^^^^^^^^^^^^^^^^^^^^^^^^^^^^^^^^^^^^^^^^^^^^^\n  File \""D:\\decimal_computer\\decimal_gemm.py\"", line 103, in karatsuba_gemm\n    return schoolbook_gemm(A, B, counters=counters)\n           ^^^^^^^^^^^^^^^^^^^^^^^^^^^^^^^^^^^^^^^^\n  File \""D:\\decimal_computer\\decimal_gemm.py\"", line 73, in schoolbook_gemm\n    a = _to_numpy_int_matrix(A)\n        ^^^^^^^^^^^^^^^^^^^^^^^\n  File \""D:\\decimal_computer\\decimal_gemm.py\"", line 60, in _to_numpy_int_matrix\n    return np.array([[int(x) for x in row] for row in M], dtype=np.int64)\n                    ^^^^^^^^^^^^^^^^^^^^^^^^^^^^^^^^^^^^\n  File \""D:\\decimal_computer\\decimal_gemm.py\"", line 60, in <listcomp>\n    return np.array([[int(x) for x in row] for row in M], dtype=np.int64)\n                     ^^^^^^^^^^^^^^^^^^^^^\n  File \""D:\\decimal_computer\\decimal_gemm.py\"", line 60, in <listcomp>\n    return np.array([[int(x) for x in row] for row in M], dtype=np.int64)\n                      ^^^^^^\nTypeError: int() argument must be a string, a bytes-like object or a real number, not 'list'\n""}
",
2,4,strassen,0,0.0,,,"runner_error: Traceback (most recent call last):
  File ""C:\Users\asus\AppData\Local\Temp\bench_runner_n42qtifi\runner.py"", line 21, in <module>
    res = decimal_gemm_naive(A, B, mul_algo=algo, cutoff=cutoff, return_counters=True)
          ^^^^^^^^^^^^^^^^^^^^^^^^^^^^^^^^^^^^^^^^^^^^^^^^^^^^^^^^^^^^^^^^^^^^^^^^^^^^
  File ""D:\decimal_computer\decimal_gemm.py"", line 175, in decimal_gemm_naive
    C = strassen_wrapper(A, B, cutoff=cutoff, counters=counters)
        ^^^^^^^^^^^^^^^^^^^^^^^^^^^^^^^^^^^^^^^^^^^^^^^^^^^^^^^^
  File ""D:\decimal_computer\decimal_gemm.py"", line 117, in strassen_wrapper
    return schoolbook_gemm(A, B, counters=counters)
           ^^^^^^^^^^^^^^^^^^^^^^^^^^^^^^^^^^^^^^^^
  File ""D:\decimal_computer\decimal_gemm.py"", line 73, in schoolbook_gemm
    a = _to_numpy_int_matrix(A)
        ^^^^^^^^^^^^^^^^^^^^^^^
  File ""D:\decimal_computer\decimal_gemm.py"", line 60, in _to_numpy_int_matrix
    return np.array([[int(x) for x in row] for row in M], dtype=np.int64)
                    ^^^^^^^^^^^^^^^^^^^^^^^^^^^^^^^^^^^^
  File ""D:\decimal_computer\decimal_gemm.py"", line 60, in <listcomp>
    return np.array([[int(x) for x in row] for row in M], dtype=np.int64)
                     ^^^^^^^^^^^^^^^^^^^^^
  File ""D:\decimal_computer\decimal_gemm.py"", line 60, in <listcomp>
    return np.array([[int(x) for x in row] for row in M], dtype=np.int64)
                      ^^^^^^
TypeError: int() argument must be a string, a bytes-like object or a real number, not 'list'

During handling of the above exception, another exception occurred:

Traceback (most recent call last):
  File ""C:\Users\asus\AppData\Local\Temp\bench_runner_n42qtifi\runner.py"", line 24, in <module>
    res = decimal_gemm_naive(A, B, mul_algo=algo, cutoff=cutoff)
          ^^^^^^^^^^^^^^^^^^^^^^^^^^^^^^^^^^^^^^^^^^^^^^^^^^^^^^
  File ""D:\decimal_computer\decimal_gemm.py"", line 175, in decimal_gemm_naive
    C = strassen_wrapper(A, B, cutoff=cutoff, counters=counters)
        ^^^^^^^^^^^^^^^^^^^^^^^^^^^^^^^^^^^^^^^^^^^^^^^^^^^^^^^^
  File ""D:\decimal_computer\decimal_gemm.py"", line 117, in strassen_wrapper
    return schoolbook_gemm(A, B, counters=counters)
           ^^^^^^^^^^^^^^^^^^^^^^^^^^^^^^^^^^^^^^^^
  File ""D:\decimal_computer\decimal_gemm.py"", line 73, in schoolbook_gemm
    a = _to_numpy_int_matrix(A)
        ^^^^^^^^^^^^^^^^^^^^^^^
  File ""D:\decimal_computer\decimal_gemm.py"", line 60, in _to_numpy_int_matrix
    return np.array([[int(x) for x in row] for row in M], dtype=np.int64)
                    ^^^^^^^^^^^^^^^^^^^^^^^^^^^^^^^^^^^^
  File ""D:\decimal_computer\decimal_gemm.py"", line 60, in <listcomp>
    return np.array([[int(x) for x in row] for row in M], dtype=np.int64)
                     ^^^^^^^^^^^^^^^^^^^^^
  File ""D:\decimal_computer\decimal_gemm.py"", line 60, in <listcomp>
    return np.array([[int(x) for x in row] for row in M], dtype=np.int64)
                      ^^^^^^
TypeError: int() argument must be a string, a bytes-like object or a real number, not 'list'
",4,,,"{""ok"": false, ""error"": ""call_failed"", ""trace"": ""Traceback (most recent call last):\n  File \""C:\\Users\\asus\\AppData\\Local\\Temp\\bench_runner_n42qtifi\\runner.py\"", line 21, in <module>\n    res = decimal_gemm_naive(A, B, mul_algo=algo, cutoff=cutoff, return_counters=True)\n          ^^^^^^^^^^^^^^^^^^^^^^^^^^^^^^^^^^^^^^^^^^^^^^^^^^^^^^^^^^^^^^^^^^^^^^^^^^^^\n  File \""D:\\decimal_computer\\decimal_gemm.py\"", line 175, in decimal_gemm_naive\n    C = strassen_wrapper(A, B, cutoff=cutoff, counters=counters)\n        ^^^^^^^^^^^^^^^^^^^^^^^^^^^^^^^^^^^^^^^^^^^^^^^^^^^^^^^^\n  File \""D:\\decimal_computer\\decimal_gemm.py\"", line 117, in strassen_wrapper\n    return schoolbook_gemm(A, B, counters=counters)\n           ^^^^^^^^^^^^^^^^^^^^^^^^^^^^^^^^^^^^^^^^\n  File \""D:\\decimal_computer\\decimal_gemm.py\"", line 73, in schoolbook_gemm\n    a = _to_numpy_int_matrix(A)\n        ^^^^^^^^^^^^^^^^^^^^^^^\n  File \""D:\\decimal_computer\\decimal_gemm.py\"", line 60, in _to_numpy_int_matrix\n    return np.array([[int(x) for x in row] for row in M], dtype=np.int64)\n                    ^^^^^^^^^^^^^^^^^^^^^^^^^^^^^^^^^^^^\n  File \""D:\\decimal_computer\\decimal_gemm.py\"", line 60, in <listcomp>\n    return np.array([[int(x) for x in row] for row in M], dtype=np.int64)\n                     ^^^^^^^^^^^^^^^^^^^^^\n  File \""D:\\decimal_computer\\decimal_gemm.py\"", line 60, in <listcomp>\n    return np.array([[int(x) for x in row] for row in M], dtype=np.int64)\n                      ^^^^^^\nTypeError: int() argument must be a string, a bytes-like object or a real number, not 'list'\n\nDuring handling of the above exception, another exception occurred:\n\nTraceback (most recent call last):\n  File \""C:\\Users\\asus\\AppData\\Local\\Temp\\bench_runner_n42qtifi\\runner.py\"", line 24, in <module>\n    res = decimal_gemm_naive(A, B, mul_algo=algo, cutoff=cutoff)\n          ^^^^^^^^^^^^^^^^^^^^^^^^^^^^^^^^^^^^^^^^^^^^^^^^^^^^^^\n  File \""D:\\decimal_computer\\decimal_gemm.py\"", line 175, in decimal_gemm_naive\n    C = strassen_wrapper(A, B, cutoff=cutoff, counters=counters)\n        ^^^^^^^^^^^^^^^^^^^^^^^^^^^^^^^^^^^^^^^^^^^^^^^^^^^^^^^^\n  File \""D:\\decimal_computer\\decimal_gemm.py\"", line 117, in strassen_wrapper\n    return schoolbook_gemm(A, B, counters=counters)\n           ^^^^^^^^^^^^^^^^^^^^^^^^^^^^^^^^^^^^^^^^\n  File \""D:\\decimal_computer\\decimal_gemm.py\"", line 73, in schoolbook_gemm\n    a = _to_numpy_int_matrix(A)\n        ^^^^^^^^^^^^^^^^^^^^^^^\n  File \""D:\\decimal_computer\\decimal_gemm.py\"", line 60, in _to_numpy_int_matrix\n    return np.array([[int(x) for x in row] for row in M], dtype=np.int64)\n                    ^^^^^^^^^^^^^^^^^^^^^^^^^^^^^^^^^^^^\n  File \""D:\\decimal_computer\\decimal_gemm.py\"", line 60, in <listcomp>\n    return np.array([[int(x) for x in row] for row in M], dtype=np.int64)\n                     ^^^^^^^^^^^^^^^^^^^^^\n  File \""D:\\decimal_computer\\decimal_gemm.py\"", line 60, in <listcomp>\n    return np.array([[int(x) for x in row] for row in M], dtype=np.int64)\n                      ^^^^^^\nTypeError: int() argument must be a string, a bytes-like object or a real number, not 'list'\n""}
",
4,4,auto,0,0.0,,,"runner_error: Traceback (most recent call last):
  File ""C:\Users\asus\AppData\Local\Temp\bench_runner_chqv0dua\runner.py"", line 21, in <module>
    res = decimal_gemm_naive(A, B, mul_algo=algo, cutoff=cutoff, return_counters=True)
          ^^^^^^^^^^^^^^^^^^^^^^^^^^^^^^^^^^^^^^^^^^^^^^^^^^^^^^^^^^^^^^^^^^^^^^^^^^^^
  File ""D:\decimal_computer\decimal_gemm.py"", line 171, in decimal_gemm_naive
    C = schoolbook_gemm(A, B, counters=counters)
        ^^^^^^^^^^^^^^^^^^^^^^^^^^^^^^^^^^^^^^^^
  File ""D:\decimal_computer\decimal_gemm.py"", line 73, in schoolbook_gemm
    a = _to_numpy_int_matrix(A)
        ^^^^^^^^^^^^^^^^^^^^^^^
  File ""D:\decimal_computer\decimal_gemm.py"", line 60, in _to_numpy_int_matrix
    return np.array([[int(x) for x in row] for row in M], dtype=np.int64)
                    ^^^^^^^^^^^^^^^^^^^^^^^^^^^^^^^^^^^^
  File ""D:\decimal_computer\decimal_gemm.py"", line 60, in <listcomp>
    return np.array([[int(x) for x in row] for row in M], dtype=np.int64)
                     ^^^^^^^^^^^^^^^^^^^^^
  File ""D:\decimal_computer\decimal_gemm.py"", line 60, in <listcomp>
    return np.array([[int(x) for x in row] for row in M], dtype=np.int64)
                      ^^^^^^
TypeError: int() argument must be a string, a bytes-like object or a real number, not 'list'

During handling of the above exception, another exception occurred:

Traceback (most recent call last):
  File ""C:\Users\asus\AppData\Local\Temp\bench_runner_chqv0dua\runner.py"", line 24, in <module>
    res = decimal_gemm_naive(A, B, mul_algo=algo, cutoff=cutoff)
          ^^^^^^^^^^^^^^^^^^^^^^^^^^^^^^^^^^^^^^^^^^^^^^^^^^^^^^
  File ""D:\decimal_computer\decimal_gemm.py"", line 171, in decimal_gemm_naive
    C = schoolbook_gemm(A, B, counters=counters)
        ^^^^^^^^^^^^^^^^^^^^^^^^^^^^^^^^^^^^^^^^
  File ""D:\decimal_computer\decimal_gemm.py"", line 73, in schoolbook_gemm
    a = _to_numpy_int_matrix(A)
        ^^^^^^^^^^^^^^^^^^^^^^^
  File ""D:\decimal_computer\decimal_gemm.py"", line 60, in _to_numpy_int_matrix
    return np.array([[int(x) for x in row] for row in M], dtype=np.int64)
                    ^^^^^^^^^^^^^^^^^^^^^^^^^^^^^^^^^^^^
  File ""D:\decimal_computer\decimal_gemm.py"", line 60, in <listcomp>
    return np.array([[int(x) for x in row] for row in M], dtype=np.int64)
                     ^^^^^^^^^^^^^^^^^^^^^
  File ""D:\decimal_computer\decimal_gemm.py"", line 60, in <listcomp>
    return np.array([[int(x) for x in row] for row in M], dtype=np.int64)
                      ^^^^^^
TypeError: int() argument must be a string, a bytes-like object or a real number, not 'list'
",4,,,"{""ok"": false, ""error"": ""call_failed"", ""trace"": ""Traceback (most recent call last):\n  File \""C:\\Users\\asus\\AppData\\Local\\Temp\\bench_runner_chqv0dua\\runner.py\"", line 21, in <module>\n    res = decimal_gemm_naive(A, B, mul_algo=algo, cutoff=cutoff, return_counters=True)\n          ^^^^^^^^^^^^^^^^^^^^^^^^^^^^^^^^^^^^^^^^^^^^^^^^^^^^^^^^^^^^^^^^^^^^^^^^^^^^\n  File \""D:\\decimal_computer\\decimal_gemm.py\"", line 171, in decimal_gemm_naive\n    C = schoolbook_gemm(A, B, counters=counters)\n        ^^^^^^^^^^^^^^^^^^^^^^^^^^^^^^^^^^^^^^^^\n  File \""D:\\decimal_computer\\decimal_gemm.py\"", line 73, in schoolbook_gemm\n    a = _to_numpy_int_matrix(A)\n        ^^^^^^^^^^^^^^^^^^^^^^^\n  File \""D:\\decimal_computer\\decimal_gemm.py\"", line 60, in _to_numpy_int_matrix\n    return np.array([[int(x) for x in row] for row in M], dtype=np.int64)\n                    ^^^^^^^^^^^^^^^^^^^^^^^^^^^^^^^^^^^^\n  File \""D:\\decimal_computer\\decimal_gemm.py\"", line 60, in <listcomp>\n    return np.array([[int(x) for x in row] for row in M], dtype=np.int64)\n                     ^^^^^^^^^^^^^^^^^^^^^\n  File \""D:\\decimal_computer\\decimal_gemm.py\"", line 60, in <listcomp>\n    return np.array([[int(x) for x in row] for row in M], dtype=np.int64)\n                      ^^^^^^\nTypeError: int() argument must be a string, a bytes-like object or a real number, not 'list'\n\nDuring handling of the above exception, another exception occurred:\n\nTraceback (most recent call last):\n  File \""C:\\Users\\asus\\AppData\\Local\\Temp\\bench_runner_chqv0dua\\runner.py\"", line 24, in <module>\n    res = decimal_gemm_naive(A, B, mul_algo=algo, cutoff=cutoff)\n          ^^^^^^^^^^^^^^^^^^^^^^^^^^^^^^^^^^^^^^^^^^^^^^^^^^^^^^\n  File \""D:\\decimal_computer\\decimal_gemm.py\"", line 171, in decimal_gemm_naive\n    C = schoolbook_gemm(A, B, counters=counters)\n        ^^^^^^^^^^^^^^^^^^^^^^^^^^^^^^^^^^^^^^^^\n  File \""D:\\decimal_computer\\decimal_gemm.py\"", line 73, in schoolbook_gemm\n    a = _to_numpy_int_matrix(A)\n        ^^^^^^^^^^^^^^^^^^^^^^^\n  File \""D:\\decimal_computer\\decimal_gemm.py\"", line 60, in _to_numpy_int_matrix\n    return np.array([[int(x) for x in row] for row in M], dtype=np.int64)\n                    ^^^^^^^^^^^^^^^^^^^^^^^^^^^^^^^^^^^^\n  File \""D:\\decimal_computer\\decimal_gemm.py\"", line 60, in <listcomp>\n    return np.array([[int(x) for x in row] for row in M], dtype=np.int64)\n                     ^^^^^^^^^^^^^^^^^^^^^\n  File \""D:\\decimal_computer\\decimal_gemm.py\"", line 60, in <listcomp>\n    return np.array([[int(x) for x in row] for row in M], dtype=np.int64)\n                      ^^^^^^\nTypeError: int() argument must be a string, a bytes-like object or a real number, not 'list'\n""}
","[decimal_gemm] auto-selected algo='schoolbook' max_digit_len=None cutoff=None
[decimal_gemm] auto-selected algo='schoolbook' max_digit_len=None cutoff=None
"
4,4,schoolbook,0,0.0,,,"runner_error: Traceback (most recent call last):
  File ""C:\Users\asus\AppData\Local\Temp\bench_runner_lw1m8qxf\runner.py"", line 21, in <module>
    res = decimal_gemm_naive(A, B, mul_algo=algo, cutoff=cutoff, return_counters=True)
          ^^^^^^^^^^^^^^^^^^^^^^^^^^^^^^^^^^^^^^^^^^^^^^^^^^^^^^^^^^^^^^^^^^^^^^^^^^^^
  File ""D:\decimal_computer\decimal_gemm.py"", line 171, in decimal_gemm_naive
    C = schoolbook_gemm(A, B, counters=counters)
        ^^^^^^^^^^^^^^^^^^^^^^^^^^^^^^^^^^^^^^^^
  File ""D:\decimal_computer\decimal_gemm.py"", line 73, in schoolbook_gemm
    a = _to_numpy_int_matrix(A)
        ^^^^^^^^^^^^^^^^^^^^^^^
  File ""D:\decimal_computer\decimal_gemm.py"", line 60, in _to_numpy_int_matrix
    return np.array([[int(x) for x in row] for row in M], dtype=np.int64)
                    ^^^^^^^^^^^^^^^^^^^^^^^^^^^^^^^^^^^^
  File ""D:\decimal_computer\decimal_gemm.py"", line 60, in <listcomp>
    return np.array([[int(x) for x in row] for row in M], dtype=np.int64)
                     ^^^^^^^^^^^^^^^^^^^^^
  File ""D:\decimal_computer\decimal_gemm.py"", line 60, in <listcomp>
    return np.array([[int(x) for x in row] for row in M], dtype=np.int64)
                      ^^^^^^
TypeError: int() argument must be a string, a bytes-like object or a real number, not 'list'

During handling of the above exception, another exception occurred:

Traceback (most recent call last):
  File ""C:\Users\asus\AppData\Local\Temp\bench_runner_lw1m8qxf\runner.py"", line 24, in <module>
    res = decimal_gemm_naive(A, B, mul_algo=algo, cutoff=cutoff)
          ^^^^^^^^^^^^^^^^^^^^^^^^^^^^^^^^^^^^^^^^^^^^^^^^^^^^^^
  File ""D:\decimal_computer\decimal_gemm.py"", line 171, in decimal_gemm_naive
    C = schoolbook_gemm(A, B, counters=counters)
        ^^^^^^^^^^^^^^^^^^^^^^^^^^^^^^^^^^^^^^^^
  File ""D:\decimal_computer\decimal_gemm.py"", line 73, in schoolbook_gemm
    a = _to_numpy_int_matrix(A)
        ^^^^^^^^^^^^^^^^^^^^^^^
  File ""D:\decimal_computer\decimal_gemm.py"", line 60, in _to_numpy_int_matrix
    return np.array([[int(x) for x in row] for row in M], dtype=np.int64)
                    ^^^^^^^^^^^^^^^^^^^^^^^^^^^^^^^^^^^^
  File ""D:\decimal_computer\decimal_gemm.py"", line 60, in <listcomp>
    return np.array([[int(x) for x in row] for row in M], dtype=np.int64)
                     ^^^^^^^^^^^^^^^^^^^^^
  File ""D:\decimal_computer\decimal_gemm.py"", line 60, in <listcomp>
    return np.array([[int(x) for x in row] for row in M], dtype=np.int64)
                      ^^^^^^
TypeError: int() argument must be a string, a bytes-like object or a real number, not 'list'
",4,,,"{""ok"": false, ""error"": ""call_failed"", ""trace"": ""Traceback (most recent call last):\n  File \""C:\\Users\\asus\\AppData\\Local\\Temp\\bench_runner_lw1m8qxf\\runner.py\"", line 21, in <module>\n    res = decimal_gemm_naive(A, B, mul_algo=algo, cutoff=cutoff, return_counters=True)\n          ^^^^^^^^^^^^^^^^^^^^^^^^^^^^^^^^^^^^^^^^^^^^^^^^^^^^^^^^^^^^^^^^^^^^^^^^^^^^\n  File \""D:\\decimal_computer\\decimal_gemm.py\"", line 171, in decimal_gemm_naive\n    C = schoolbook_gemm(A, B, counters=counters)\n        ^^^^^^^^^^^^^^^^^^^^^^^^^^^^^^^^^^^^^^^^\n  File \""D:\\decimal_computer\\decimal_gemm.py\"", line 73, in schoolbook_gemm\n    a = _to_numpy_int_matrix(A)\n        ^^^^^^^^^^^^^^^^^^^^^^^\n  File \""D:\\decimal_computer\\decimal_gemm.py\"", line 60, in _to_numpy_int_matrix\n    return np.array([[int(x) for x in row] for row in M], dtype=np.int64)\n                    ^^^^^^^^^^^^^^^^^^^^^^^^^^^^^^^^^^^^\n  File \""D:\\decimal_computer\\decimal_gemm.py\"", line 60, in <listcomp>\n    return np.array([[int(x) for x in row] for row in M], dtype=np.int64)\n                     ^^^^^^^^^^^^^^^^^^^^^\n  File \""D:\\decimal_computer\\decimal_gemm.py\"", line 60, in <listcomp>\n    return np.array([[int(x) for x in row] for row in M], dtype=np.int64)\n                      ^^^^^^\nTypeError: int() argument must be a string, a bytes-like object or a real number, not 'list'\n\nDuring handling of the above exception, another exception occurred:\n\nTraceback (most recent call last):\n  File \""C:\\Users\\asus\\AppData\\Local\\Temp\\bench_runner_lw1m8qxf\\runner.py\"", line 24, in <module>\n    res = decimal_gemm_naive(A, B, mul_algo=algo, cutoff=cutoff)\n          ^^^^^^^^^^^^^^^^^^^^^^^^^^^^^^^^^^^^^^^^^^^^^^^^^^^^^^\n  File \""D:\\decimal_computer\\decimal_gemm.py\"", line 171, in decimal_gemm_naive\n    C = schoolbook_gemm(A, B, counters=counters)\n        ^^^^^^^^^^^^^^^^^^^^^^^^^^^^^^^^^^^^^^^^\n  File \""D:\\decimal_computer\\decimal_gemm.py\"", line 73, in schoolbook_gemm\n    a = _to_numpy_int_matrix(A)\n        ^^^^^^^^^^^^^^^^^^^^^^^\n  File \""D:\\decimal_computer\\decimal_gemm.py\"", line 60, in _to_numpy_int_matrix\n    return np.array([[int(x) for x in row] for row in M], dtype=np.int64)\n                    ^^^^^^^^^^^^^^^^^^^^^^^^^^^^^^^^^^^^\n  File \""D:\\decimal_computer\\decimal_gemm.py\"", line 60, in <listcomp>\n    return np.array([[int(x) for x in row] for row in M], dtype=np.int64)\n                     ^^^^^^^^^^^^^^^^^^^^^\n  File \""D:\\decimal_computer\\decimal_gemm.py\"", line 60, in <listcomp>\n    return np.array([[int(x) for x in row] for row in M], dtype=np.int64)\n                      ^^^^^^\nTypeError: int() argument must be a string, a bytes-like object or a real number, not 'list'\n""}
",
4,4,karatsuba,0,0.0,,,"runner_error: Traceback (most recent call last):
  File ""C:\Users\asus\AppData\Local\Temp\bench_runner_5sck9roi\runner.py"", line 21, in <module>
    res = decimal_gemm_naive(A, B, mul_algo=algo, cutoff=cutoff, return_counters=True)
          ^^^^^^^^^^^^^^^^^^^^^^^^^^^^^^^^^^^^^^^^^^^^^^^^^^^^^^^^^^^^^^^^^^^^^^^^^^^^
  File ""D:\decimal_computer\decimal_gemm.py"", line 173, in decimal_gemm_naive
    C = karatsuba_gemm(A, B, cutoff=cutoff, counters=counters)
        ^^^^^^^^^^^^^^^^^^^^^^^^^^^^^^^^^^^^^^^^^^^^^^^^^^^^^^
  File ""D:\decimal_computer\decimal_gemm.py"", line 103, in karatsuba_gemm
    return schoolbook_gemm(A, B, counters=counters)
           ^^^^^^^^^^^^^^^^^^^^^^^^^^^^^^^^^^^^^^^^
  File ""D:\decimal_computer\decimal_gemm.py"", line 73, in schoolbook_gemm
    a = _to_numpy_int_matrix(A)
        ^^^^^^^^^^^^^^^^^^^^^^^
  File ""D:\decimal_computer\decimal_gemm.py"", line 60, in _to_numpy_int_matrix
    return np.array([[int(x) for x in row] for row in M], dtype=np.int64)
                    ^^^^^^^^^^^^^^^^^^^^^^^^^^^^^^^^^^^^
  File ""D:\decimal_computer\decimal_gemm.py"", line 60, in <listcomp>
    return np.array([[int(x) for x in row] for row in M], dtype=np.int64)
                     ^^^^^^^^^^^^^^^^^^^^^
  File ""D:\decimal_computer\decimal_gemm.py"", line 60, in <listcomp>
    return np.array([[int(x) for x in row] for row in M], dtype=np.int64)
                      ^^^^^^
TypeError: int() argument must be a string, a bytes-like object or a real number, not 'list'

During handling of the above exception, another exception occurred:

Traceback (most recent call last):
  File ""C:\Users\asus\AppData\Local\Temp\bench_runner_5sck9roi\runner.py"", line 24, in <module>
    res = decimal_gemm_naive(A, B, mul_algo=algo, cutoff=cutoff)
          ^^^^^^^^^^^^^^^^^^^^^^^^^^^^^^^^^^^^^^^^^^^^^^^^^^^^^^
  File ""D:\decimal_computer\decimal_gemm.py"", line 173, in decimal_gemm_naive
    C = karatsuba_gemm(A, B, cutoff=cutoff, counters=counters)
        ^^^^^^^^^^^^^^^^^^^^^^^^^^^^^^^^^^^^^^^^^^^^^^^^^^^^^^
  File ""D:\decimal_computer\decimal_gemm.py"", line 103, in karatsuba_gemm
    return schoolbook_gemm(A, B, counters=counters)
           ^^^^^^^^^^^^^^^^^^^^^^^^^^^^^^^^^^^^^^^^
  File ""D:\decimal_computer\decimal_gemm.py"", line 73, in schoolbook_gemm
    a = _to_numpy_int_matrix(A)
        ^^^^^^^^^^^^^^^^^^^^^^^
  File ""D:\decimal_computer\decimal_gemm.py"", line 60, in _to_numpy_int_matrix
    return np.array([[int(x) for x in row] for row in M], dtype=np.int64)
                    ^^^^^^^^^^^^^^^^^^^^^^^^^^^^^^^^^^^^
  File ""D:\decimal_computer\decimal_gemm.py"", line 60, in <listcomp>
    return np.array([[int(x) for x in row] for row in M], dtype=np.int64)
                     ^^^^^^^^^^^^^^^^^^^^^
  File ""D:\decimal_computer\decimal_gemm.py"", line 60, in <listcomp>
    return np.array([[int(x) for x in row] for row in M], dtype=np.int64)
                      ^^^^^^
TypeError: int() argument must be a string, a bytes-like object or a real number, not 'list'
",4,,,"{""ok"": false, ""error"": ""call_failed"", ""trace"": ""Traceback (most recent call last):\n  File \""C:\\Users\\asus\\AppData\\Local\\Temp\\bench_runner_5sck9roi\\runner.py\"", line 21, in <module>\n    res = decimal_gemm_naive(A, B, mul_algo=algo, cutoff=cutoff, return_counters=True)\n          ^^^^^^^^^^^^^^^^^^^^^^^^^^^^^^^^^^^^^^^^^^^^^^^^^^^^^^^^^^^^^^^^^^^^^^^^^^^^\n  File \""D:\\decimal_computer\\decimal_gemm.py\"", line 173, in decimal_gemm_naive\n    C = karatsuba_gemm(A, B, cutoff=cutoff, counters=counters)\n        ^^^^^^^^^^^^^^^^^^^^^^^^^^^^^^^^^^^^^^^^^^^^^^^^^^^^^^\n  File \""D:\\decimal_computer\\decimal_gemm.py\"", line 103, in karatsuba_gemm\n    return schoolbook_gemm(A, B, counters=counters)\n           ^^^^^^^^^^^^^^^^^^^^^^^^^^^^^^^^^^^^^^^^\n  File \""D:\\decimal_computer\\decimal_gemm.py\"", line 73, in schoolbook_gemm\n    a = _to_numpy_int_matrix(A)\n        ^^^^^^^^^^^^^^^^^^^^^^^\n  File \""D:\\decimal_computer\\decimal_gemm.py\"", line 60, in _to_numpy_int_matrix\n    return np.array([[int(x) for x in row] for row in M], dtype=np.int64)\n                    ^^^^^^^^^^^^^^^^^^^^^^^^^^^^^^^^^^^^\n  File \""D:\\decimal_computer\\decimal_gemm.py\"", line 60, in <listcomp>\n    return np.array([[int(x) for x in row] for row in M], dtype=np.int64)\n                     ^^^^^^^^^^^^^^^^^^^^^\n  File \""D:\\decimal_computer\\decimal_gemm.py\"", line 60, in <listcomp>\n    return np.array([[int(x) for x in row] for row in M], dtype=np.int64)\n                      ^^^^^^\nTypeError: int() argument must be a string, a bytes-like object or a real number, not 'list'\n\nDuring handling of the above exception, another exception occurred:\n\nTraceback (most recent call last):\n  File \""C:\\Users\\asus\\AppData\\Local\\Temp\\bench_runner_5sck9roi\\runner.py\"", line 24, in <module>\n    res = decimal_gemm_naive(A, B, mul_algo=algo, cutoff=cutoff)\n          ^^^^^^^^^^^^^^^^^^^^^^^^^^^^^^^^^^^^^^^^^^^^^^^^^^^^^^\n  File \""D:\\decimal_computer\\decimal_gemm.py\"", line 173, in decimal_gemm_naive\n    C = karatsuba_gemm(A, B, cutoff=cutoff, counters=counters)\n        ^^^^^^^^^^^^^^^^^^^^^^^^^^^^^^^^^^^^^^^^^^^^^^^^^^^^^^\n  File \""D:\\decimal_computer\\decimal_gemm.py\"", line 103, in karatsuba_gemm\n    return schoolbook_gemm(A, B, counters=counters)\n           ^^^^^^^^^^^^^^^^^^^^^^^^^^^^^^^^^^^^^^^^\n  File \""D:\\decimal_computer\\decimal_gemm.py\"", line 73, in schoolbook_gemm\n    a = _to_numpy_int_matrix(A)\n        ^^^^^^^^^^^^^^^^^^^^^^^\n  File \""D:\\decimal_computer\\decimal_gemm.py\"", line 60, in _to_numpy_int_matrix\n    return np.array([[int(x) for x in row] for row in M], dtype=np.int64)\n                    ^^^^^^^^^^^^^^^^^^^^^^^^^^^^^^^^^^^^\n  File \""D:\\decimal_computer\\decimal_gemm.py\"", line 60, in <listcomp>\n    return np.array([[int(x) for x in row] for row in M], dtype=np.int64)\n                     ^^^^^^^^^^^^^^^^^^^^^\n  File \""D:\\decimal_computer\\decimal_gemm.py\"", line 60, in <listcomp>\n    return np.array([[int(x) for x in row] for row in M], dtype=np.int64)\n                      ^^^^^^\nTypeError: int() argument must be a string, a bytes-like object or a real number, not 'list'\n""}
",
4,4,strassen,0,0.0,,,"runner_error: Traceback (most recent call last):
  File ""C:\Users\asus\AppData\Local\Temp\bench_runner_02cam13f\runner.py"", line 21, in <module>
    res = decimal_gemm_naive(A, B, mul_algo=algo, cutoff=cutoff, return_counters=True)
          ^^^^^^^^^^^^^^^^^^^^^^^^^^^^^^^^^^^^^^^^^^^^^^^^^^^^^^^^^^^^^^^^^^^^^^^^^^^^
  File ""D:\decimal_computer\decimal_gemm.py"", line 175, in decimal_gemm_naive
    C = strassen_wrapper(A, B, cutoff=cutoff, counters=counters)
        ^^^^^^^^^^^^^^^^^^^^^^^^^^^^^^^^^^^^^^^^^^^^^^^^^^^^^^^^
  File ""D:\decimal_computer\decimal_gemm.py"", line 117, in strassen_wrapper
    return schoolbook_gemm(A, B, counters=counters)
           ^^^^^^^^^^^^^^^^^^^^^^^^^^^^^^^^^^^^^^^^
  File ""D:\decimal_computer\decimal_gemm.py"", line 73, in schoolbook_gemm
    a = _to_numpy_int_matrix(A)
        ^^^^^^^^^^^^^^^^^^^^^^^
  File ""D:\decimal_computer\decimal_gemm.py"", line 60, in _to_numpy_int_matrix
    return np.array([[int(x) for x in row] for row in M], dtype=np.int64)
                    ^^^^^^^^^^^^^^^^^^^^^^^^^^^^^^^^^^^^
  File ""D:\decimal_computer\decimal_gemm.py"", line 60, in <listcomp>
    return np.array([[int(x) for x in row] for row in M], dtype=np.int64)
                     ^^^^^^^^^^^^^^^^^^^^^
  File ""D:\decimal_computer\decimal_gemm.py"", line 60, in <listcomp>
    return np.array([[int(x) for x in row] for row in M], dtype=np.int64)
                      ^^^^^^
TypeError: int() argument must be a string, a bytes-like object or a real number, not 'list'

During handling of the above exception, another exception occurred:

Traceback (most recent call last):
  File ""C:\Users\asus\AppData\Local\Temp\bench_runner_02cam13f\runner.py"", line 24, in <module>
    res = decimal_gemm_naive(A, B, mul_algo=algo, cutoff=cutoff)
          ^^^^^^^^^^^^^^^^^^^^^^^^^^^^^^^^^^^^^^^^^^^^^^^^^^^^^^
  File ""D:\decimal_computer\decimal_gemm.py"", line 175, in decimal_gemm_naive
    C = strassen_wrapper(A, B, cutoff=cutoff, counters=counters)
        ^^^^^^^^^^^^^^^^^^^^^^^^^^^^^^^^^^^^^^^^^^^^^^^^^^^^^^^^
  File ""D:\decimal_computer\decimal_gemm.py"", line 117, in strassen_wrapper
    return schoolbook_gemm(A, B, counters=counters)
           ^^^^^^^^^^^^^^^^^^^^^^^^^^^^^^^^^^^^^^^^
  File ""D:\decimal_computer\decimal_gemm.py"", line 73, in schoolbook_gemm
    a = _to_numpy_int_matrix(A)
        ^^^^^^^^^^^^^^^^^^^^^^^
  File ""D:\decimal_computer\decimal_gemm.py"", line 60, in _to_numpy_int_matrix
    return np.array([[int(x) for x in row] for row in M], dtype=np.int64)
                    ^^^^^^^^^^^^^^^^^^^^^^^^^^^^^^^^^^^^
  File ""D:\decimal_computer\decimal_gemm.py"", line 60, in <listcomp>
    return np.array([[int(x) for x in row] for row in M], dtype=np.int64)
                     ^^^^^^^^^^^^^^^^^^^^^
  File ""D:\decimal_computer\decimal_gemm.py"", line 60, in <listcomp>
    return np.array([[int(x) for x in row] for row in M], dtype=np.int64)
                      ^^^^^^
TypeError: int() argument must be a string, a bytes-like object or a real number, not 'list'
",4,,,"{""ok"": false, ""error"": ""call_failed"", ""trace"": ""Traceback (most recent call last):\n  File \""C:\\Users\\asus\\AppData\\Local\\Temp\\bench_runner_02cam13f\\runner.py\"", line 21, in <module>\n    res = decimal_gemm_naive(A, B, mul_algo=algo, cutoff=cutoff, return_counters=True)\n          ^^^^^^^^^^^^^^^^^^^^^^^^^^^^^^^^^^^^^^^^^^^^^^^^^^^^^^^^^^^^^^^^^^^^^^^^^^^^\n  File \""D:\\decimal_computer\\decimal_gemm.py\"", line 175, in decimal_gemm_naive\n    C = strassen_wrapper(A, B, cutoff=cutoff, counters=counters)\n        ^^^^^^^^^^^^^^^^^^^^^^^^^^^^^^^^^^^^^^^^^^^^^^^^^^^^^^^^\n  File \""D:\\decimal_computer\\decimal_gemm.py\"", line 117, in strassen_wrapper\n    return schoolbook_gemm(A, B, counters=counters)\n           ^^^^^^^^^^^^^^^^^^^^^^^^^^^^^^^^^^^^^^^^\n  File \""D:\\decimal_computer\\decimal_gemm.py\"", line 73, in schoolbook_gemm\n    a = _to_numpy_int_matrix(A)\n        ^^^^^^^^^^^^^^^^^^^^^^^\n  File \""D:\\decimal_computer\\decimal_gemm.py\"", line 60, in _to_numpy_int_matrix\n    return np.array([[int(x) for x in row] for row in M], dtype=np.int64)\n                    ^^^^^^^^^^^^^^^^^^^^^^^^^^^^^^^^^^^^\n  File \""D:\\decimal_computer\\decimal_gemm.py\"", line 60, in <listcomp>\n    return np.array([[int(x) for x in row] for row in M], dtype=np.int64)\n                     ^^^^^^^^^^^^^^^^^^^^^\n  File \""D:\\decimal_computer\\decimal_gemm.py\"", line 60, in <listcomp>\n    return np.array([[int(x) for x in row] for row in M], dtype=np.int64)\n                      ^^^^^^\nTypeError: int() argument must be a string, a bytes-like object or a real number, not 'list'\n\nDuring handling of the above exception, another exception occurred:\n\nTraceback (most recent call last):\n  File \""C:\\Users\\asus\\AppData\\Local\\Temp\\bench_runner_02cam13f\\runner.py\"", line 24, in <module>\n    res = decimal_gemm_naive(A, B, mul_algo=algo, cutoff=cutoff)\n          ^^^^^^^^^^^^^^^^^^^^^^^^^^^^^^^^^^^^^^^^^^^^^^^^^^^^^^\n  File \""D:\\decimal_computer\\decimal_gemm.py\"", line 175, in decimal_gemm_naive\n    C = strassen_wrapper(A, B, cutoff=cutoff, counters=counters)\n        ^^^^^^^^^^^^^^^^^^^^^^^^^^^^^^^^^^^^^^^^^^^^^^^^^^^^^^^^\n  File \""D:\\decimal_computer\\decimal_gemm.py\"", line 117, in strassen_wrapper\n    return schoolbook_gemm(A, B, counters=counters)\n           ^^^^^^^^^^^^^^^^^^^^^^^^^^^^^^^^^^^^^^^^\n  File \""D:\\decimal_computer\\decimal_gemm.py\"", line 73, in schoolbook_gemm\n    a = _to_numpy_int_matrix(A)\n        ^^^^^^^^^^^^^^^^^^^^^^^\n  File \""D:\\decimal_computer\\decimal_gemm.py\"", line 60, in _to_numpy_int_matrix\n    return np.array([[int(x) for x in row] for row in M], dtype=np.int64)\n                    ^^^^^^^^^^^^^^^^^^^^^^^^^^^^^^^^^^^^\n  File \""D:\\decimal_computer\\decimal_gemm.py\"", line 60, in <listcomp>\n    return np.array([[int(x) for x in row] for row in M], dtype=np.int64)\n                     ^^^^^^^^^^^^^^^^^^^^^\n  File \""D:\\decimal_computer\\decimal_gemm.py\"", line 60, in <listcomp>\n    return np.array([[int(x) for x in row] for row in M], dtype=np.int64)\n                      ^^^^^^\nTypeError: int() argument must be a string, a bytes-like object or a real number, not 'list'\n""}
",
2,4,auto,0,0.0,,,"runner_error: Traceback (most recent call last):
  File ""C:\Users\asus\AppData\Local\Temp\bench_runner_yj3tmelv\runner.py"", line 21, in <module>
    res = decimal_gemm_naive(A, B, mul_algo=algo, cutoff=cutoff, return_counters=True)
          ^^^^^^^^^^^^^^^^^^^^^^^^^^^^^^^^^^^^^^^^^^^^^^^^^^^^^^^^^^^^^^^^^^^^^^^^^^^^
  File ""D:\decimal_computer\decimal_gemm.py"", line 171, in decimal_gemm_naive
    C = schoolbook_gemm(A, B, counters=counters)
        ^^^^^^^^^^^^^^^^^^^^^^^^^^^^^^^^^^^^^^^^
  File ""D:\decimal_computer\decimal_gemm.py"", line 73, in schoolbook_gemm
    a = _to_numpy_int_matrix(A)
        ^^^^^^^^^^^^^^^^^^^^^^^
  File ""D:\decimal_computer\decimal_gemm.py"", line 60, in _to_numpy_int_matrix
    return np.array([[int(x) for x in row] for row in M], dtype=np.int64)
                    ^^^^^^^^^^^^^^^^^^^^^^^^^^^^^^^^^^^^
  File ""D:\decimal_computer\decimal_gemm.py"", line 60, in <listcomp>
    return np.array([[int(x) for x in row] for row in M], dtype=np.int64)
                     ^^^^^^^^^^^^^^^^^^^^^
  File ""D:\decimal_computer\decimal_gemm.py"", line 60, in <listcomp>
    return np.array([[int(x) for x in row] for row in M], dtype=np.int64)
                      ^^^^^^
TypeError: int() argument must be a string, a bytes-like object or a real number, not 'list'

During handling of the above exception, another exception occurred:

Traceback (most recent call last):
  File ""C:\Users\asus\AppData\Local\Temp\bench_runner_yj3tmelv\runner.py"", line 24, in <module>
    res = decimal_gemm_naive(A, B, mul_algo=algo, cutoff=cutoff)
          ^^^^^^^^^^^^^^^^^^^^^^^^^^^^^^^^^^^^^^^^^^^^^^^^^^^^^^
  File ""D:\decimal_computer\decimal_gemm.py"", line 171, in decimal_gemm_naive
    C = schoolbook_gemm(A, B, counters=counters)
        ^^^^^^^^^^^^^^^^^^^^^^^^^^^^^^^^^^^^^^^^
  File ""D:\decimal_computer\decimal_gemm.py"", line 73, in schoolbook_gemm
    a = _to_numpy_int_matrix(A)
        ^^^^^^^^^^^^^^^^^^^^^^^
  File ""D:\decimal_computer\decimal_gemm.py"", line 60, in _to_numpy_int_matrix
    return np.array([[int(x) for x in row] for row in M], dtype=np.int64)
                    ^^^^^^^^^^^^^^^^^^^^^^^^^^^^^^^^^^^^
  File ""D:\decimal_computer\decimal_gemm.py"", line 60, in <listcomp>
    return np.array([[int(x) for x in row] for row in M], dtype=np.int64)
                     ^^^^^^^^^^^^^^^^^^^^^
  File ""D:\decimal_computer\decimal_gemm.py"", line 60, in <listcomp>
    return np.array([[int(x) for x in row] for row in M], dtype=np.int64)
                      ^^^^^^
TypeError: int() argument must be a string, a bytes-like object or a real number, not 'list'
",4,,,"{""ok"": false, ""error"": ""call_failed"", ""trace"": ""Traceback (most recent call last):\n  File \""C:\\Users\\asus\\AppData\\Local\\Temp\\bench_runner_yj3tmelv\\runner.py\"", line 21, in <module>\n    res = decimal_gemm_naive(A, B, mul_algo=algo, cutoff=cutoff, return_counters=True)\n          ^^^^^^^^^^^^^^^^^^^^^^^^^^^^^^^^^^^^^^^^^^^^^^^^^^^^^^^^^^^^^^^^^^^^^^^^^^^^\n  File \""D:\\decimal_computer\\decimal_gemm.py\"", line 171, in decimal_gemm_naive\n    C = schoolbook_gemm(A, B, counters=counters)\n        ^^^^^^^^^^^^^^^^^^^^^^^^^^^^^^^^^^^^^^^^\n  File \""D:\\decimal_computer\\decimal_gemm.py\"", line 73, in schoolbook_gemm\n    a = _to_numpy_int_matrix(A)\n        ^^^^^^^^^^^^^^^^^^^^^^^\n  File \""D:\\decimal_computer\\decimal_gemm.py\"", line 60, in _to_numpy_int_matrix\n    return np.array([[int(x) for x in row] for row in M], dtype=np.int64)\n                    ^^^^^^^^^^^^^^^^^^^^^^^^^^^^^^^^^^^^\n  File \""D:\\decimal_computer\\decimal_gemm.py\"", line 60, in <listcomp>\n    return np.array([[int(x) for x in row] for row in M], dtype=np.int64)\n                     ^^^^^^^^^^^^^^^^^^^^^\n  File \""D:\\decimal_computer\\decimal_gemm.py\"", line 60, in <listcomp>\n    return np.array([[int(x) for x in row] for row in M], dtype=np.int64)\n                      ^^^^^^\nTypeError: int() argument must be a string, a bytes-like object or a real number, not 'list'\n\nDuring handling of the above exception, another exception occurred:\n\nTraceback (most recent call last):\n  File \""C:\\Users\\asus\\AppData\\Local\\Temp\\bench_runner_yj3tmelv\\runner.py\"", line 24, in <module>\n    res = decimal_gemm_naive(A, B, mul_algo=algo, cutoff=cutoff)\n          ^^^^^^^^^^^^^^^^^^^^^^^^^^^^^^^^^^^^^^^^^^^^^^^^^^^^^^\n  File \""D:\\decimal_computer\\decimal_gemm.py\"", line 171, in decimal_gemm_naive\n    C = schoolbook_gemm(A, B, counters=counters)\n        ^^^^^^^^^^^^^^^^^^^^^^^^^^^^^^^^^^^^^^^^\n  File \""D:\\decimal_computer\\decimal_gemm.py\"", line 73, in schoolbook_gemm\n    a = _to_numpy_int_matrix(A)\n        ^^^^^^^^^^^^^^^^^^^^^^^\n  File \""D:\\decimal_computer\\decimal_gemm.py\"", line 60, in _to_numpy_int_matrix\n    return np.array([[int(x) for x in row] for row in M], dtype=np.int64)\n                    ^^^^^^^^^^^^^^^^^^^^^^^^^^^^^^^^^^^^\n  File \""D:\\decimal_computer\\decimal_gemm.py\"", line 60, in <listcomp>\n    return np.array([[int(x) for x in row] for row in M], dtype=np.int64)\n                     ^^^^^^^^^^^^^^^^^^^^^\n  File \""D:\\decimal_computer\\decimal_gemm.py\"", line 60, in <listcomp>\n    return np.array([[int(x) for x in row] for row in M], dtype=np.int64)\n                      ^^^^^^\nTypeError: int() argument must be a string, a bytes-like object or a real number, not 'list'\n""}
","[decimal_gemm] auto-selected algo='schoolbook' max_digit_len=None cutoff=None
[decimal_gemm] auto-selected algo='schoolbook' max_digit_len=None cutoff=None
"
2,4,schoolbook,0,0.0,,,"runner_error: Traceback (most recent call last):
  File ""C:\Users\asus\AppData\Local\Temp\bench_runner_cjbwjeuc\runner.py"", line 21, in <module>
    res = decimal_gemm_naive(A, B, mul_algo=algo, cutoff=cutoff, return_counters=True)
          ^^^^^^^^^^^^^^^^^^^^^^^^^^^^^^^^^^^^^^^^^^^^^^^^^^^^^^^^^^^^^^^^^^^^^^^^^^^^
  File ""D:\decimal_computer\decimal_gemm.py"", line 171, in decimal_gemm_naive
    C = schoolbook_gemm(A, B, counters=counters)
        ^^^^^^^^^^^^^^^^^^^^^^^^^^^^^^^^^^^^^^^^
  File ""D:\decimal_computer\decimal_gemm.py"", line 73, in schoolbook_gemm
    a = _to_numpy_int_matrix(A)
        ^^^^^^^^^^^^^^^^^^^^^^^
  File ""D:\decimal_computer\decimal_gemm.py"", line 60, in _to_numpy_int_matrix
    return np.array([[int(x) for x in row] for row in M], dtype=np.int64)
                    ^^^^^^^^^^^^^^^^^^^^^^^^^^^^^^^^^^^^
  File ""D:\decimal_computer\decimal_gemm.py"", line 60, in <listcomp>
    return np.array([[int(x) for x in row] for row in M], dtype=np.int64)
                     ^^^^^^^^^^^^^^^^^^^^^
  File ""D:\decimal_computer\decimal_gemm.py"", line 60, in <listcomp>
    return np.array([[int(x) for x in row] for row in M], dtype=np.int64)
                      ^^^^^^
TypeError: int() argument must be a string, a bytes-like object or a real number, not 'list'

During handling of the above exception, another exception occurred:

Traceback (most recent call last):
  File ""C:\Users\asus\AppData\Local\Temp\bench_runner_cjbwjeuc\runner.py"", line 24, in <module>
    res = decimal_gemm_naive(A, B, mul_algo=algo, cutoff=cutoff)
          ^^^^^^^^^^^^^^^^^^^^^^^^^^^^^^^^^^^^^^^^^^^^^^^^^^^^^^
  File ""D:\decimal_computer\decimal_gemm.py"", line 171, in decimal_gemm_naive
    C = schoolbook_gemm(A, B, counters=counters)
        ^^^^^^^^^^^^^^^^^^^^^^^^^^^^^^^^^^^^^^^^
  File ""D:\decimal_computer\decimal_gemm.py"", line 73, in schoolbook_gemm
    a = _to_numpy_int_matrix(A)
        ^^^^^^^^^^^^^^^^^^^^^^^
  File ""D:\decimal_computer\decimal_gemm.py"", line 60, in _to_numpy_int_matrix
    return np.array([[int(x) for x in row] for row in M], dtype=np.int64)
                    ^^^^^^^^^^^^^^^^^^^^^^^^^^^^^^^^^^^^
  File ""D:\decimal_computer\decimal_gemm.py"", line 60, in <listcomp>
    return np.array([[int(x) for x in row] for row in M], dtype=np.int64)
                     ^^^^^^^^^^^^^^^^^^^^^
  File ""D:\decimal_computer\decimal_gemm.py"", line 60, in <listcomp>
    return np.array([[int(x) for x in row] for row in M], dtype=np.int64)
                      ^^^^^^
TypeError: int() argument must be a string, a bytes-like object or a real number, not 'list'
",4,,,"{""ok"": false, ""error"": ""call_failed"", ""trace"": ""Traceback (most recent call last):\n  File \""C:\\Users\\asus\\AppData\\Local\\Temp\\bench_runner_cjbwjeuc\\runner.py\"", line 21, in <module>\n    res = decimal_gemm_naive(A, B, mul_algo=algo, cutoff=cutoff, return_counters=True)\n          ^^^^^^^^^^^^^^^^^^^^^^^^^^^^^^^^^^^^^^^^^^^^^^^^^^^^^^^^^^^^^^^^^^^^^^^^^^^^\n  File \""D:\\decimal_computer\\decimal_gemm.py\"", line 171, in decimal_gemm_naive\n    C = schoolbook_gemm(A, B, counters=counters)\n        ^^^^^^^^^^^^^^^^^^^^^^^^^^^^^^^^^^^^^^^^\n  File \""D:\\decimal_computer\\decimal_gemm.py\"", line 73, in schoolbook_gemm\n    a = _to_numpy_int_matrix(A)\n        ^^^^^^^^^^^^^^^^^^^^^^^\n  File \""D:\\decimal_computer\\decimal_gemm.py\"", line 60, in _to_numpy_int_matrix\n    return np.array([[int(x) for x in row] for row in M], dtype=np.int64)\n                    ^^^^^^^^^^^^^^^^^^^^^^^^^^^^^^^^^^^^\n  File \""D:\\decimal_computer\\decimal_gemm.py\"", line 60, in <listcomp>\n    return np.array([[int(x) for x in row] for row in M], dtype=np.int64)\n                     ^^^^^^^^^^^^^^^^^^^^^\n  File \""D:\\decimal_computer\\decimal_gemm.py\"", line 60, in <listcomp>\n    return np.array([[int(x) for x in row] for row in M], dtype=np.int64)\n                      ^^^^^^\nTypeError: int() argument must be a string, a bytes-like object or a real number, not 'list'\n\nDuring handling of the above exception, another exception occurred:\n\nTraceback (most recent call last):\n  File \""C:\\Users\\asus\\AppData\\Local\\Temp\\bench_runner_cjbwjeuc\\runner.py\"", line 24, in <module>\n    res = decimal_gemm_naive(A, B, mul_algo=algo, cutoff=cutoff)\n          ^^^^^^^^^^^^^^^^^^^^^^^^^^^^^^^^^^^^^^^^^^^^^^^^^^^^^^\n  File \""D:\\decimal_computer\\decimal_gemm.py\"", line 171, in decimal_gemm_naive\n    C = schoolbook_gemm(A, B, counters=counters)\n        ^^^^^^^^^^^^^^^^^^^^^^^^^^^^^^^^^^^^^^^^\n  File \""D:\\decimal_computer\\decimal_gemm.py\"", line 73, in schoolbook_gemm\n    a = _to_numpy_int_matrix(A)\n        ^^^^^^^^^^^^^^^^^^^^^^^\n  File \""D:\\decimal_computer\\decimal_gemm.py\"", line 60, in _to_numpy_int_matrix\n    return np.array([[int(x) for x in row] for row in M], dtype=np.int64)\n                    ^^^^^^^^^^^^^^^^^^^^^^^^^^^^^^^^^^^^\n  File \""D:\\decimal_computer\\decimal_gemm.py\"", line 60, in <listcomp>\n    return np.array([[int(x) for x in row] for row in M], dtype=np.int64)\n                     ^^^^^^^^^^^^^^^^^^^^^\n  File \""D:\\decimal_computer\\decimal_gemm.py\"", line 60, in <listcomp>\n    return np.array([[int(x) for x in row] for row in M], dtype=np.int64)\n                      ^^^^^^\nTypeError: int() argument must be a string, a bytes-like object or a real number, not 'list'\n""}
",
2,4,karatsuba,0,0.0,,,"runner_error: Traceback (most recent call last):
  File ""C:\Users\asus\AppData\Local\Temp\bench_runner_wz7p7bh0\runner.py"", line 21, in <module>
    res = decimal_gemm_naive(A, B, mul_algo=algo, cutoff=cutoff, return_counters=True)
          ^^^^^^^^^^^^^^^^^^^^^^^^^^^^^^^^^^^^^^^^^^^^^^^^^^^^^^^^^^^^^^^^^^^^^^^^^^^^
  File ""D:\decimal_computer\decimal_gemm.py"", line 173, in decimal_gemm_naive
    C = karatsuba_gemm(A, B, cutoff=cutoff, counters=counters)
        ^^^^^^^^^^^^^^^^^^^^^^^^^^^^^^^^^^^^^^^^^^^^^^^^^^^^^^
  File ""D:\decimal_computer\decimal_gemm.py"", line 103, in karatsuba_gemm
    return schoolbook_gemm(A, B, counters=counters)
           ^^^^^^^^^^^^^^^^^^^^^^^^^^^^^^^^^^^^^^^^
  File ""D:\decimal_computer\decimal_gemm.py"", line 73, in schoolbook_gemm
    a = _to_numpy_int_matrix(A)
        ^^^^^^^^^^^^^^^^^^^^^^^
  File ""D:\decimal_computer\decimal_gemm.py"", line 60, in _to_numpy_int_matrix
    return np.array([[int(x) for x in row] for row in M], dtype=np.int64)
                    ^^^^^^^^^^^^^^^^^^^^^^^^^^^^^^^^^^^^
  File ""D:\decimal_computer\decimal_gemm.py"", line 60, in <listcomp>
    return np.array([[int(x) for x in row] for row in M], dtype=np.int64)
                     ^^^^^^^^^^^^^^^^^^^^^
  File ""D:\decimal_computer\decimal_gemm.py"", line 60, in <listcomp>
    return np.array([[int(x) for x in row] for row in M], dtype=np.int64)
                      ^^^^^^
TypeError: int() argument must be a string, a bytes-like object or a real number, not 'list'

During handling of the above exception, another exception occurred:

Traceback (most recent call last):
  File ""C:\Users\asus\AppData\Local\Temp\bench_runner_wz7p7bh0\runner.py"", line 24, in <module>
    res = decimal_gemm_naive(A, B, mul_algo=algo, cutoff=cutoff)
          ^^^^^^^^^^^^^^^^^^^^^^^^^^^^^^^^^^^^^^^^^^^^^^^^^^^^^^
  File ""D:\decimal_computer\decimal_gemm.py"", line 173, in decimal_gemm_naive
    C = karatsuba_gemm(A, B, cutoff=cutoff, counters=counters)
        ^^^^^^^^^^^^^^^^^^^^^^^^^^^^^^^^^^^^^^^^^^^^^^^^^^^^^^
  File ""D:\decimal_computer\decimal_gemm.py"", line 103, in karatsuba_gemm
    return schoolbook_gemm(A, B, counters=counters)
           ^^^^^^^^^^^^^^^^^^^^^^^^^^^^^^^^^^^^^^^^
  File ""D:\decimal_computer\decimal_gemm.py"", line 73, in schoolbook_gemm
    a = _to_numpy_int_matrix(A)
        ^^^^^^^^^^^^^^^^^^^^^^^
  File ""D:\decimal_computer\decimal_gemm.py"", line 60, in _to_numpy_int_matrix
    return np.array([[int(x) for x in row] for row in M], dtype=np.int64)
                    ^^^^^^^^^^^^^^^^^^^^^^^^^^^^^^^^^^^^
  File ""D:\decimal_computer\decimal_gemm.py"", line 60, in <listcomp>
    return np.array([[int(x) for x in row] for row in M], dtype=np.int64)
                     ^^^^^^^^^^^^^^^^^^^^^
  File ""D:\decimal_computer\decimal_gemm.py"", line 60, in <listcomp>
    return np.array([[int(x) for x in row] for row in M], dtype=np.int64)
                      ^^^^^^
TypeError: int() argument must be a string, a bytes-like object or a real number, not 'list'
",4,,,"{""ok"": false, ""error"": ""call_failed"", ""trace"": ""Traceback (most recent call last):\n  File \""C:\\Users\\asus\\AppData\\Local\\Temp\\bench_runner_wz7p7bh0\\runner.py\"", line 21, in <module>\n    res = decimal_gemm_naive(A, B, mul_algo=algo, cutoff=cutoff, return_counters=True)\n          ^^^^^^^^^^^^^^^^^^^^^^^^^^^^^^^^^^^^^^^^^^^^^^^^^^^^^^^^^^^^^^^^^^^^^^^^^^^^\n  File \""D:\\decimal_computer\\decimal_gemm.py\"", line 173, in decimal_gemm_naive\n    C = karatsuba_gemm(A, B, cutoff=cutoff, counters=counters)\n        ^^^^^^^^^^^^^^^^^^^^^^^^^^^^^^^^^^^^^^^^^^^^^^^^^^^^^^\n  File \""D:\\decimal_computer\\decimal_gemm.py\"", line 103, in karatsuba_gemm\n    return schoolbook_gemm(A, B, counters=counters)\n           ^^^^^^^^^^^^^^^^^^^^^^^^^^^^^^^^^^^^^^^^\n  File \""D:\\decimal_computer\\decimal_gemm.py\"", line 73, in schoolbook_gemm\n    a = _to_numpy_int_matrix(A)\n        ^^^^^^^^^^^^^^^^^^^^^^^\n  File \""D:\\decimal_computer\\decimal_gemm.py\"", line 60, in _to_numpy_int_matrix\n    return np.array([[int(x) for x in row] for row in M], dtype=np.int64)\n                    ^^^^^^^^^^^^^^^^^^^^^^^^^^^^^^^^^^^^\n  File \""D:\\decimal_computer\\decimal_gemm.py\"", line 60, in <listcomp>\n    return np.array([[int(x) for x in row] for row in M], dtype=np.int64)\n                     ^^^^^^^^^^^^^^^^^^^^^\n  File \""D:\\decimal_computer\\decimal_gemm.py\"", line 60, in <listcomp>\n    return np.array([[int(x) for x in row] for row in M], dtype=np.int64)\n                      ^^^^^^\nTypeError: int() argument must be a string, a bytes-like object or a real number, not 'list'\n\nDuring handling of the above exception, another exception occurred:\n\nTraceback (most recent call last):\n  File \""C:\\Users\\asus\\AppData\\Local\\Temp\\bench_runner_wz7p7bh0\\runner.py\"", line 24, in <module>\n    res = decimal_gemm_naive(A, B, mul_algo=algo, cutoff=cutoff)\n          ^^^^^^^^^^^^^^^^^^^^^^^^^^^^^^^^^^^^^^^^^^^^^^^^^^^^^^\n  File \""D:\\decimal_computer\\decimal_gemm.py\"", line 173, in decimal_gemm_naive\n    C = karatsuba_gemm(A, B, cutoff=cutoff, counters=counters)\n        ^^^^^^^^^^^^^^^^^^^^^^^^^^^^^^^^^^^^^^^^^^^^^^^^^^^^^^\n  File \""D:\\decimal_computer\\decimal_gemm.py\"", line 103, in karatsuba_gemm\n    return schoolbook_gemm(A, B, counters=counters)\n           ^^^^^^^^^^^^^^^^^^^^^^^^^^^^^^^^^^^^^^^^\n  File \""D:\\decimal_computer\\decimal_gemm.py\"", line 73, in schoolbook_gemm\n    a = _to_numpy_int_matrix(A)\n        ^^^^^^^^^^^^^^^^^^^^^^^\n  File \""D:\\decimal_computer\\decimal_gemm.py\"", line 60, in _to_numpy_int_matrix\n    return np.array([[int(x) for x in row] for row in M], dtype=np.int64)\n                    ^^^^^^^^^^^^^^^^^^^^^^^^^^^^^^^^^^^^\n  File \""D:\\decimal_computer\\decimal_gemm.py\"", line 60, in <listcomp>\n    return np.array([[int(x) for x in row] for row in M], dtype=np.int64)\n                     ^^^^^^^^^^^^^^^^^^^^^\n  File \""D:\\decimal_computer\\decimal_gemm.py\"", line 60, in <listcomp>\n    return np.array([[int(x) for x in row] for row in M], dtype=np.int64)\n                      ^^^^^^\nTypeError: int() argument must be a string, a bytes-like object or a real number, not 'list'\n""}
",
2,4,strassen,0,0.0,,,"runner_error: Traceback (most recent call last):
  File ""C:\Users\asus\AppData\Local\Temp\bench_runner_bkiwxhfp\runner.py"", line 21, in <module>
    res = decimal_gemm_naive(A, B, mul_algo=algo, cutoff=cutoff, return_counters=True)
          ^^^^^^^^^^^^^^^^^^^^^^^^^^^^^^^^^^^^^^^^^^^^^^^^^^^^^^^^^^^^^^^^^^^^^^^^^^^^
  File ""D:\decimal_computer\decimal_gemm.py"", line 175, in decimal_gemm_naive
    C = strassen_wrapper(A, B, cutoff=cutoff, counters=counters)
        ^^^^^^^^^^^^^^^^^^^^^^^^^^^^^^^^^^^^^^^^^^^^^^^^^^^^^^^^
  File ""D:\decimal_computer\decimal_gemm.py"", line 117, in strassen_wrapper
    return schoolbook_gemm(A, B, counters=counters)
           ^^^^^^^^^^^^^^^^^^^^^^^^^^^^^^^^^^^^^^^^
  File ""D:\decimal_computer\decimal_gemm.py"", line 73, in schoolbook_gemm
    a = _to_numpy_int_matrix(A)
        ^^^^^^^^^^^^^^^^^^^^^^^
  File ""D:\decimal_computer\decimal_gemm.py"", line 60, in _to_numpy_int_matrix
    return np.array([[int(x) for x in row] for row in M], dtype=np.int64)
                    ^^^^^^^^^^^^^^^^^^^^^^^^^^^^^^^^^^^^
  File ""D:\decimal_computer\decimal_gemm.py"", line 60, in <listcomp>
    return np.array([[int(x) for x in row] for row in M], dtype=np.int64)
                     ^^^^^^^^^^^^^^^^^^^^^
  File ""D:\decimal_computer\decimal_gemm.py"", line 60, in <listcomp>
    return np.array([[int(x) for x in row] for row in M], dtype=np.int64)
                      ^^^^^^
TypeError: int() argument must be a string, a bytes-like object or a real number, not 'list'

During handling of the above exception, another exception occurred:

Traceback (most recent call last):
  File ""C:\Users\asus\AppData\Local\Temp\bench_runner_bkiwxhfp\runner.py"", line 24, in <module>
    res = decimal_gemm_naive(A, B, mul_algo=algo, cutoff=cutoff)
          ^^^^^^^^^^^^^^^^^^^^^^^^^^^^^^^^^^^^^^^^^^^^^^^^^^^^^^
  File ""D:\decimal_computer\decimal_gemm.py"", line 175, in decimal_gemm_naive
    C = strassen_wrapper(A, B, cutoff=cutoff, counters=counters)
        ^^^^^^^^^^^^^^^^^^^^^^^^^^^^^^^^^^^^^^^^^^^^^^^^^^^^^^^^
  File ""D:\decimal_computer\decimal_gemm.py"", line 117, in strassen_wrapper
    return schoolbook_gemm(A, B, counters=counters)
           ^^^^^^^^^^^^^^^^^^^^^^^^^^^^^^^^^^^^^^^^
  File ""D:\decimal_computer\decimal_gemm.py"", line 73, in schoolbook_gemm
    a = _to_numpy_int_matrix(A)
        ^^^^^^^^^^^^^^^^^^^^^^^
  File ""D:\decimal_computer\decimal_gemm.py"", line 60, in _to_numpy_int_matrix
    return np.array([[int(x) for x in row] for row in M], dtype=np.int64)
                    ^^^^^^^^^^^^^^^^^^^^^^^^^^^^^^^^^^^^
  File ""D:\decimal_computer\decimal_gemm.py"", line 60, in <listcomp>
    return np.array([[int(x) for x in row] for row in M], dtype=np.int64)
                     ^^^^^^^^^^^^^^^^^^^^^
  File ""D:\decimal_computer\decimal_gemm.py"", line 60, in <listcomp>
    return np.array([[int(x) for x in row] for row in M], dtype=np.int64)
                      ^^^^^^
TypeError: int() argument must be a string, a bytes-like object or a real number, not 'list'
",4,,,"{""ok"": false, ""error"": ""call_failed"", ""trace"": ""Traceback (most recent call last):\n  File \""C:\\Users\\asus\\AppData\\Local\\Temp\\bench_runner_bkiwxhfp\\runner.py\"", line 21, in <module>\n    res = decimal_gemm_naive(A, B, mul_algo=algo, cutoff=cutoff, return_counters=True)\n          ^^^^^^^^^^^^^^^^^^^^^^^^^^^^^^^^^^^^^^^^^^^^^^^^^^^^^^^^^^^^^^^^^^^^^^^^^^^^\n  File \""D:\\decimal_computer\\decimal_gemm.py\"", line 175, in decimal_gemm_naive\n    C = strassen_wrapper(A, B, cutoff=cutoff, counters=counters)\n        ^^^^^^^^^^^^^^^^^^^^^^^^^^^^^^^^^^^^^^^^^^^^^^^^^^^^^^^^\n  File \""D:\\decimal_computer\\decimal_gemm.py\"", line 117, in strassen_wrapper\n    return schoolbook_gemm(A, B, counters=counters)\n           ^^^^^^^^^^^^^^^^^^^^^^^^^^^^^^^^^^^^^^^^\n  File \""D:\\decimal_computer\\decimal_gemm.py\"", line 73, in schoolbook_gemm\n    a = _to_numpy_int_matrix(A)\n        ^^^^^^^^^^^^^^^^^^^^^^^\n  File \""D:\\decimal_computer\\decimal_gemm.py\"", line 60, in _to_numpy_int_matrix\n    return np.array([[int(x) for x in row] for row in M], dtype=np.int64)\n                    ^^^^^^^^^^^^^^^^^^^^^^^^^^^^^^^^^^^^\n  File \""D:\\decimal_computer\\decimal_gemm.py\"", line 60, in <listcomp>\n    return np.array([[int(x) for x in row] for row in M], dtype=np.int64)\n                     ^^^^^^^^^^^^^^^^^^^^^\n  File \""D:\\decimal_computer\\decimal_gemm.py\"", line 60, in <listcomp>\n    return np.array([[int(x) for x in row] for row in M], dtype=np.int64)\n                      ^^^^^^\nTypeError: int() argument must be a string, a bytes-like object or a real number, not 'list'\n\nDuring handling of the above exception, another exception occurred:\n\nTraceback (most recent call last):\n  File \""C:\\Users\\asus\\AppData\\Local\\Temp\\bench_runner_bkiwxhfp\\runner.py\"", line 24, in <module>\n    res = decimal_gemm_naive(A, B, mul_algo=algo, cutoff=cutoff)\n          ^^^^^^^^^^^^^^^^^^^^^^^^^^^^^^^^^^^^^^^^^^^^^^^^^^^^^^\n  File \""D:\\decimal_computer\\decimal_gemm.py\"", line 175, in decimal_gemm_naive\n    C = strassen_wrapper(A, B, cutoff=cutoff, counters=counters)\n        ^^^^^^^^^^^^^^^^^^^^^^^^^^^^^^^^^^^^^^^^^^^^^^^^^^^^^^^^\n  File \""D:\\decimal_computer\\decimal_gemm.py\"", line 117, in strassen_wrapper\n    return schoolbook_gemm(A, B, counters=counters)\n           ^^^^^^^^^^^^^^^^^^^^^^^^^^^^^^^^^^^^^^^^\n  File \""D:\\decimal_computer\\decimal_gemm.py\"", line 73, in schoolbook_gemm\n    a = _to_numpy_int_matrix(A)\n        ^^^^^^^^^^^^^^^^^^^^^^^\n  File \""D:\\decimal_computer\\decimal_gemm.py\"", line 60, in _to_numpy_int_matrix\n    return np.array([[int(x) for x in row] for row in M], dtype=np.int64)\n                    ^^^^^^^^^^^^^^^^^^^^^^^^^^^^^^^^^^^^\n  File \""D:\\decimal_computer\\decimal_gemm.py\"", line 60, in <listcomp>\n    return np.array([[int(x) for x in row] for row in M], dtype=np.int64)\n                     ^^^^^^^^^^^^^^^^^^^^^\n  File \""D:\\decimal_computer\\decimal_gemm.py\"", line 60, in <listcomp>\n    return np.array([[int(x) for x in row] for row in M], dtype=np.int64)\n                      ^^^^^^\nTypeError: int() argument must be a string, a bytes-like object or a real number, not 'list'\n""}
",
4,4,auto,0,0.0,,,"runner_error: Traceback (most recent call last):
  File ""C:\Users\asus\AppData\Local\Temp\bench_runner_g4ecz3jx\runner.py"", line 21, in <module>
    res = decimal_gemm_naive(A, B, mul_algo=algo, cutoff=cutoff, return_counters=True)
          ^^^^^^^^^^^^^^^^^^^^^^^^^^^^^^^^^^^^^^^^^^^^^^^^^^^^^^^^^^^^^^^^^^^^^^^^^^^^
  File ""D:\decimal_computer\decimal_gemm.py"", line 171, in decimal_gemm_naive
    C = schoolbook_gemm(A, B, counters=counters)
        ^^^^^^^^^^^^^^^^^^^^^^^^^^^^^^^^^^^^^^^^
  File ""D:\decimal_computer\decimal_gemm.py"", line 73, in schoolbook_gemm
    a = _to_numpy_int_matrix(A)
        ^^^^^^^^^^^^^^^^^^^^^^^
  File ""D:\decimal_computer\decimal_gemm.py"", line 60, in _to_numpy_int_matrix
    return np.array([[int(x) for x in row] for row in M], dtype=np.int64)
                    ^^^^^^^^^^^^^^^^^^^^^^^^^^^^^^^^^^^^
  File ""D:\decimal_computer\decimal_gemm.py"", line 60, in <listcomp>
    return np.array([[int(x) for x in row] for row in M], dtype=np.int64)
                     ^^^^^^^^^^^^^^^^^^^^^
  File ""D:\decimal_computer\decimal_gemm.py"", line 60, in <listcomp>
    return np.array([[int(x) for x in row] for row in M], dtype=np.int64)
                      ^^^^^^
TypeError: int() argument must be a string, a bytes-like object or a real number, not 'list'

During handling of the above exception, another exception occurred:

Traceback (most recent call last):
  File ""C:\Users\asus\AppData\Local\Temp\bench_runner_g4ecz3jx\runner.py"", line 24, in <module>
    res = decimal_gemm_naive(A, B, mul_algo=algo, cutoff=cutoff)
          ^^^^^^^^^^^^^^^^^^^^^^^^^^^^^^^^^^^^^^^^^^^^^^^^^^^^^^
  File ""D:\decimal_computer\decimal_gemm.py"", line 171, in decimal_gemm_naive
    C = schoolbook_gemm(A, B, counters=counters)
        ^^^^^^^^^^^^^^^^^^^^^^^^^^^^^^^^^^^^^^^^
  File ""D:\decimal_computer\decimal_gemm.py"", line 73, in schoolbook_gemm
    a = _to_numpy_int_matrix(A)
        ^^^^^^^^^^^^^^^^^^^^^^^
  File ""D:\decimal_computer\decimal_gemm.py"", line 60, in _to_numpy_int_matrix
    return np.array([[int(x) for x in row] for row in M], dtype=np.int64)
                    ^^^^^^^^^^^^^^^^^^^^^^^^^^^^^^^^^^^^
  File ""D:\decimal_computer\decimal_gemm.py"", line 60, in <listcomp>
    return np.array([[int(x) for x in row] for row in M], dtype=np.int64)
                     ^^^^^^^^^^^^^^^^^^^^^
  File ""D:\decimal_computer\decimal_gemm.py"", line 60, in <listcomp>
    return np.array([[int(x) for x in row] for row in M], dtype=np.int64)
                      ^^^^^^
TypeError: int() argument must be a string, a bytes-like object or a real number, not 'list'
",4,,,"{""ok"": false, ""error"": ""call_failed"", ""trace"": ""Traceback (most recent call last):\n  File \""C:\\Users\\asus\\AppData\\Local\\Temp\\bench_runner_g4ecz3jx\\runner.py\"", line 21, in <module>\n    res = decimal_gemm_naive(A, B, mul_algo=algo, cutoff=cutoff, return_counters=True)\n          ^^^^^^^^^^^^^^^^^^^^^^^^^^^^^^^^^^^^^^^^^^^^^^^^^^^^^^^^^^^^^^^^^^^^^^^^^^^^\n  File \""D:\\decimal_computer\\decimal_gemm.py\"", line 171, in decimal_gemm_naive\n    C = schoolbook_gemm(A, B, counters=counters)\n        ^^^^^^^^^^^^^^^^^^^^^^^^^^^^^^^^^^^^^^^^\n  File \""D:\\decimal_computer\\decimal_gemm.py\"", line 73, in schoolbook_gemm\n    a = _to_numpy_int_matrix(A)\n        ^^^^^^^^^^^^^^^^^^^^^^^\n  File \""D:\\decimal_computer\\decimal_gemm.py\"", line 60, in _to_numpy_int_matrix\n    return np.array([[int(x) for x in row] for row in M], dtype=np.int64)\n                    ^^^^^^^^^^^^^^^^^^^^^^^^^^^^^^^^^^^^\n  File \""D:\\decimal_computer\\decimal_gemm.py\"", line 60, in <listcomp>\n    return np.array([[int(x) for x in row] for row in M], dtype=np.int64)\n                     ^^^^^^^^^^^^^^^^^^^^^\n  File \""D:\\decimal_computer\\decimal_gemm.py\"", line 60, in <listcomp>\n    return np.array([[int(x) for x in row] for row in M], dtype=np.int64)\n                      ^^^^^^\nTypeError: int() argument must be a string, a bytes-like object or a real number, not 'list'\n\nDuring handling of the above exception, another exception occurred:\n\nTraceback (most recent call last):\n  File \""C:\\Users\\asus\\AppData\\Local\\Temp\\bench_runner_g4ecz3jx\\runner.py\"", line 24, in <module>\n    res = decimal_gemm_naive(A, B, mul_algo=algo, cutoff=cutoff)\n          ^^^^^^^^^^^^^^^^^^^^^^^^^^^^^^^^^^^^^^^^^^^^^^^^^^^^^^\n  File \""D:\\decimal_computer\\decimal_gemm.py\"", line 171, in decimal_gemm_naive\n    C = schoolbook_gemm(A, B, counters=counters)\n        ^^^^^^^^^^^^^^^^^^^^^^^^^^^^^^^^^^^^^^^^\n  File \""D:\\decimal_computer\\decimal_gemm.py\"", line 73, in schoolbook_gemm\n    a = _to_numpy_int_matrix(A)\n        ^^^^^^^^^^^^^^^^^^^^^^^\n  File \""D:\\decimal_computer\\decimal_gemm.py\"", line 60, in _to_numpy_int_matrix\n    return np.array([[int(x) for x in row] for row in M], dtype=np.int64)\n                    ^^^^^^^^^^^^^^^^^^^^^^^^^^^^^^^^^^^^\n  File \""D:\\decimal_computer\\decimal_gemm.py\"", line 60, in <listcomp>\n    return np.array([[int(x) for x in row] for row in M], dtype=np.int64)\n                     ^^^^^^^^^^^^^^^^^^^^^\n  File \""D:\\decimal_computer\\decimal_gemm.py\"", line 60, in <listcomp>\n    return np.array([[int(x) for x in row] for row in M], dtype=np.int64)\n                      ^^^^^^\nTypeError: int() argument must be a string, a bytes-like object or a real number, not 'list'\n""}
","[decimal_gemm] auto-selected algo='schoolbook' max_digit_len=None cutoff=None
[decimal_gemm] auto-selected algo='schoolbook' max_digit_len=None cutoff=None
"
4,4,schoolbook,0,0.0,,,"runner_error: Traceback (most recent call last):
  File ""C:\Users\asus\AppData\Local\Temp\bench_runner_zler95oo\runner.py"", line 21, in <module>
    res = decimal_gemm_naive(A, B, mul_algo=algo, cutoff=cutoff, return_counters=True)
          ^^^^^^^^^^^^^^^^^^^^^^^^^^^^^^^^^^^^^^^^^^^^^^^^^^^^^^^^^^^^^^^^^^^^^^^^^^^^
  File ""D:\decimal_computer\decimal_gemm.py"", line 171, in decimal_gemm_naive
    C = schoolbook_gemm(A, B, counters=counters)
        ^^^^^^^^^^^^^^^^^^^^^^^^^^^^^^^^^^^^^^^^
  File ""D:\decimal_computer\decimal_gemm.py"", line 73, in schoolbook_gemm
    a = _to_numpy_int_matrix(A)
        ^^^^^^^^^^^^^^^^^^^^^^^
  File ""D:\decimal_computer\decimal_gemm.py"", line 60, in _to_numpy_int_matrix
    return np.array([[int(x) for x in row] for row in M], dtype=np.int64)
                    ^^^^^^^^^^^^^^^^^^^^^^^^^^^^^^^^^^^^
  File ""D:\decimal_computer\decimal_gemm.py"", line 60, in <listcomp>
    return np.array([[int(x) for x in row] for row in M], dtype=np.int64)
                     ^^^^^^^^^^^^^^^^^^^^^
  File ""D:\decimal_computer\decimal_gemm.py"", line 60, in <listcomp>
    return np.array([[int(x) for x in row] for row in M], dtype=np.int64)
                      ^^^^^^
TypeError: int() argument must be a string, a bytes-like object or a real number, not 'list'

During handling of the above exception, another exception occurred:

Traceback (most recent call last):
  File ""C:\Users\asus\AppData\Local\Temp\bench_runner_zler95oo\runner.py"", line 24, in <module>
    res = decimal_gemm_naive(A, B, mul_algo=algo, cutoff=cutoff)
          ^^^^^^^^^^^^^^^^^^^^^^^^^^^^^^^^^^^^^^^^^^^^^^^^^^^^^^
  File ""D:\decimal_computer\decimal_gemm.py"", line 171, in decimal_gemm_naive
    C = schoolbook_gemm(A, B, counters=counters)
        ^^^^^^^^^^^^^^^^^^^^^^^^^^^^^^^^^^^^^^^^
  File ""D:\decimal_computer\decimal_gemm.py"", line 73, in schoolbook_gemm
    a = _to_numpy_int_matrix(A)
        ^^^^^^^^^^^^^^^^^^^^^^^
  File ""D:\decimal_computer\decimal_gemm.py"", line 60, in _to_numpy_int_matrix
    return np.array([[int(x) for x in row] for row in M], dtype=np.int64)
                    ^^^^^^^^^^^^^^^^^^^^^^^^^^^^^^^^^^^^
  File ""D:\decimal_computer\decimal_gemm.py"", line 60, in <listcomp>
    return np.array([[int(x) for x in row] for row in M], dtype=np.int64)
                     ^^^^^^^^^^^^^^^^^^^^^
  File ""D:\decimal_computer\decimal_gemm.py"", line 60, in <listcomp>
    return np.array([[int(x) for x in row] for row in M], dtype=np.int64)
                      ^^^^^^
TypeError: int() argument must be a string, a bytes-like object or a real number, not 'list'
",4,,,"{""ok"": false, ""error"": ""call_failed"", ""trace"": ""Traceback (most recent call last):\n  File \""C:\\Users\\asus\\AppData\\Local\\Temp\\bench_runner_zler95oo\\runner.py\"", line 21, in <module>\n    res = decimal_gemm_naive(A, B, mul_algo=algo, cutoff=cutoff, return_counters=True)\n          ^^^^^^^^^^^^^^^^^^^^^^^^^^^^^^^^^^^^^^^^^^^^^^^^^^^^^^^^^^^^^^^^^^^^^^^^^^^^\n  File \""D:\\decimal_computer\\decimal_gemm.py\"", line 171, in decimal_gemm_naive\n    C = schoolbook_gemm(A, B, counters=counters)\n        ^^^^^^^^^^^^^^^^^^^^^^^^^^^^^^^^^^^^^^^^\n  File \""D:\\decimal_computer\\decimal_gemm.py\"", line 73, in schoolbook_gemm\n    a = _to_numpy_int_matrix(A)\n        ^^^^^^^^^^^^^^^^^^^^^^^\n  File \""D:\\decimal_computer\\decimal_gemm.py\"", line 60, in _to_numpy_int_matrix\n    return np.array([[int(x) for x in row] for row in M], dtype=np.int64)\n                    ^^^^^^^^^^^^^^^^^^^^^^^^^^^^^^^^^^^^\n  File \""D:\\decimal_computer\\decimal_gemm.py\"", line 60, in <listcomp>\n    return np.array([[int(x) for x in row] for row in M], dtype=np.int64)\n                     ^^^^^^^^^^^^^^^^^^^^^\n  File \""D:\\decimal_computer\\decimal_gemm.py\"", line 60, in <listcomp>\n    return np.array([[int(x) for x in row] for row in M], dtype=np.int64)\n                      ^^^^^^\nTypeError: int() argument must be a string, a bytes-like object or a real number, not 'list'\n\nDuring handling of the above exception, another exception occurred:\n\nTraceback (most recent call last):\n  File \""C:\\Users\\asus\\AppData\\Local\\Temp\\bench_runner_zler95oo\\runner.py\"", line 24, in <module>\n    res = decimal_gemm_naive(A, B, mul_algo=algo, cutoff=cutoff)\n          ^^^^^^^^^^^^^^^^^^^^^^^^^^^^^^^^^^^^^^^^^^^^^^^^^^^^^^\n  File \""D:\\decimal_computer\\decimal_gemm.py\"", line 171, in decimal_gemm_naive\n    C = schoolbook_gemm(A, B, counters=counters)\n        ^^^^^^^^^^^^^^^^^^^^^^^^^^^^^^^^^^^^^^^^\n  File \""D:\\decimal_computer\\decimal_gemm.py\"", line 73, in schoolbook_gemm\n    a = _to_numpy_int_matrix(A)\n        ^^^^^^^^^^^^^^^^^^^^^^^\n  File \""D:\\decimal_computer\\decimal_gemm.py\"", line 60, in _to_numpy_int_matrix\n    return np.array([[int(x) for x in row] for row in M], dtype=np.int64)\n                    ^^^^^^^^^^^^^^^^^^^^^^^^^^^^^^^^^^^^\n  File \""D:\\decimal_computer\\decimal_gemm.py\"", line 60, in <listcomp>\n    return np.array([[int(x) for x in row] for row in M], dtype=np.int64)\n                     ^^^^^^^^^^^^^^^^^^^^^\n  File \""D:\\decimal_computer\\decimal_gemm.py\"", line 60, in <listcomp>\n    return np.array([[int(x) for x in row] for row in M], dtype=np.int64)\n                      ^^^^^^\nTypeError: int() argument must be a string, a bytes-like object or a real number, not 'list'\n""}
",
4,4,karatsuba,0,0.0,,,"runner_error: Traceback (most recent call last):
  File ""C:\Users\asus\AppData\Local\Temp\bench_runner_mh_1k423\runner.py"", line 21, in <module>
    res = decimal_gemm_naive(A, B, mul_algo=algo, cutoff=cutoff, return_counters=True)
          ^^^^^^^^^^^^^^^^^^^^^^^^^^^^^^^^^^^^^^^^^^^^^^^^^^^^^^^^^^^^^^^^^^^^^^^^^^^^
  File ""D:\decimal_computer\decimal_gemm.py"", line 173, in decimal_gemm_naive
    C = karatsuba_gemm(A, B, cutoff=cutoff, counters=counters)
        ^^^^^^^^^^^^^^^^^^^^^^^^^^^^^^^^^^^^^^^^^^^^^^^^^^^^^^
  File ""D:\decimal_computer\decimal_gemm.py"", line 103, in karatsuba_gemm
    return schoolbook_gemm(A, B, counters=counters)
           ^^^^^^^^^^^^^^^^^^^^^^^^^^^^^^^^^^^^^^^^
  File ""D:\decimal_computer\decimal_gemm.py"", line 73, in schoolbook_gemm
    a = _to_numpy_int_matrix(A)
        ^^^^^^^^^^^^^^^^^^^^^^^
  File ""D:\decimal_computer\decimal_gemm.py"", line 60, in _to_numpy_int_matrix
    return np.array([[int(x) for x in row] for row in M], dtype=np.int64)
                    ^^^^^^^^^^^^^^^^^^^^^^^^^^^^^^^^^^^^
  File ""D:\decimal_computer\decimal_gemm.py"", line 60, in <listcomp>
    return np.array([[int(x) for x in row] for row in M], dtype=np.int64)
                     ^^^^^^^^^^^^^^^^^^^^^
  File ""D:\decimal_computer\decimal_gemm.py"", line 60, in <listcomp>
    return np.array([[int(x) for x in row] for row in M], dtype=np.int64)
                      ^^^^^^
TypeError: int() argument must be a string, a bytes-like object or a real number, not 'list'

During handling of the above exception, another exception occurred:

Traceback (most recent call last):
  File ""C:\Users\asus\AppData\Local\Temp\bench_runner_mh_1k423\runner.py"", line 24, in <module>
    res = decimal_gemm_naive(A, B, mul_algo=algo, cutoff=cutoff)
          ^^^^^^^^^^^^^^^^^^^^^^^^^^^^^^^^^^^^^^^^^^^^^^^^^^^^^^
  File ""D:\decimal_computer\decimal_gemm.py"", line 173, in decimal_gemm_naive
    C = karatsuba_gemm(A, B, cutoff=cutoff, counters=counters)
        ^^^^^^^^^^^^^^^^^^^^^^^^^^^^^^^^^^^^^^^^^^^^^^^^^^^^^^
  File ""D:\decimal_computer\decimal_gemm.py"", line 103, in karatsuba_gemm
    return schoolbook_gemm(A, B, counters=counters)
           ^^^^^^^^^^^^^^^^^^^^^^^^^^^^^^^^^^^^^^^^
  File ""D:\decimal_computer\decimal_gemm.py"", line 73, in schoolbook_gemm
    a = _to_numpy_int_matrix(A)
        ^^^^^^^^^^^^^^^^^^^^^^^
  File ""D:\decimal_computer\decimal_gemm.py"", line 60, in _to_numpy_int_matrix
    return np.array([[int(x) for x in row] for row in M], dtype=np.int64)
                    ^^^^^^^^^^^^^^^^^^^^^^^^^^^^^^^^^^^^
  File ""D:\decimal_computer\decimal_gemm.py"", line 60, in <listcomp>
    return np.array([[int(x) for x in row] for row in M], dtype=np.int64)
                     ^^^^^^^^^^^^^^^^^^^^^
  File ""D:\decimal_computer\decimal_gemm.py"", line 60, in <listcomp>
    return np.array([[int(x) for x in row] for row in M], dtype=np.int64)
                      ^^^^^^
TypeError: int() argument must be a string, a bytes-like object or a real number, not 'list'
",4,,,"{""ok"": false, ""error"": ""call_failed"", ""trace"": ""Traceback (most recent call last):\n  File \""C:\\Users\\asus\\AppData\\Local\\Temp\\bench_runner_mh_1k423\\runner.py\"", line 21, in <module>\n    res = decimal_gemm_naive(A, B, mul_algo=algo, cutoff=cutoff, return_counters=True)\n          ^^^^^^^^^^^^^^^^^^^^^^^^^^^^^^^^^^^^^^^^^^^^^^^^^^^^^^^^^^^^^^^^^^^^^^^^^^^^\n  File \""D:\\decimal_computer\\decimal_gemm.py\"", line 173, in decimal_gemm_naive\n    C = karatsuba_gemm(A, B, cutoff=cutoff, counters=counters)\n        ^^^^^^^^^^^^^^^^^^^^^^^^^^^^^^^^^^^^^^^^^^^^^^^^^^^^^^\n  File \""D:\\decimal_computer\\decimal_gemm.py\"", line 103, in karatsuba_gemm\n    return schoolbook_gemm(A, B, counters=counters)\n           ^^^^^^^^^^^^^^^^^^^^^^^^^^^^^^^^^^^^^^^^\n  File \""D:\\decimal_computer\\decimal_gemm.py\"", line 73, in schoolbook_gemm\n    a = _to_numpy_int_matrix(A)\n        ^^^^^^^^^^^^^^^^^^^^^^^\n  File \""D:\\decimal_computer\\decimal_gemm.py\"", line 60, in _to_numpy_int_matrix\n    return np.array([[int(x) for x in row] for row in M], dtype=np.int64)\n                    ^^^^^^^^^^^^^^^^^^^^^^^^^^^^^^^^^^^^\n  File \""D:\\decimal_computer\\decimal_gemm.py\"", line 60, in <listcomp>\n    return np.array([[int(x) for x in row] for row in M], dtype=np.int64)\n                     ^^^^^^^^^^^^^^^^^^^^^\n  File \""D:\\decimal_computer\\decimal_gemm.py\"", line 60, in <listcomp>\n    return np.array([[int(x) for x in row] for row in M], dtype=np.int64)\n                      ^^^^^^\nTypeError: int() argument must be a string, a bytes-like object or a real number, not 'list'\n\nDuring handling of the above exception, another exception occurred:\n\nTraceback (most recent call last):\n  File \""C:\\Users\\asus\\AppData\\Local\\Temp\\bench_runner_mh_1k423\\runner.py\"", line 24, in <module>\n    res = decimal_gemm_naive(A, B, mul_algo=algo, cutoff=cutoff)\n          ^^^^^^^^^^^^^^^^^^^^^^^^^^^^^^^^^^^^^^^^^^^^^^^^^^^^^^\n  File \""D:\\decimal_computer\\decimal_gemm.py\"", line 173, in decimal_gemm_naive\n    C = karatsuba_gemm(A, B, cutoff=cutoff, counters=counters)\n        ^^^^^^^^^^^^^^^^^^^^^^^^^^^^^^^^^^^^^^^^^^^^^^^^^^^^^^\n  File \""D:\\decimal_computer\\decimal_gemm.py\"", line 103, in karatsuba_gemm\n    return schoolbook_gemm(A, B, counters=counters)\n           ^^^^^^^^^^^^^^^^^^^^^^^^^^^^^^^^^^^^^^^^\n  File \""D:\\decimal_computer\\decimal_gemm.py\"", line 73, in schoolbook_gemm\n    a = _to_numpy_int_matrix(A)\n        ^^^^^^^^^^^^^^^^^^^^^^^\n  File \""D:\\decimal_computer\\decimal_gemm.py\"", line 60, in _to_numpy_int_matrix\n    return np.array([[int(x) for x in row] for row in M], dtype=np.int64)\n                    ^^^^^^^^^^^^^^^^^^^^^^^^^^^^^^^^^^^^\n  File \""D:\\decimal_computer\\decimal_gemm.py\"", line 60, in <listcomp>\n    return np.array([[int(x) for x in row] for row in M], dtype=np.int64)\n                     ^^^^^^^^^^^^^^^^^^^^^\n  File \""D:\\decimal_computer\\decimal_gemm.py\"", line 60, in <listcomp>\n    return np.array([[int(x) for x in row] for row in M], dtype=np.int64)\n                      ^^^^^^\nTypeError: int() argument must be a string, a bytes-like object or a real number, not 'list'\n""}
",
4,4,strassen,0,0.0,,,"runner_error: Traceback (most recent call last):
  File ""C:\Users\asus\AppData\Local\Temp\bench_runner_sa97vjnu\runner.py"", line 21, in <module>
    res = decimal_gemm_naive(A, B, mul_algo=algo, cutoff=cutoff, return_counters=True)
          ^^^^^^^^^^^^^^^^^^^^^^^^^^^^^^^^^^^^^^^^^^^^^^^^^^^^^^^^^^^^^^^^^^^^^^^^^^^^
  File ""D:\decimal_computer\decimal_gemm.py"", line 175, in decimal_gemm_naive
    C = strassen_wrapper(A, B, cutoff=cutoff, counters=counters)
        ^^^^^^^^^^^^^^^^^^^^^^^^^^^^^^^^^^^^^^^^^^^^^^^^^^^^^^^^
  File ""D:\decimal_computer\decimal_gemm.py"", line 117, in strassen_wrapper
    return schoolbook_gemm(A, B, counters=counters)
           ^^^^^^^^^^^^^^^^^^^^^^^^^^^^^^^^^^^^^^^^
  File ""D:\decimal_computer\decimal_gemm.py"", line 73, in schoolbook_gemm
    a = _to_numpy_int_matrix(A)
        ^^^^^^^^^^^^^^^^^^^^^^^
  File ""D:\decimal_computer\decimal_gemm.py"", line 60, in _to_numpy_int_matrix
    return np.array([[int(x) for x in row] for row in M], dtype=np.int64)
                    ^^^^^^^^^^^^^^^^^^^^^^^^^^^^^^^^^^^^
  File ""D:\decimal_computer\decimal_gemm.py"", line 60, in <listcomp>
    return np.array([[int(x) for x in row] for row in M], dtype=np.int64)
                     ^^^^^^^^^^^^^^^^^^^^^
  File ""D:\decimal_computer\decimal_gemm.py"", line 60, in <listcomp>
    return np.array([[int(x) for x in row] for row in M], dtype=np.int64)
                      ^^^^^^
TypeError: int() argument must be a string, a bytes-like object or a real number, not 'list'

During handling of the above exception, another exception occurred:

Traceback (most recent call last):
  File ""C:\Users\asus\AppData\Local\Temp\bench_runner_sa97vjnu\runner.py"", line 24, in <module>
    res = decimal_gemm_naive(A, B, mul_algo=algo, cutoff=cutoff)
          ^^^^^^^^^^^^^^^^^^^^^^^^^^^^^^^^^^^^^^^^^^^^^^^^^^^^^^
  File ""D:\decimal_computer\decimal_gemm.py"", line 175, in decimal_gemm_naive
    C = strassen_wrapper(A, B, cutoff=cutoff, counters=counters)
        ^^^^^^^^^^^^^^^^^^^^^^^^^^^^^^^^^^^^^^^^^^^^^^^^^^^^^^^^
  File ""D:\decimal_computer\decimal_gemm.py"", line 117, in strassen_wrapper
    return schoolbook_gemm(A, B, counters=counters)
           ^^^^^^^^^^^^^^^^^^^^^^^^^^^^^^^^^^^^^^^^
  File ""D:\decimal_computer\decimal_gemm.py"", line 73, in schoolbook_gemm
    a = _to_numpy_int_matrix(A)
        ^^^^^^^^^^^^^^^^^^^^^^^
  File ""D:\decimal_computer\decimal_gemm.py"", line 60, in _to_numpy_int_matrix
    return np.array([[int(x) for x in row] for row in M], dtype=np.int64)
                    ^^^^^^^^^^^^^^^^^^^^^^^^^^^^^^^^^^^^
  File ""D:\decimal_computer\decimal_gemm.py"", line 60, in <listcomp>
    return np.array([[int(x) for x in row] for row in M], dtype=np.int64)
                     ^^^^^^^^^^^^^^^^^^^^^
  File ""D:\decimal_computer\decimal_gemm.py"", line 60, in <listcomp>
    return np.array([[int(x) for x in row] for row in M], dtype=np.int64)
                      ^^^^^^
TypeError: int() argument must be a string, a bytes-like object or a real number, not 'list'
",4,,,"{""ok"": false, ""error"": ""call_failed"", ""trace"": ""Traceback (most recent call last):\n  File \""C:\\Users\\asus\\AppData\\Local\\Temp\\bench_runner_sa97vjnu\\runner.py\"", line 21, in <module>\n    res = decimal_gemm_naive(A, B, mul_algo=algo, cutoff=cutoff, return_counters=True)\n          ^^^^^^^^^^^^^^^^^^^^^^^^^^^^^^^^^^^^^^^^^^^^^^^^^^^^^^^^^^^^^^^^^^^^^^^^^^^^\n  File \""D:\\decimal_computer\\decimal_gemm.py\"", line 175, in decimal_gemm_naive\n    C = strassen_wrapper(A, B, cutoff=cutoff, counters=counters)\n        ^^^^^^^^^^^^^^^^^^^^^^^^^^^^^^^^^^^^^^^^^^^^^^^^^^^^^^^^\n  File \""D:\\decimal_computer\\decimal_gemm.py\"", line 117, in strassen_wrapper\n    return schoolbook_gemm(A, B, counters=counters)\n           ^^^^^^^^^^^^^^^^^^^^^^^^^^^^^^^^^^^^^^^^\n  File \""D:\\decimal_computer\\decimal_gemm.py\"", line 73, in schoolbook_gemm\n    a = _to_numpy_int_matrix(A)\n        ^^^^^^^^^^^^^^^^^^^^^^^\n  File \""D:\\decimal_computer\\decimal_gemm.py\"", line 60, in _to_numpy_int_matrix\n    return np.array([[int(x) for x in row] for row in M], dtype=np.int64)\n                    ^^^^^^^^^^^^^^^^^^^^^^^^^^^^^^^^^^^^\n  File \""D:\\decimal_computer\\decimal_gemm.py\"", line 60, in <listcomp>\n    return np.array([[int(x) for x in row] for row in M], dtype=np.int64)\n                     ^^^^^^^^^^^^^^^^^^^^^\n  File \""D:\\decimal_computer\\decimal_gemm.py\"", line 60, in <listcomp>\n    return np.array([[int(x) for x in row] for row in M], dtype=np.int64)\n                      ^^^^^^\nTypeError: int() argument must be a string, a bytes-like object or a real number, not 'list'\n\nDuring handling of the above exception, another exception occurred:\n\nTraceback (most recent call last):\n  File \""C:\\Users\\asus\\AppData\\Local\\Temp\\bench_runner_sa97vjnu\\runner.py\"", line 24, in <module>\n    res = decimal_gemm_naive(A, B, mul_algo=algo, cutoff=cutoff)\n          ^^^^^^^^^^^^^^^^^^^^^^^^^^^^^^^^^^^^^^^^^^^^^^^^^^^^^^\n  File \""D:\\decimal_computer\\decimal_gemm.py\"", line 175, in decimal_gemm_naive\n    C = strassen_wrapper(A, B, cutoff=cutoff, counters=counters)\n        ^^^^^^^^^^^^^^^^^^^^^^^^^^^^^^^^^^^^^^^^^^^^^^^^^^^^^^^^\n  File \""D:\\decimal_computer\\decimal_gemm.py\"", line 117, in strassen_wrapper\n    return schoolbook_gemm(A, B, counters=counters)\n           ^^^^^^^^^^^^^^^^^^^^^^^^^^^^^^^^^^^^^^^^\n  File \""D:\\decimal_computer\\decimal_gemm.py\"", line 73, in schoolbook_gemm\n    a = _to_numpy_int_matrix(A)\n        ^^^^^^^^^^^^^^^^^^^^^^^\n  File \""D:\\decimal_computer\\decimal_gemm.py\"", line 60, in _to_numpy_int_matrix\n    return np.array([[int(x) for x in row] for row in M], dtype=np.int64)\n                    ^^^^^^^^^^^^^^^^^^^^^^^^^^^^^^^^^^^^\n  File \""D:\\decimal_computer\\decimal_gemm.py\"", line 60, in <listcomp>\n    return np.array([[int(x) for x in row] for row in M], dtype=np.int64)\n                     ^^^^^^^^^^^^^^^^^^^^^\n  File \""D:\\decimal_computer\\decimal_gemm.py\"", line 60, in <listcomp>\n    return np.array([[int(x) for x in row] for row in M], dtype=np.int64)\n                      ^^^^^^\nTypeError: int() argument must be a string, a bytes-like object or a real number, not 'list'\n""}
",
4,3,schoolbook,0,0.0,,,"runner_error: Traceback (most recent call last):
  File ""C:\Users\asus\AppData\Local\Temp\bench_runner_z8unniwi\runner.py"", line 21, in <module>
    res = decimal_gemm_naive(A, B, mul_algo=algo, cutoff=cutoff, return_counters=True)
          ^^^^^^^^^^^^^^^^^^^^^^^^^^^^^^^^^^^^^^^^^^^^^^^^^^^^^^^^^^^^^^^^^^^^^^^^^^^^
  File ""D:\decimal_computer\decimal_gemm.py"", line 171, in decimal_gemm_naive
    C = schoolbook_gemm(A, B, counters=counters)
        ^^^^^^^^^^^^^^^^^^^^^^^^^^^^^^^^^^^^^^^^
  File ""D:\decimal_computer\decimal_gemm.py"", line 73, in schoolbook_gemm
    a = _to_numpy_int_matrix(A)
        ^^^^^^^^^^^^^^^^^^^^^^^
  File ""D:\decimal_computer\decimal_gemm.py"", line 60, in _to_numpy_int_matrix
    return np.array([[int(x) for x in row] for row in M], dtype=np.int64)
                    ^^^^^^^^^^^^^^^^^^^^^^^^^^^^^^^^^^^^
  File ""D:\decimal_computer\decimal_gemm.py"", line 60, in <listcomp>
    return np.array([[int(x) for x in row] for row in M], dtype=np.int64)
                     ^^^^^^^^^^^^^^^^^^^^^
  File ""D:\decimal_computer\decimal_gemm.py"", line 60, in <listcomp>
    return np.array([[int(x) for x in row] for row in M], dtype=np.int64)
                      ^^^^^^
TypeError: int() argument must be a string, a bytes-like object or a real number, not 'list'

During handling of the above exception, another exception occurred:

Traceback (most recent call last):
  File ""C:\Users\asus\AppData\Local\Temp\bench_runner_z8unniwi\runner.py"", line 24, in <module>
    res = decimal_gemm_naive(A, B, mul_algo=algo, cutoff=cutoff)
          ^^^^^^^^^^^^^^^^^^^^^^^^^^^^^^^^^^^^^^^^^^^^^^^^^^^^^^
  File ""D:\decimal_computer\decimal_gemm.py"", line 171, in decimal_gemm_naive
    C = schoolbook_gemm(A, B, counters=counters)
        ^^^^^^^^^^^^^^^^^^^^^^^^^^^^^^^^^^^^^^^^
  File ""D:\decimal_computer\decimal_gemm.py"", line 73, in schoolbook_gemm
    a = _to_numpy_int_matrix(A)
        ^^^^^^^^^^^^^^^^^^^^^^^
  File ""D:\decimal_computer\decimal_gemm.py"", line 60, in _to_numpy_int_matrix
    return np.array([[int(x) for x in row] for row in M], dtype=np.int64)
                    ^^^^^^^^^^^^^^^^^^^^^^^^^^^^^^^^^^^^
  File ""D:\decimal_computer\decimal_gemm.py"", line 60, in <listcomp>
    return np.array([[int(x) for x in row] for row in M], dtype=np.int64)
                     ^^^^^^^^^^^^^^^^^^^^^
  File ""D:\decimal_computer\decimal_gemm.py"", line 60, in <listcomp>
    return np.array([[int(x) for x in row] for row in M], dtype=np.int64)
                      ^^^^^^
TypeError: int() argument must be a string, a bytes-like object or a real number, not 'list'
",4,,,"{""ok"": false, ""error"": ""call_failed"", ""trace"": ""Traceback (most recent call last):\n  File \""C:\\Users\\asus\\AppData\\Local\\Temp\\bench_runner_z8unniwi\\runner.py\"", line 21, in <module>\n    res = decimal_gemm_naive(A, B, mul_algo=algo, cutoff=cutoff, return_counters=True)\n          ^^^^^^^^^^^^^^^^^^^^^^^^^^^^^^^^^^^^^^^^^^^^^^^^^^^^^^^^^^^^^^^^^^^^^^^^^^^^\n  File \""D:\\decimal_computer\\decimal_gemm.py\"", line 171, in decimal_gemm_naive\n    C = schoolbook_gemm(A, B, counters=counters)\n        ^^^^^^^^^^^^^^^^^^^^^^^^^^^^^^^^^^^^^^^^\n  File \""D:\\decimal_computer\\decimal_gemm.py\"", line 73, in schoolbook_gemm\n    a = _to_numpy_int_matrix(A)\n        ^^^^^^^^^^^^^^^^^^^^^^^\n  File \""D:\\decimal_computer\\decimal_gemm.py\"", line 60, in _to_numpy_int_matrix\n    return np.array([[int(x) for x in row] for row in M], dtype=np.int64)\n                    ^^^^^^^^^^^^^^^^^^^^^^^^^^^^^^^^^^^^\n  File \""D:\\decimal_computer\\decimal_gemm.py\"", line 60, in <listcomp>\n    return np.array([[int(x) for x in row] for row in M], dtype=np.int64)\n                     ^^^^^^^^^^^^^^^^^^^^^\n  File \""D:\\decimal_computer\\decimal_gemm.py\"", line 60, in <listcomp>\n    return np.array([[int(x) for x in row] for row in M], dtype=np.int64)\n                      ^^^^^^\nTypeError: int() argument must be a string, a bytes-like object or a real number, not 'list'\n\nDuring handling of the above exception, another exception occurred:\n\nTraceback (most recent call last):\n  File \""C:\\Users\\asus\\AppData\\Local\\Temp\\bench_runner_z8unniwi\\runner.py\"", line 24, in <module>\n    res = decimal_gemm_naive(A, B, mul_algo=algo, cutoff=cutoff)\n          ^^^^^^^^^^^^^^^^^^^^^^^^^^^^^^^^^^^^^^^^^^^^^^^^^^^^^^\n  File \""D:\\decimal_computer\\decimal_gemm.py\"", line 171, in decimal_gemm_naive\n    C = schoolbook_gemm(A, B, counters=counters)\n        ^^^^^^^^^^^^^^^^^^^^^^^^^^^^^^^^^^^^^^^^\n  File \""D:\\decimal_computer\\decimal_gemm.py\"", line 73, in schoolbook_gemm\n    a = _to_numpy_int_matrix(A)\n        ^^^^^^^^^^^^^^^^^^^^^^^\n  File \""D:\\decimal_computer\\decimal_gemm.py\"", line 60, in _to_numpy_int_matrix\n    return np.array([[int(x) for x in row] for row in M], dtype=np.int64)\n                    ^^^^^^^^^^^^^^^^^^^^^^^^^^^^^^^^^^^^\n  File \""D:\\decimal_computer\\decimal_gemm.py\"", line 60, in <listcomp>\n    return np.array([[int(x) for x in row] for row in M], dtype=np.int64)\n                     ^^^^^^^^^^^^^^^^^^^^^\n  File \""D:\\decimal_computer\\decimal_gemm.py\"", line 60, in <listcomp>\n    return np.array([[int(x) for x in row] for row in M], dtype=np.int64)\n                      ^^^^^^\nTypeError: int() argument must be a string, a bytes-like object or a real number, not 'list'\n""}
",
4,3,karatsuba,0,0.0,,,"runner_error: Traceback (most recent call last):
  File ""C:\Users\asus\AppData\Local\Temp\bench_runner_z2gbs5a1\runner.py"", line 21, in <module>
    res = decimal_gemm_naive(A, B, mul_algo=algo, cutoff=cutoff, return_counters=True)
          ^^^^^^^^^^^^^^^^^^^^^^^^^^^^^^^^^^^^^^^^^^^^^^^^^^^^^^^^^^^^^^^^^^^^^^^^^^^^
  File ""D:\decimal_computer\decimal_gemm.py"", line 173, in decimal_gemm_naive
    C = karatsuba_gemm(A, B, cutoff=cutoff, counters=counters)
        ^^^^^^^^^^^^^^^^^^^^^^^^^^^^^^^^^^^^^^^^^^^^^^^^^^^^^^
  File ""D:\decimal_computer\decimal_gemm.py"", line 103, in karatsuba_gemm
    return schoolbook_gemm(A, B, counters=counters)
           ^^^^^^^^^^^^^^^^^^^^^^^^^^^^^^^^^^^^^^^^
  File ""D:\decimal_computer\decimal_gemm.py"", line 73, in schoolbook_gemm
    a = _to_numpy_int_matrix(A)
        ^^^^^^^^^^^^^^^^^^^^^^^
  File ""D:\decimal_computer\decimal_gemm.py"", line 60, in _to_numpy_int_matrix
    return np.array([[int(x) for x in row] for row in M], dtype=np.int64)
                    ^^^^^^^^^^^^^^^^^^^^^^^^^^^^^^^^^^^^
  File ""D:\decimal_computer\decimal_gemm.py"", line 60, in <listcomp>
    return np.array([[int(x) for x in row] for row in M], dtype=np.int64)
                     ^^^^^^^^^^^^^^^^^^^^^
  File ""D:\decimal_computer\decimal_gemm.py"", line 60, in <listcomp>
    return np.array([[int(x) for x in row] for row in M], dtype=np.int64)
                      ^^^^^^
TypeError: int() argument must be a string, a bytes-like object or a real number, not 'list'

During handling of the above exception, another exception occurred:

Traceback (most recent call last):
  File ""C:\Users\asus\AppData\Local\Temp\bench_runner_z2gbs5a1\runner.py"", line 24, in <module>
    res = decimal_gemm_naive(A, B, mul_algo=algo, cutoff=cutoff)
          ^^^^^^^^^^^^^^^^^^^^^^^^^^^^^^^^^^^^^^^^^^^^^^^^^^^^^^
  File ""D:\decimal_computer\decimal_gemm.py"", line 173, in decimal_gemm_naive
    C = karatsuba_gemm(A, B, cutoff=cutoff, counters=counters)
        ^^^^^^^^^^^^^^^^^^^^^^^^^^^^^^^^^^^^^^^^^^^^^^^^^^^^^^
  File ""D:\decimal_computer\decimal_gemm.py"", line 103, in karatsuba_gemm
    return schoolbook_gemm(A, B, counters=counters)
           ^^^^^^^^^^^^^^^^^^^^^^^^^^^^^^^^^^^^^^^^
  File ""D:\decimal_computer\decimal_gemm.py"", line 73, in schoolbook_gemm
    a = _to_numpy_int_matrix(A)
        ^^^^^^^^^^^^^^^^^^^^^^^
  File ""D:\decimal_computer\decimal_gemm.py"", line 60, in _to_numpy_int_matrix
    return np.array([[int(x) for x in row] for row in M], dtype=np.int64)
                    ^^^^^^^^^^^^^^^^^^^^^^^^^^^^^^^^^^^^
  File ""D:\decimal_computer\decimal_gemm.py"", line 60, in <listcomp>
    return np.array([[int(x) for x in row] for row in M], dtype=np.int64)
                     ^^^^^^^^^^^^^^^^^^^^^
  File ""D:\decimal_computer\decimal_gemm.py"", line 60, in <listcomp>
    return np.array([[int(x) for x in row] for row in M], dtype=np.int64)
                      ^^^^^^
TypeError: int() argument must be a string, a bytes-like object or a real number, not 'list'
",4,,,"{""ok"": false, ""error"": ""call_failed"", ""trace"": ""Traceback (most recent call last):\n  File \""C:\\Users\\asus\\AppData\\Local\\Temp\\bench_runner_z2gbs5a1\\runner.py\"", line 21, in <module>\n    res = decimal_gemm_naive(A, B, mul_algo=algo, cutoff=cutoff, return_counters=True)\n          ^^^^^^^^^^^^^^^^^^^^^^^^^^^^^^^^^^^^^^^^^^^^^^^^^^^^^^^^^^^^^^^^^^^^^^^^^^^^\n  File \""D:\\decimal_computer\\decimal_gemm.py\"", line 173, in decimal_gemm_naive\n    C = karatsuba_gemm(A, B, cutoff=cutoff, counters=counters)\n        ^^^^^^^^^^^^^^^^^^^^^^^^^^^^^^^^^^^^^^^^^^^^^^^^^^^^^^\n  File \""D:\\decimal_computer\\decimal_gemm.py\"", line 103, in karatsuba_gemm\n    return schoolbook_gemm(A, B, counters=counters)\n           ^^^^^^^^^^^^^^^^^^^^^^^^^^^^^^^^^^^^^^^^\n  File \""D:\\decimal_computer\\decimal_gemm.py\"", line 73, in schoolbook_gemm\n    a = _to_numpy_int_matrix(A)\n        ^^^^^^^^^^^^^^^^^^^^^^^\n  File \""D:\\decimal_computer\\decimal_gemm.py\"", line 60, in _to_numpy_int_matrix\n    return np.array([[int(x) for x in row] for row in M], dtype=np.int64)\n                    ^^^^^^^^^^^^^^^^^^^^^^^^^^^^^^^^^^^^\n  File \""D:\\decimal_computer\\decimal_gemm.py\"", line 60, in <listcomp>\n    return np.array([[int(x) for x in row] for row in M], dtype=np.int64)\n                     ^^^^^^^^^^^^^^^^^^^^^\n  File \""D:\\decimal_computer\\decimal_gemm.py\"", line 60, in <listcomp>\n    return np.array([[int(x) for x in row] for row in M], dtype=np.int64)\n                      ^^^^^^\nTypeError: int() argument must be a string, a bytes-like object or a real number, not 'list'\n\nDuring handling of the above exception, another exception occurred:\n\nTraceback (most recent call last):\n  File \""C:\\Users\\asus\\AppData\\Local\\Temp\\bench_runner_z2gbs5a1\\runner.py\"", line 24, in <module>\n    res = decimal_gemm_naive(A, B, mul_algo=algo, cutoff=cutoff)\n          ^^^^^^^^^^^^^^^^^^^^^^^^^^^^^^^^^^^^^^^^^^^^^^^^^^^^^^\n  File \""D:\\decimal_computer\\decimal_gemm.py\"", line 173, in decimal_gemm_naive\n    C = karatsuba_gemm(A, B, cutoff=cutoff, counters=counters)\n        ^^^^^^^^^^^^^^^^^^^^^^^^^^^^^^^^^^^^^^^^^^^^^^^^^^^^^^\n  File \""D:\\decimal_computer\\decimal_gemm.py\"", line 103, in karatsuba_gemm\n    return schoolbook_gemm(A, B, counters=counters)\n           ^^^^^^^^^^^^^^^^^^^^^^^^^^^^^^^^^^^^^^^^\n  File \""D:\\decimal_computer\\decimal_gemm.py\"", line 73, in schoolbook_gemm\n    a = _to_numpy_int_matrix(A)\n        ^^^^^^^^^^^^^^^^^^^^^^^\n  File \""D:\\decimal_computer\\decimal_gemm.py\"", line 60, in _to_numpy_int_matrix\n    return np.array([[int(x) for x in row] for row in M], dtype=np.int64)\n                    ^^^^^^^^^^^^^^^^^^^^^^^^^^^^^^^^^^^^\n  File \""D:\\decimal_computer\\decimal_gemm.py\"", line 60, in <listcomp>\n    return np.array([[int(x) for x in row] for row in M], dtype=np.int64)\n                     ^^^^^^^^^^^^^^^^^^^^^\n  File \""D:\\decimal_computer\\decimal_gemm.py\"", line 60, in <listcomp>\n    return np.array([[int(x) for x in row] for row in M], dtype=np.int64)\n                      ^^^^^^\nTypeError: int() argument must be a string, a bytes-like object or a real number, not 'list'\n""}
",
4,3,strassen,0,0.0,,,"runner_error: Traceback (most recent call last):
  File ""C:\Users\asus\AppData\Local\Temp\bench_runner_11zua6qh\runner.py"", line 21, in <module>
    res = decimal_gemm_naive(A, B, mul_algo=algo, cutoff=cutoff, return_counters=True)
          ^^^^^^^^^^^^^^^^^^^^^^^^^^^^^^^^^^^^^^^^^^^^^^^^^^^^^^^^^^^^^^^^^^^^^^^^^^^^
  File ""D:\decimal_computer\decimal_gemm.py"", line 175, in decimal_gemm_naive
    C = strassen_wrapper(A, B, cutoff=cutoff, counters=counters)
        ^^^^^^^^^^^^^^^^^^^^^^^^^^^^^^^^^^^^^^^^^^^^^^^^^^^^^^^^
  File ""D:\decimal_computer\decimal_gemm.py"", line 117, in strassen_wrapper
    return schoolbook_gemm(A, B, counters=counters)
           ^^^^^^^^^^^^^^^^^^^^^^^^^^^^^^^^^^^^^^^^
  File ""D:\decimal_computer\decimal_gemm.py"", line 73, in schoolbook_gemm
    a = _to_numpy_int_matrix(A)
        ^^^^^^^^^^^^^^^^^^^^^^^
  File ""D:\decimal_computer\decimal_gemm.py"", line 60, in _to_numpy_int_matrix
    return np.array([[int(x) for x in row] for row in M], dtype=np.int64)
                    ^^^^^^^^^^^^^^^^^^^^^^^^^^^^^^^^^^^^
  File ""D:\decimal_computer\decimal_gemm.py"", line 60, in <listcomp>
    return np.array([[int(x) for x in row] for row in M], dtype=np.int64)
                     ^^^^^^^^^^^^^^^^^^^^^
  File ""D:\decimal_computer\decimal_gemm.py"", line 60, in <listcomp>
    return np.array([[int(x) for x in row] for row in M], dtype=np.int64)
                      ^^^^^^
TypeError: int() argument must be a string, a bytes-like object or a real number, not 'list'

During handling of the above exception, another exception occurred:

Traceback (most recent call last):
  File ""C:\Users\asus\AppData\Local\Temp\bench_runner_11zua6qh\runner.py"", line 24, in <module>
    res = decimal_gemm_naive(A, B, mul_algo=algo, cutoff=cutoff)
          ^^^^^^^^^^^^^^^^^^^^^^^^^^^^^^^^^^^^^^^^^^^^^^^^^^^^^^
  File ""D:\decimal_computer\decimal_gemm.py"", line 175, in decimal_gemm_naive
    C = strassen_wrapper(A, B, cutoff=cutoff, counters=counters)
        ^^^^^^^^^^^^^^^^^^^^^^^^^^^^^^^^^^^^^^^^^^^^^^^^^^^^^^^^
  File ""D:\decimal_computer\decimal_gemm.py"", line 117, in strassen_wrapper
    return schoolbook_gemm(A, B, counters=counters)
           ^^^^^^^^^^^^^^^^^^^^^^^^^^^^^^^^^^^^^^^^
  File ""D:\decimal_computer\decimal_gemm.py"", line 73, in schoolbook_gemm
    a = _to_numpy_int_matrix(A)
        ^^^^^^^^^^^^^^^^^^^^^^^
  File ""D:\decimal_computer\decimal_gemm.py"", line 60, in _to_numpy_int_matrix
    return np.array([[int(x) for x in row] for row in M], dtype=np.int64)
                    ^^^^^^^^^^^^^^^^^^^^^^^^^^^^^^^^^^^^
  File ""D:\decimal_computer\decimal_gemm.py"", line 60, in <listcomp>
    return np.array([[int(x) for x in row] for row in M], dtype=np.int64)
                     ^^^^^^^^^^^^^^^^^^^^^
  File ""D:\decimal_computer\decimal_gemm.py"", line 60, in <listcomp>
    return np.array([[int(x) for x in row] for row in M], dtype=np.int64)
                      ^^^^^^
TypeError: int() argument must be a string, a bytes-like object or a real number, not 'list'
",4,,,"{""ok"": false, ""error"": ""call_failed"", ""trace"": ""Traceback (most recent call last):\n  File \""C:\\Users\\asus\\AppData\\Local\\Temp\\bench_runner_11zua6qh\\runner.py\"", line 21, in <module>\n    res = decimal_gemm_naive(A, B, mul_algo=algo, cutoff=cutoff, return_counters=True)\n          ^^^^^^^^^^^^^^^^^^^^^^^^^^^^^^^^^^^^^^^^^^^^^^^^^^^^^^^^^^^^^^^^^^^^^^^^^^^^\n  File \""D:\\decimal_computer\\decimal_gemm.py\"", line 175, in decimal_gemm_naive\n    C = strassen_wrapper(A, B, cutoff=cutoff, counters=counters)\n        ^^^^^^^^^^^^^^^^^^^^^^^^^^^^^^^^^^^^^^^^^^^^^^^^^^^^^^^^\n  File \""D:\\decimal_computer\\decimal_gemm.py\"", line 117, in strassen_wrapper\n    return schoolbook_gemm(A, B, counters=counters)\n           ^^^^^^^^^^^^^^^^^^^^^^^^^^^^^^^^^^^^^^^^\n  File \""D:\\decimal_computer\\decimal_gemm.py\"", line 73, in schoolbook_gemm\n    a = _to_numpy_int_matrix(A)\n        ^^^^^^^^^^^^^^^^^^^^^^^\n  File \""D:\\decimal_computer\\decimal_gemm.py\"", line 60, in _to_numpy_int_matrix\n    return np.array([[int(x) for x in row] for row in M], dtype=np.int64)\n                    ^^^^^^^^^^^^^^^^^^^^^^^^^^^^^^^^^^^^\n  File \""D:\\decimal_computer\\decimal_gemm.py\"", line 60, in <listcomp>\n    return np.array([[int(x) for x in row] for row in M], dtype=np.int64)\n                     ^^^^^^^^^^^^^^^^^^^^^\n  File \""D:\\decimal_computer\\decimal_gemm.py\"", line 60, in <listcomp>\n    return np.array([[int(x) for x in row] for row in M], dtype=np.int64)\n                      ^^^^^^\nTypeError: int() argument must be a string, a bytes-like object or a real number, not 'list'\n\nDuring handling of the above exception, another exception occurred:\n\nTraceback (most recent call last):\n  File \""C:\\Users\\asus\\AppData\\Local\\Temp\\bench_runner_11zua6qh\\runner.py\"", line 24, in <module>\n    res = decimal_gemm_naive(A, B, mul_algo=algo, cutoff=cutoff)\n          ^^^^^^^^^^^^^^^^^^^^^^^^^^^^^^^^^^^^^^^^^^^^^^^^^^^^^^\n  File \""D:\\decimal_computer\\decimal_gemm.py\"", line 175, in decimal_gemm_naive\n    C = strassen_wrapper(A, B, cutoff=cutoff, counters=counters)\n        ^^^^^^^^^^^^^^^^^^^^^^^^^^^^^^^^^^^^^^^^^^^^^^^^^^^^^^^^\n  File \""D:\\decimal_computer\\decimal_gemm.py\"", line 117, in strassen_wrapper\n    return schoolbook_gemm(A, B, counters=counters)\n           ^^^^^^^^^^^^^^^^^^^^^^^^^^^^^^^^^^^^^^^^\n  File \""D:\\decimal_computer\\decimal_gemm.py\"", line 73, in schoolbook_gemm\n    a = _to_numpy_int_matrix(A)\n        ^^^^^^^^^^^^^^^^^^^^^^^\n  File \""D:\\decimal_computer\\decimal_gemm.py\"", line 60, in _to_numpy_int_matrix\n    return np.array([[int(x) for x in row] for row in M], dtype=np.int64)\n                    ^^^^^^^^^^^^^^^^^^^^^^^^^^^^^^^^^^^^\n  File \""D:\\decimal_computer\\decimal_gemm.py\"", line 60, in <listcomp>\n    return np.array([[int(x) for x in row] for row in M], dtype=np.int64)\n                     ^^^^^^^^^^^^^^^^^^^^^\n  File \""D:\\decimal_computer\\decimal_gemm.py\"", line 60, in <listcomp>\n    return np.array([[int(x) for x in row] for row in M], dtype=np.int64)\n                      ^^^^^^\nTypeError: int() argument must be a string, a bytes-like object or a real number, not 'list'\n""}
",
4,3,schoolbook,0,0.0,,,"runner_error: Traceback (most recent call last):
  File ""C:\Users\asus\AppData\Local\Temp\bench_runner_ykuef6za\runner.py"", line 21, in <module>
    res = decimal_gemm_naive(A, B, mul_algo=algo, cutoff=cutoff, return_counters=True)
          ^^^^^^^^^^^^^^^^^^^^^^^^^^^^^^^^^^^^^^^^^^^^^^^^^^^^^^^^^^^^^^^^^^^^^^^^^^^^
  File ""D:\decimal_computer\decimal_gemm.py"", line 171, in decimal_gemm_naive
    C = schoolbook_gemm(A, B, counters=counters)
        ^^^^^^^^^^^^^^^^^^^^^^^^^^^^^^^^^^^^^^^^
  File ""D:\decimal_computer\decimal_gemm.py"", line 73, in schoolbook_gemm
    a = _to_numpy_int_matrix(A)
        ^^^^^^^^^^^^^^^^^^^^^^^
  File ""D:\decimal_computer\decimal_gemm.py"", line 60, in _to_numpy_int_matrix
    return np.array([[int(x) for x in row] for row in M], dtype=np.int64)
                    ^^^^^^^^^^^^^^^^^^^^^^^^^^^^^^^^^^^^
  File ""D:\decimal_computer\decimal_gemm.py"", line 60, in <listcomp>
    return np.array([[int(x) for x in row] for row in M], dtype=np.int64)
                     ^^^^^^^^^^^^^^^^^^^^^
  File ""D:\decimal_computer\decimal_gemm.py"", line 60, in <listcomp>
    return np.array([[int(x) for x in row] for row in M], dtype=np.int64)
                      ^^^^^^
TypeError: int() argument must be a string, a bytes-like object or a real number, not 'list'

During handling of the above exception, another exception occurred:

Traceback (most recent call last):
  File ""C:\Users\asus\AppData\Local\Temp\bench_runner_ykuef6za\runner.py"", line 24, in <module>
    res = decimal_gemm_naive(A, B, mul_algo=algo, cutoff=cutoff)
          ^^^^^^^^^^^^^^^^^^^^^^^^^^^^^^^^^^^^^^^^^^^^^^^^^^^^^^
  File ""D:\decimal_computer\decimal_gemm.py"", line 171, in decimal_gemm_naive
    C = schoolbook_gemm(A, B, counters=counters)
        ^^^^^^^^^^^^^^^^^^^^^^^^^^^^^^^^^^^^^^^^
  File ""D:\decimal_computer\decimal_gemm.py"", line 73, in schoolbook_gemm
    a = _to_numpy_int_matrix(A)
        ^^^^^^^^^^^^^^^^^^^^^^^
  File ""D:\decimal_computer\decimal_gemm.py"", line 60, in _to_numpy_int_matrix
    return np.array([[int(x) for x in row] for row in M], dtype=np.int64)
                    ^^^^^^^^^^^^^^^^^^^^^^^^^^^^^^^^^^^^
  File ""D:\decimal_computer\decimal_gemm.py"", line 60, in <listcomp>
    return np.array([[int(x) for x in row] for row in M], dtype=np.int64)
                     ^^^^^^^^^^^^^^^^^^^^^
  File ""D:\decimal_computer\decimal_gemm.py"", line 60, in <listcomp>
    return np.array([[int(x) for x in row] for row in M], dtype=np.int64)
                      ^^^^^^
TypeError: int() argument must be a string, a bytes-like object or a real number, not 'list'
",4,,,"{""ok"": false, ""error"": ""call_failed"", ""trace"": ""Traceback (most recent call last):\n  File \""C:\\Users\\asus\\AppData\\Local\\Temp\\bench_runner_ykuef6za\\runner.py\"", line 21, in <module>\n    res = decimal_gemm_naive(A, B, mul_algo=algo, cutoff=cutoff, return_counters=True)\n          ^^^^^^^^^^^^^^^^^^^^^^^^^^^^^^^^^^^^^^^^^^^^^^^^^^^^^^^^^^^^^^^^^^^^^^^^^^^^\n  File \""D:\\decimal_computer\\decimal_gemm.py\"", line 171, in decimal_gemm_naive\n    C = schoolbook_gemm(A, B, counters=counters)\n        ^^^^^^^^^^^^^^^^^^^^^^^^^^^^^^^^^^^^^^^^\n  File \""D:\\decimal_computer\\decimal_gemm.py\"", line 73, in schoolbook_gemm\n    a = _to_numpy_int_matrix(A)\n        ^^^^^^^^^^^^^^^^^^^^^^^\n  File \""D:\\decimal_computer\\decimal_gemm.py\"", line 60, in _to_numpy_int_matrix\n    return np.array([[int(x) for x in row] for row in M], dtype=np.int64)\n                    ^^^^^^^^^^^^^^^^^^^^^^^^^^^^^^^^^^^^\n  File \""D:\\decimal_computer\\decimal_gemm.py\"", line 60, in <listcomp>\n    return np.array([[int(x) for x in row] for row in M], dtype=np.int64)\n                     ^^^^^^^^^^^^^^^^^^^^^\n  File \""D:\\decimal_computer\\decimal_gemm.py\"", line 60, in <listcomp>\n    return np.array([[int(x) for x in row] for row in M], dtype=np.int64)\n                      ^^^^^^\nTypeError: int() argument must be a string, a bytes-like object or a real number, not 'list'\n\nDuring handling of the above exception, another exception occurred:\n\nTraceback (most recent call last):\n  File \""C:\\Users\\asus\\AppData\\Local\\Temp\\bench_runner_ykuef6za\\runner.py\"", line 24, in <module>\n    res = decimal_gemm_naive(A, B, mul_algo=algo, cutoff=cutoff)\n          ^^^^^^^^^^^^^^^^^^^^^^^^^^^^^^^^^^^^^^^^^^^^^^^^^^^^^^\n  File \""D:\\decimal_computer\\decimal_gemm.py\"", line 171, in decimal_gemm_naive\n    C = schoolbook_gemm(A, B, counters=counters)\n        ^^^^^^^^^^^^^^^^^^^^^^^^^^^^^^^^^^^^^^^^\n  File \""D:\\decimal_computer\\decimal_gemm.py\"", line 73, in schoolbook_gemm\n    a = _to_numpy_int_matrix(A)\n        ^^^^^^^^^^^^^^^^^^^^^^^\n  File \""D:\\decimal_computer\\decimal_gemm.py\"", line 60, in _to_numpy_int_matrix\n    return np.array([[int(x) for x in row] for row in M], dtype=np.int64)\n                    ^^^^^^^^^^^^^^^^^^^^^^^^^^^^^^^^^^^^\n  File \""D:\\decimal_computer\\decimal_gemm.py\"", line 60, in <listcomp>\n    return np.array([[int(x) for x in row] for row in M], dtype=np.int64)\n                     ^^^^^^^^^^^^^^^^^^^^^\n  File \""D:\\decimal_computer\\decimal_gemm.py\"", line 60, in <listcomp>\n    return np.array([[int(x) for x in row] for row in M], dtype=np.int64)\n                      ^^^^^^\nTypeError: int() argument must be a string, a bytes-like object or a real number, not 'list'\n""}
",
4,3,karatsuba,0,0.0,,,"runner_error: Traceback (most recent call last):
  File ""C:\Users\asus\AppData\Local\Temp\bench_runner_8cs5q_h4\runner.py"", line 21, in <module>
    res = decimal_gemm_naive(A, B, mul_algo=algo, cutoff=cutoff, return_counters=True)
          ^^^^^^^^^^^^^^^^^^^^^^^^^^^^^^^^^^^^^^^^^^^^^^^^^^^^^^^^^^^^^^^^^^^^^^^^^^^^
  File ""D:\decimal_computer\decimal_gemm.py"", line 173, in decimal_gemm_naive
    C = karatsuba_gemm(A, B, cutoff=cutoff, counters=counters)
        ^^^^^^^^^^^^^^^^^^^^^^^^^^^^^^^^^^^^^^^^^^^^^^^^^^^^^^
  File ""D:\decimal_computer\decimal_gemm.py"", line 103, in karatsuba_gemm
    return schoolbook_gemm(A, B, counters=counters)
           ^^^^^^^^^^^^^^^^^^^^^^^^^^^^^^^^^^^^^^^^
  File ""D:\decimal_computer\decimal_gemm.py"", line 73, in schoolbook_gemm
    a = _to_numpy_int_matrix(A)
        ^^^^^^^^^^^^^^^^^^^^^^^
  File ""D:\decimal_computer\decimal_gemm.py"", line 60, in _to_numpy_int_matrix
    return np.array([[int(x) for x in row] for row in M], dtype=np.int64)
                    ^^^^^^^^^^^^^^^^^^^^^^^^^^^^^^^^^^^^
  File ""D:\decimal_computer\decimal_gemm.py"", line 60, in <listcomp>
    return np.array([[int(x) for x in row] for row in M], dtype=np.int64)
                     ^^^^^^^^^^^^^^^^^^^^^
  File ""D:\decimal_computer\decimal_gemm.py"", line 60, in <listcomp>
    return np.array([[int(x) for x in row] for row in M], dtype=np.int64)
                      ^^^^^^
TypeError: int() argument must be a string, a bytes-like object or a real number, not 'list'

During handling of the above exception, another exception occurred:

Traceback (most recent call last):
  File ""C:\Users\asus\AppData\Local\Temp\bench_runner_8cs5q_h4\runner.py"", line 24, in <module>
    res = decimal_gemm_naive(A, B, mul_algo=algo, cutoff=cutoff)
          ^^^^^^^^^^^^^^^^^^^^^^^^^^^^^^^^^^^^^^^^^^^^^^^^^^^^^^
  File ""D:\decimal_computer\decimal_gemm.py"", line 173, in decimal_gemm_naive
    C = karatsuba_gemm(A, B, cutoff=cutoff, counters=counters)
        ^^^^^^^^^^^^^^^^^^^^^^^^^^^^^^^^^^^^^^^^^^^^^^^^^^^^^^
  File ""D:\decimal_computer\decimal_gemm.py"", line 103, in karatsuba_gemm
    return schoolbook_gemm(A, B, counters=counters)
           ^^^^^^^^^^^^^^^^^^^^^^^^^^^^^^^^^^^^^^^^
  File ""D:\decimal_computer\decimal_gemm.py"", line 73, in schoolbook_gemm
    a = _to_numpy_int_matrix(A)
        ^^^^^^^^^^^^^^^^^^^^^^^
  File ""D:\decimal_computer\decimal_gemm.py"", line 60, in _to_numpy_int_matrix
    return np.array([[int(x) for x in row] for row in M], dtype=np.int64)
                    ^^^^^^^^^^^^^^^^^^^^^^^^^^^^^^^^^^^^
  File ""D:\decimal_computer\decimal_gemm.py"", line 60, in <listcomp>
    return np.array([[int(x) for x in row] for row in M], dtype=np.int64)
                     ^^^^^^^^^^^^^^^^^^^^^
  File ""D:\decimal_computer\decimal_gemm.py"", line 60, in <listcomp>
    return np.array([[int(x) for x in row] for row in M], dtype=np.int64)
                      ^^^^^^
TypeError: int() argument must be a string, a bytes-like object or a real number, not 'list'
",4,,,"{""ok"": false, ""error"": ""call_failed"", ""trace"": ""Traceback (most recent call last):\n  File \""C:\\Users\\asus\\AppData\\Local\\Temp\\bench_runner_8cs5q_h4\\runner.py\"", line 21, in <module>\n    res = decimal_gemm_naive(A, B, mul_algo=algo, cutoff=cutoff, return_counters=True)\n          ^^^^^^^^^^^^^^^^^^^^^^^^^^^^^^^^^^^^^^^^^^^^^^^^^^^^^^^^^^^^^^^^^^^^^^^^^^^^\n  File \""D:\\decimal_computer\\decimal_gemm.py\"", line 173, in decimal_gemm_naive\n    C = karatsuba_gemm(A, B, cutoff=cutoff, counters=counters)\n        ^^^^^^^^^^^^^^^^^^^^^^^^^^^^^^^^^^^^^^^^^^^^^^^^^^^^^^\n  File \""D:\\decimal_computer\\decimal_gemm.py\"", line 103, in karatsuba_gemm\n    return schoolbook_gemm(A, B, counters=counters)\n           ^^^^^^^^^^^^^^^^^^^^^^^^^^^^^^^^^^^^^^^^\n  File \""D:\\decimal_computer\\decimal_gemm.py\"", line 73, in schoolbook_gemm\n    a = _to_numpy_int_matrix(A)\n        ^^^^^^^^^^^^^^^^^^^^^^^\n  File \""D:\\decimal_computer\\decimal_gemm.py\"", line 60, in _to_numpy_int_matrix\n    return np.array([[int(x) for x in row] for row in M], dtype=np.int64)\n                    ^^^^^^^^^^^^^^^^^^^^^^^^^^^^^^^^^^^^\n  File \""D:\\decimal_computer\\decimal_gemm.py\"", line 60, in <listcomp>\n    return np.array([[int(x) for x in row] for row in M], dtype=np.int64)\n                     ^^^^^^^^^^^^^^^^^^^^^\n  File \""D:\\decimal_computer\\decimal_gemm.py\"", line 60, in <listcomp>\n    return np.array([[int(x) for x in row] for row in M], dtype=np.int64)\n                      ^^^^^^\nTypeError: int() argument must be a string, a bytes-like object or a real number, not 'list'\n\nDuring handling of the above exception, another exception occurred:\n\nTraceback (most recent call last):\n  File \""C:\\Users\\asus\\AppData\\Local\\Temp\\bench_runner_8cs5q_h4\\runner.py\"", line 24, in <module>\n    res = decimal_gemm_naive(A, B, mul_algo=algo, cutoff=cutoff)\n          ^^^^^^^^^^^^^^^^^^^^^^^^^^^^^^^^^^^^^^^^^^^^^^^^^^^^^^\n  File \""D:\\decimal_computer\\decimal_gemm.py\"", line 173, in decimal_gemm_naive\n    C = karatsuba_gemm(A, B, cutoff=cutoff, counters=counters)\n        ^^^^^^^^^^^^^^^^^^^^^^^^^^^^^^^^^^^^^^^^^^^^^^^^^^^^^^\n  File \""D:\\decimal_computer\\decimal_gemm.py\"", line 103, in karatsuba_gemm\n    return schoolbook_gemm(A, B, counters=counters)\n           ^^^^^^^^^^^^^^^^^^^^^^^^^^^^^^^^^^^^^^^^\n  File \""D:\\decimal_computer\\decimal_gemm.py\"", line 73, in schoolbook_gemm\n    a = _to_numpy_int_matrix(A)\n        ^^^^^^^^^^^^^^^^^^^^^^^\n  File \""D:\\decimal_computer\\decimal_gemm.py\"", line 60, in _to_numpy_int_matrix\n    return np.array([[int(x) for x in row] for row in M], dtype=np.int64)\n                    ^^^^^^^^^^^^^^^^^^^^^^^^^^^^^^^^^^^^\n  File \""D:\\decimal_computer\\decimal_gemm.py\"", line 60, in <listcomp>\n    return np.array([[int(x) for x in row] for row in M], dtype=np.int64)\n                     ^^^^^^^^^^^^^^^^^^^^^\n  File \""D:\\decimal_computer\\decimal_gemm.py\"", line 60, in <listcomp>\n    return np.array([[int(x) for x in row] for row in M], dtype=np.int64)\n                      ^^^^^^\nTypeError: int() argument must be a string, a bytes-like object or a real number, not 'list'\n""}
",
4,3,strassen,0,0.0,,,"runner_error: Traceback (most recent call last):
  File ""C:\Users\asus\AppData\Local\Temp\bench_runner_rfmvpy4l\runner.py"", line 21, in <module>
    res = decimal_gemm_naive(A, B, mul_algo=algo, cutoff=cutoff, return_counters=True)
          ^^^^^^^^^^^^^^^^^^^^^^^^^^^^^^^^^^^^^^^^^^^^^^^^^^^^^^^^^^^^^^^^^^^^^^^^^^^^
  File ""D:\decimal_computer\decimal_gemm.py"", line 175, in decimal_gemm_naive
    C = strassen_wrapper(A, B, cutoff=cutoff, counters=counters)
        ^^^^^^^^^^^^^^^^^^^^^^^^^^^^^^^^^^^^^^^^^^^^^^^^^^^^^^^^
  File ""D:\decimal_computer\decimal_gemm.py"", line 117, in strassen_wrapper
    return schoolbook_gemm(A, B, counters=counters)
           ^^^^^^^^^^^^^^^^^^^^^^^^^^^^^^^^^^^^^^^^
  File ""D:\decimal_computer\decimal_gemm.py"", line 73, in schoolbook_gemm
    a = _to_numpy_int_matrix(A)
        ^^^^^^^^^^^^^^^^^^^^^^^
  File ""D:\decimal_computer\decimal_gemm.py"", line 60, in _to_numpy_int_matrix
    return np.array([[int(x) for x in row] for row in M], dtype=np.int64)
                    ^^^^^^^^^^^^^^^^^^^^^^^^^^^^^^^^^^^^
  File ""D:\decimal_computer\decimal_gemm.py"", line 60, in <listcomp>
    return np.array([[int(x) for x in row] for row in M], dtype=np.int64)
                     ^^^^^^^^^^^^^^^^^^^^^
  File ""D:\decimal_computer\decimal_gemm.py"", line 60, in <listcomp>
    return np.array([[int(x) for x in row] for row in M], dtype=np.int64)
                      ^^^^^^
TypeError: int() argument must be a string, a bytes-like object or a real number, not 'list'

During handling of the above exception, another exception occurred:

Traceback (most recent call last):
  File ""C:\Users\asus\AppData\Local\Temp\bench_runner_rfmvpy4l\runner.py"", line 24, in <module>
    res = decimal_gemm_naive(A, B, mul_algo=algo, cutoff=cutoff)
          ^^^^^^^^^^^^^^^^^^^^^^^^^^^^^^^^^^^^^^^^^^^^^^^^^^^^^^
  File ""D:\decimal_computer\decimal_gemm.py"", line 175, in decimal_gemm_naive
    C = strassen_wrapper(A, B, cutoff=cutoff, counters=counters)
        ^^^^^^^^^^^^^^^^^^^^^^^^^^^^^^^^^^^^^^^^^^^^^^^^^^^^^^^^
  File ""D:\decimal_computer\decimal_gemm.py"", line 117, in strassen_wrapper
    return schoolbook_gemm(A, B, counters=counters)
           ^^^^^^^^^^^^^^^^^^^^^^^^^^^^^^^^^^^^^^^^
  File ""D:\decimal_computer\decimal_gemm.py"", line 73, in schoolbook_gemm
    a = _to_numpy_int_matrix(A)
        ^^^^^^^^^^^^^^^^^^^^^^^
  File ""D:\decimal_computer\decimal_gemm.py"", line 60, in _to_numpy_int_matrix
    return np.array([[int(x) for x in row] for row in M], dtype=np.int64)
                    ^^^^^^^^^^^^^^^^^^^^^^^^^^^^^^^^^^^^
  File ""D:\decimal_computer\decimal_gemm.py"", line 60, in <listcomp>
    return np.array([[int(x) for x in row] for row in M], dtype=np.int64)
                     ^^^^^^^^^^^^^^^^^^^^^
  File ""D:\decimal_computer\decimal_gemm.py"", line 60, in <listcomp>
    return np.array([[int(x) for x in row] for row in M], dtype=np.int64)
                      ^^^^^^
TypeError: int() argument must be a string, a bytes-like object or a real number, not 'list'
",4,,,"{""ok"": false, ""error"": ""call_failed"", ""trace"": ""Traceback (most recent call last):\n  File \""C:\\Users\\asus\\AppData\\Local\\Temp\\bench_runner_rfmvpy4l\\runner.py\"", line 21, in <module>\n    res = decimal_gemm_naive(A, B, mul_algo=algo, cutoff=cutoff, return_counters=True)\n          ^^^^^^^^^^^^^^^^^^^^^^^^^^^^^^^^^^^^^^^^^^^^^^^^^^^^^^^^^^^^^^^^^^^^^^^^^^^^\n  File \""D:\\decimal_computer\\decimal_gemm.py\"", line 175, in decimal_gemm_naive\n    C = strassen_wrapper(A, B, cutoff=cutoff, counters=counters)\n        ^^^^^^^^^^^^^^^^^^^^^^^^^^^^^^^^^^^^^^^^^^^^^^^^^^^^^^^^\n  File \""D:\\decimal_computer\\decimal_gemm.py\"", line 117, in strassen_wrapper\n    return schoolbook_gemm(A, B, counters=counters)\n           ^^^^^^^^^^^^^^^^^^^^^^^^^^^^^^^^^^^^^^^^\n  File \""D:\\decimal_computer\\decimal_gemm.py\"", line 73, in schoolbook_gemm\n    a = _to_numpy_int_matrix(A)\n        ^^^^^^^^^^^^^^^^^^^^^^^\n  File \""D:\\decimal_computer\\decimal_gemm.py\"", line 60, in _to_numpy_int_matrix\n    return np.array([[int(x) for x in row] for row in M], dtype=np.int64)\n                    ^^^^^^^^^^^^^^^^^^^^^^^^^^^^^^^^^^^^\n  File \""D:\\decimal_computer\\decimal_gemm.py\"", line 60, in <listcomp>\n    return np.array([[int(x) for x in row] for row in M], dtype=np.int64)\n                     ^^^^^^^^^^^^^^^^^^^^^\n  File \""D:\\decimal_computer\\decimal_gemm.py\"", line 60, in <listcomp>\n    return np.array([[int(x) for x in row] for row in M], dtype=np.int64)\n                      ^^^^^^\nTypeError: int() argument must be a string, a bytes-like object or a real number, not 'list'\n\nDuring handling of the above exception, another exception occurred:\n\nTraceback (most recent call last):\n  File \""C:\\Users\\asus\\AppData\\Local\\Temp\\bench_runner_rfmvpy4l\\runner.py\"", line 24, in <module>\n    res = decimal_gemm_naive(A, B, mul_algo=algo, cutoff=cutoff)\n          ^^^^^^^^^^^^^^^^^^^^^^^^^^^^^^^^^^^^^^^^^^^^^^^^^^^^^^\n  File \""D:\\decimal_computer\\decimal_gemm.py\"", line 175, in decimal_gemm_naive\n    C = strassen_wrapper(A, B, cutoff=cutoff, counters=counters)\n        ^^^^^^^^^^^^^^^^^^^^^^^^^^^^^^^^^^^^^^^^^^^^^^^^^^^^^^^^\n  File \""D:\\decimal_computer\\decimal_gemm.py\"", line 117, in strassen_wrapper\n    return schoolbook_gemm(A, B, counters=counters)\n           ^^^^^^^^^^^^^^^^^^^^^^^^^^^^^^^^^^^^^^^^\n  File \""D:\\decimal_computer\\decimal_gemm.py\"", line 73, in schoolbook_gemm\n    a = _to_numpy_int_matrix(A)\n        ^^^^^^^^^^^^^^^^^^^^^^^\n  File \""D:\\decimal_computer\\decimal_gemm.py\"", line 60, in _to_numpy_int_matrix\n    return np.array([[int(x) for x in row] for row in M], dtype=np.int64)\n                    ^^^^^^^^^^^^^^^^^^^^^^^^^^^^^^^^^^^^\n  File \""D:\\decimal_computer\\decimal_gemm.py\"", line 60, in <listcomp>\n    return np.array([[int(x) for x in row] for row in M], dtype=np.int64)\n                     ^^^^^^^^^^^^^^^^^^^^^\n  File \""D:\\decimal_computer\\decimal_gemm.py\"", line 60, in <listcomp>\n    return np.array([[int(x) for x in row] for row in M], dtype=np.int64)\n                      ^^^^^^\nTypeError: int() argument must be a string, a bytes-like object or a real number, not 'list'\n""}
",
4,3,schoolbook,0,0.0,,,"runner_error: Traceback (most recent call last):
  File ""C:\Users\asus\AppData\Local\Temp\bench_runner_e4c5mieq\runner.py"", line 21, in <module>
    res = decimal_gemm_naive(A, B, mul_algo=algo, cutoff=cutoff, return_counters=True)
          ^^^^^^^^^^^^^^^^^^^^^^^^^^^^^^^^^^^^^^^^^^^^^^^^^^^^^^^^^^^^^^^^^^^^^^^^^^^^
  File ""D:\decimal_computer\decimal_gemm.py"", line 171, in decimal_gemm_naive
    C = schoolbook_gemm(A, B, counters=counters)
        ^^^^^^^^^^^^^^^^^^^^^^^^^^^^^^^^^^^^^^^^
  File ""D:\decimal_computer\decimal_gemm.py"", line 73, in schoolbook_gemm
    a = _to_numpy_int_matrix(A)
        ^^^^^^^^^^^^^^^^^^^^^^^
  File ""D:\decimal_computer\decimal_gemm.py"", line 60, in _to_numpy_int_matrix
    return np.array([[int(x) for x in row] for row in M], dtype=np.int64)
                    ^^^^^^^^^^^^^^^^^^^^^^^^^^^^^^^^^^^^
  File ""D:\decimal_computer\decimal_gemm.py"", line 60, in <listcomp>
    return np.array([[int(x) for x in row] for row in M], dtype=np.int64)
                     ^^^^^^^^^^^^^^^^^^^^^
  File ""D:\decimal_computer\decimal_gemm.py"", line 60, in <listcomp>
    return np.array([[int(x) for x in row] for row in M], dtype=np.int64)
                      ^^^^^^
TypeError: int() argument must be a string, a bytes-like object or a real number, not 'list'

During handling of the above exception, another exception occurred:

Traceback (most recent call last):
  File ""C:\Users\asus\AppData\Local\Temp\bench_runner_e4c5mieq\runner.py"", line 24, in <module>
    res = decimal_gemm_naive(A, B, mul_algo=algo, cutoff=cutoff)
          ^^^^^^^^^^^^^^^^^^^^^^^^^^^^^^^^^^^^^^^^^^^^^^^^^^^^^^
  File ""D:\decimal_computer\decimal_gemm.py"", line 171, in decimal_gemm_naive
    C = schoolbook_gemm(A, B, counters=counters)
        ^^^^^^^^^^^^^^^^^^^^^^^^^^^^^^^^^^^^^^^^
  File ""D:\decimal_computer\decimal_gemm.py"", line 73, in schoolbook_gemm
    a = _to_numpy_int_matrix(A)
        ^^^^^^^^^^^^^^^^^^^^^^^
  File ""D:\decimal_computer\decimal_gemm.py"", line 60, in _to_numpy_int_matrix
    return np.array([[int(x) for x in row] for row in M], dtype=np.int64)
                    ^^^^^^^^^^^^^^^^^^^^^^^^^^^^^^^^^^^^
  File ""D:\decimal_computer\decimal_gemm.py"", line 60, in <listcomp>
    return np.array([[int(x) for x in row] for row in M], dtype=np.int64)
                     ^^^^^^^^^^^^^^^^^^^^^
  File ""D:\decimal_computer\decimal_gemm.py"", line 60, in <listcomp>
    return np.array([[int(x) for x in row] for row in M], dtype=np.int64)
                      ^^^^^^
TypeError: int() argument must be a string, a bytes-like object or a real number, not 'list'
",4,,,"{""ok"": false, ""error"": ""call_failed"", ""trace"": ""Traceback (most recent call last):\n  File \""C:\\Users\\asus\\AppData\\Local\\Temp\\bench_runner_e4c5mieq\\runner.py\"", line 21, in <module>\n    res = decimal_gemm_naive(A, B, mul_algo=algo, cutoff=cutoff, return_counters=True)\n          ^^^^^^^^^^^^^^^^^^^^^^^^^^^^^^^^^^^^^^^^^^^^^^^^^^^^^^^^^^^^^^^^^^^^^^^^^^^^\n  File \""D:\\decimal_computer\\decimal_gemm.py\"", line 171, in decimal_gemm_naive\n    C = schoolbook_gemm(A, B, counters=counters)\n        ^^^^^^^^^^^^^^^^^^^^^^^^^^^^^^^^^^^^^^^^\n  File \""D:\\decimal_computer\\decimal_gemm.py\"", line 73, in schoolbook_gemm\n    a = _to_numpy_int_matrix(A)\n        ^^^^^^^^^^^^^^^^^^^^^^^\n  File \""D:\\decimal_computer\\decimal_gemm.py\"", line 60, in _to_numpy_int_matrix\n    return np.array([[int(x) for x in row] for row in M], dtype=np.int64)\n                    ^^^^^^^^^^^^^^^^^^^^^^^^^^^^^^^^^^^^\n  File \""D:\\decimal_computer\\decimal_gemm.py\"", line 60, in <listcomp>\n    return np.array([[int(x) for x in row] for row in M], dtype=np.int64)\n                     ^^^^^^^^^^^^^^^^^^^^^\n  File \""D:\\decimal_computer\\decimal_gemm.py\"", line 60, in <listcomp>\n    return np.array([[int(x) for x in row] for row in M], dtype=np.int64)\n                      ^^^^^^\nTypeError: int() argument must be a string, a bytes-like object or a real number, not 'list'\n\nDuring handling of the above exception, another exception occurred:\n\nTraceback (most recent call last):\n  File \""C:\\Users\\asus\\AppData\\Local\\Temp\\bench_runner_e4c5mieq\\runner.py\"", line 24, in <module>\n    res = decimal_gemm_naive(A, B, mul_algo=algo, cutoff=cutoff)\n          ^^^^^^^^^^^^^^^^^^^^^^^^^^^^^^^^^^^^^^^^^^^^^^^^^^^^^^\n  File \""D:\\decimal_computer\\decimal_gemm.py\"", line 171, in decimal_gemm_naive\n    C = schoolbook_gemm(A, B, counters=counters)\n        ^^^^^^^^^^^^^^^^^^^^^^^^^^^^^^^^^^^^^^^^\n  File \""D:\\decimal_computer\\decimal_gemm.py\"", line 73, in schoolbook_gemm\n    a = _to_numpy_int_matrix(A)\n        ^^^^^^^^^^^^^^^^^^^^^^^\n  File \""D:\\decimal_computer\\decimal_gemm.py\"", line 60, in _to_numpy_int_matrix\n    return np.array([[int(x) for x in row] for row in M], dtype=np.int64)\n                    ^^^^^^^^^^^^^^^^^^^^^^^^^^^^^^^^^^^^\n  File \""D:\\decimal_computer\\decimal_gemm.py\"", line 60, in <listcomp>\n    return np.array([[int(x) for x in row] for row in M], dtype=np.int64)\n                     ^^^^^^^^^^^^^^^^^^^^^\n  File \""D:\\decimal_computer\\decimal_gemm.py\"", line 60, in <listcomp>\n    return np.array([[int(x) for x in row] for row in M], dtype=np.int64)\n                      ^^^^^^\nTypeError: int() argument must be a string, a bytes-like object or a real number, not 'list'\n""}
",
4,3,karatsuba,0,0.0,,,"runner_error: Traceback (most recent call last):
  File ""C:\Users\asus\AppData\Local\Temp\bench_runner_h1z3gwj2\runner.py"", line 21, in <module>
    res = decimal_gemm_naive(A, B, mul_algo=algo, cutoff=cutoff, return_counters=True)
          ^^^^^^^^^^^^^^^^^^^^^^^^^^^^^^^^^^^^^^^^^^^^^^^^^^^^^^^^^^^^^^^^^^^^^^^^^^^^
  File ""D:\decimal_computer\decimal_gemm.py"", line 173, in decimal_gemm_naive
    C = karatsuba_gemm(A, B, cutoff=cutoff, counters=counters)
        ^^^^^^^^^^^^^^^^^^^^^^^^^^^^^^^^^^^^^^^^^^^^^^^^^^^^^^
  File ""D:\decimal_computer\decimal_gemm.py"", line 103, in karatsuba_gemm
    return schoolbook_gemm(A, B, counters=counters)
           ^^^^^^^^^^^^^^^^^^^^^^^^^^^^^^^^^^^^^^^^
  File ""D:\decimal_computer\decimal_gemm.py"", line 73, in schoolbook_gemm
    a = _to_numpy_int_matrix(A)
        ^^^^^^^^^^^^^^^^^^^^^^^
  File ""D:\decimal_computer\decimal_gemm.py"", line 60, in _to_numpy_int_matrix
    return np.array([[int(x) for x in row] for row in M], dtype=np.int64)
                    ^^^^^^^^^^^^^^^^^^^^^^^^^^^^^^^^^^^^
  File ""D:\decimal_computer\decimal_gemm.py"", line 60, in <listcomp>
    return np.array([[int(x) for x in row] for row in M], dtype=np.int64)
                     ^^^^^^^^^^^^^^^^^^^^^
  File ""D:\decimal_computer\decimal_gemm.py"", line 60, in <listcomp>
    return np.array([[int(x) for x in row] for row in M], dtype=np.int64)
                      ^^^^^^
TypeError: int() argument must be a string, a bytes-like object or a real number, not 'list'

During handling of the above exception, another exception occurred:

Traceback (most recent call last):
  File ""C:\Users\asus\AppData\Local\Temp\bench_runner_h1z3gwj2\runner.py"", line 24, in <module>
    res = decimal_gemm_naive(A, B, mul_algo=algo, cutoff=cutoff)
          ^^^^^^^^^^^^^^^^^^^^^^^^^^^^^^^^^^^^^^^^^^^^^^^^^^^^^^
  File ""D:\decimal_computer\decimal_gemm.py"", line 173, in decimal_gemm_naive
    C = karatsuba_gemm(A, B, cutoff=cutoff, counters=counters)
        ^^^^^^^^^^^^^^^^^^^^^^^^^^^^^^^^^^^^^^^^^^^^^^^^^^^^^^
  File ""D:\decimal_computer\decimal_gemm.py"", line 103, in karatsuba_gemm
    return schoolbook_gemm(A, B, counters=counters)
           ^^^^^^^^^^^^^^^^^^^^^^^^^^^^^^^^^^^^^^^^
  File ""D:\decimal_computer\decimal_gemm.py"", line 73, in schoolbook_gemm
    a = _to_numpy_int_matrix(A)
        ^^^^^^^^^^^^^^^^^^^^^^^
  File ""D:\decimal_computer\decimal_gemm.py"", line 60, in _to_numpy_int_matrix
    return np.array([[int(x) for x in row] for row in M], dtype=np.int64)
                    ^^^^^^^^^^^^^^^^^^^^^^^^^^^^^^^^^^^^
  File ""D:\decimal_computer\decimal_gemm.py"", line 60, in <listcomp>
    return np.array([[int(x) for x in row] for row in M], dtype=np.int64)
                     ^^^^^^^^^^^^^^^^^^^^^
  File ""D:\decimal_computer\decimal_gemm.py"", line 60, in <listcomp>
    return np.array([[int(x) for x in row] for row in M], dtype=np.int64)
                      ^^^^^^
TypeError: int() argument must be a string, a bytes-like object or a real number, not 'list'
",4,,,"{""ok"": false, ""error"": ""call_failed"", ""trace"": ""Traceback (most recent call last):\n  File \""C:\\Users\\asus\\AppData\\Local\\Temp\\bench_runner_h1z3gwj2\\runner.py\"", line 21, in <module>\n    res = decimal_gemm_naive(A, B, mul_algo=algo, cutoff=cutoff, return_counters=True)\n          ^^^^^^^^^^^^^^^^^^^^^^^^^^^^^^^^^^^^^^^^^^^^^^^^^^^^^^^^^^^^^^^^^^^^^^^^^^^^\n  File \""D:\\decimal_computer\\decimal_gemm.py\"", line 173, in decimal_gemm_naive\n    C = karatsuba_gemm(A, B, cutoff=cutoff, counters=counters)\n        ^^^^^^^^^^^^^^^^^^^^^^^^^^^^^^^^^^^^^^^^^^^^^^^^^^^^^^\n  File \""D:\\decimal_computer\\decimal_gemm.py\"", line 103, in karatsuba_gemm\n    return schoolbook_gemm(A, B, counters=counters)\n           ^^^^^^^^^^^^^^^^^^^^^^^^^^^^^^^^^^^^^^^^\n  File \""D:\\decimal_computer\\decimal_gemm.py\"", line 73, in schoolbook_gemm\n    a = _to_numpy_int_matrix(A)\n        ^^^^^^^^^^^^^^^^^^^^^^^\n  File \""D:\\decimal_computer\\decimal_gemm.py\"", line 60, in _to_numpy_int_matrix\n    return np.array([[int(x) for x in row] for row in M], dtype=np.int64)\n                    ^^^^^^^^^^^^^^^^^^^^^^^^^^^^^^^^^^^^\n  File \""D:\\decimal_computer\\decimal_gemm.py\"", line 60, in <listcomp>\n    return np.array([[int(x) for x in row] for row in M], dtype=np.int64)\n                     ^^^^^^^^^^^^^^^^^^^^^\n  File \""D:\\decimal_computer\\decimal_gemm.py\"", line 60, in <listcomp>\n    return np.array([[int(x) for x in row] for row in M], dtype=np.int64)\n                      ^^^^^^\nTypeError: int() argument must be a string, a bytes-like object or a real number, not 'list'\n\nDuring handling of the above exception, another exception occurred:\n\nTraceback (most recent call last):\n  File \""C:\\Users\\asus\\AppData\\Local\\Temp\\bench_runner_h1z3gwj2\\runner.py\"", line 24, in <module>\n    res = decimal_gemm_naive(A, B, mul_algo=algo, cutoff=cutoff)\n          ^^^^^^^^^^^^^^^^^^^^^^^^^^^^^^^^^^^^^^^^^^^^^^^^^^^^^^\n  File \""D:\\decimal_computer\\decimal_gemm.py\"", line 173, in decimal_gemm_naive\n    C = karatsuba_gemm(A, B, cutoff=cutoff, counters=counters)\n        ^^^^^^^^^^^^^^^^^^^^^^^^^^^^^^^^^^^^^^^^^^^^^^^^^^^^^^\n  File \""D:\\decimal_computer\\decimal_gemm.py\"", line 103, in karatsuba_gemm\n    return schoolbook_gemm(A, B, counters=counters)\n           ^^^^^^^^^^^^^^^^^^^^^^^^^^^^^^^^^^^^^^^^\n  File \""D:\\decimal_computer\\decimal_gemm.py\"", line 73, in schoolbook_gemm\n    a = _to_numpy_int_matrix(A)\n        ^^^^^^^^^^^^^^^^^^^^^^^\n  File \""D:\\decimal_computer\\decimal_gemm.py\"", line 60, in _to_numpy_int_matrix\n    return np.array([[int(x) for x in row] for row in M], dtype=np.int64)\n                    ^^^^^^^^^^^^^^^^^^^^^^^^^^^^^^^^^^^^\n  File \""D:\\decimal_computer\\decimal_gemm.py\"", line 60, in <listcomp>\n    return np.array([[int(x) for x in row] for row in M], dtype=np.int64)\n                     ^^^^^^^^^^^^^^^^^^^^^\n  File \""D:\\decimal_computer\\decimal_gemm.py\"", line 60, in <listcomp>\n    return np.array([[int(x) for x in row] for row in M], dtype=np.int64)\n                      ^^^^^^\nTypeError: int() argument must be a string, a bytes-like object or a real number, not 'list'\n""}
",
4,3,strassen,0,0.0,,,"runner_error: Traceback (most recent call last):
  File ""C:\Users\asus\AppData\Local\Temp\bench_runner_xghssdc5\runner.py"", line 21, in <module>
    res = decimal_gemm_naive(A, B, mul_algo=algo, cutoff=cutoff, return_counters=True)
          ^^^^^^^^^^^^^^^^^^^^^^^^^^^^^^^^^^^^^^^^^^^^^^^^^^^^^^^^^^^^^^^^^^^^^^^^^^^^
  File ""D:\decimal_computer\decimal_gemm.py"", line 175, in decimal_gemm_naive
    C = strassen_wrapper(A, B, cutoff=cutoff, counters=counters)
        ^^^^^^^^^^^^^^^^^^^^^^^^^^^^^^^^^^^^^^^^^^^^^^^^^^^^^^^^
  File ""D:\decimal_computer\decimal_gemm.py"", line 117, in strassen_wrapper
    return schoolbook_gemm(A, B, counters=counters)
           ^^^^^^^^^^^^^^^^^^^^^^^^^^^^^^^^^^^^^^^^
  File ""D:\decimal_computer\decimal_gemm.py"", line 73, in schoolbook_gemm
    a = _to_numpy_int_matrix(A)
        ^^^^^^^^^^^^^^^^^^^^^^^
  File ""D:\decimal_computer\decimal_gemm.py"", line 60, in _to_numpy_int_matrix
    return np.array([[int(x) for x in row] for row in M], dtype=np.int64)
                    ^^^^^^^^^^^^^^^^^^^^^^^^^^^^^^^^^^^^
  File ""D:\decimal_computer\decimal_gemm.py"", line 60, in <listcomp>
    return np.array([[int(x) for x in row] for row in M], dtype=np.int64)
                     ^^^^^^^^^^^^^^^^^^^^^
  File ""D:\decimal_computer\decimal_gemm.py"", line 60, in <listcomp>
    return np.array([[int(x) for x in row] for row in M], dtype=np.int64)
                      ^^^^^^
TypeError: int() argument must be a string, a bytes-like object or a real number, not 'list'

During handling of the above exception, another exception occurred:

Traceback (most recent call last):
  File ""C:\Users\asus\AppData\Local\Temp\bench_runner_xghssdc5\runner.py"", line 24, in <module>
    res = decimal_gemm_naive(A, B, mul_algo=algo, cutoff=cutoff)
          ^^^^^^^^^^^^^^^^^^^^^^^^^^^^^^^^^^^^^^^^^^^^^^^^^^^^^^
  File ""D:\decimal_computer\decimal_gemm.py"", line 175, in decimal_gemm_naive
    C = strassen_wrapper(A, B, cutoff=cutoff, counters=counters)
        ^^^^^^^^^^^^^^^^^^^^^^^^^^^^^^^^^^^^^^^^^^^^^^^^^^^^^^^^
  File ""D:\decimal_computer\decimal_gemm.py"", line 117, in strassen_wrapper
    return schoolbook_gemm(A, B, counters=counters)
           ^^^^^^^^^^^^^^^^^^^^^^^^^^^^^^^^^^^^^^^^
  File ""D:\decimal_computer\decimal_gemm.py"", line 73, in schoolbook_gemm
    a = _to_numpy_int_matrix(A)
        ^^^^^^^^^^^^^^^^^^^^^^^
  File ""D:\decimal_computer\decimal_gemm.py"", line 60, in _to_numpy_int_matrix
    return np.array([[int(x) for x in row] for row in M], dtype=np.int64)
                    ^^^^^^^^^^^^^^^^^^^^^^^^^^^^^^^^^^^^
  File ""D:\decimal_computer\decimal_gemm.py"", line 60, in <listcomp>
    return np.array([[int(x) for x in row] for row in M], dtype=np.int64)
                     ^^^^^^^^^^^^^^^^^^^^^
  File ""D:\decimal_computer\decimal_gemm.py"", line 60, in <listcomp>
    return np.array([[int(x) for x in row] for row in M], dtype=np.int64)
                      ^^^^^^
TypeError: int() argument must be a string, a bytes-like object or a real number, not 'list'
",4,,,"{""ok"": false, ""error"": ""call_failed"", ""trace"": ""Traceback (most recent call last):\n  File \""C:\\Users\\asus\\AppData\\Local\\Temp\\bench_runner_xghssdc5\\runner.py\"", line 21, in <module>\n    res = decimal_gemm_naive(A, B, mul_algo=algo, cutoff=cutoff, return_counters=True)\n          ^^^^^^^^^^^^^^^^^^^^^^^^^^^^^^^^^^^^^^^^^^^^^^^^^^^^^^^^^^^^^^^^^^^^^^^^^^^^\n  File \""D:\\decimal_computer\\decimal_gemm.py\"", line 175, in decimal_gemm_naive\n    C = strassen_wrapper(A, B, cutoff=cutoff, counters=counters)\n        ^^^^^^^^^^^^^^^^^^^^^^^^^^^^^^^^^^^^^^^^^^^^^^^^^^^^^^^^\n  File \""D:\\decimal_computer\\decimal_gemm.py\"", line 117, in strassen_wrapper\n    return schoolbook_gemm(A, B, counters=counters)\n           ^^^^^^^^^^^^^^^^^^^^^^^^^^^^^^^^^^^^^^^^\n  File \""D:\\decimal_computer\\decimal_gemm.py\"", line 73, in schoolbook_gemm\n    a = _to_numpy_int_matrix(A)\n        ^^^^^^^^^^^^^^^^^^^^^^^\n  File \""D:\\decimal_computer\\decimal_gemm.py\"", line 60, in _to_numpy_int_matrix\n    return np.array([[int(x) for x in row] for row in M], dtype=np.int64)\n                    ^^^^^^^^^^^^^^^^^^^^^^^^^^^^^^^^^^^^\n  File \""D:\\decimal_computer\\decimal_gemm.py\"", line 60, in <listcomp>\n    return np.array([[int(x) for x in row] for row in M], dtype=np.int64)\n                     ^^^^^^^^^^^^^^^^^^^^^\n  File \""D:\\decimal_computer\\decimal_gemm.py\"", line 60, in <listcomp>\n    return np.array([[int(x) for x in row] for row in M], dtype=np.int64)\n                      ^^^^^^\nTypeError: int() argument must be a string, a bytes-like object or a real number, not 'list'\n\nDuring handling of the above exception, another exception occurred:\n\nTraceback (most recent call last):\n  File \""C:\\Users\\asus\\AppData\\Local\\Temp\\bench_runner_xghssdc5\\runner.py\"", line 24, in <module>\n    res = decimal_gemm_naive(A, B, mul_algo=algo, cutoff=cutoff)\n          ^^^^^^^^^^^^^^^^^^^^^^^^^^^^^^^^^^^^^^^^^^^^^^^^^^^^^^\n  File \""D:\\decimal_computer\\decimal_gemm.py\"", line 175, in decimal_gemm_naive\n    C = strassen_wrapper(A, B, cutoff=cutoff, counters=counters)\n        ^^^^^^^^^^^^^^^^^^^^^^^^^^^^^^^^^^^^^^^^^^^^^^^^^^^^^^^^\n  File \""D:\\decimal_computer\\decimal_gemm.py\"", line 117, in strassen_wrapper\n    return schoolbook_gemm(A, B, counters=counters)\n           ^^^^^^^^^^^^^^^^^^^^^^^^^^^^^^^^^^^^^^^^\n  File \""D:\\decimal_computer\\decimal_gemm.py\"", line 73, in schoolbook_gemm\n    a = _to_numpy_int_matrix(A)\n        ^^^^^^^^^^^^^^^^^^^^^^^\n  File \""D:\\decimal_computer\\decimal_gemm.py\"", line 60, in _to_numpy_int_matrix\n    return np.array([[int(x) for x in row] for row in M], dtype=np.int64)\n                    ^^^^^^^^^^^^^^^^^^^^^^^^^^^^^^^^^^^^\n  File \""D:\\decimal_computer\\decimal_gemm.py\"", line 60, in <listcomp>\n    return np.array([[int(x) for x in row] for row in M], dtype=np.int64)\n                     ^^^^^^^^^^^^^^^^^^^^^\n  File \""D:\\decimal_computer\\decimal_gemm.py\"", line 60, in <listcomp>\n    return np.array([[int(x) for x in row] for row in M], dtype=np.int64)\n                      ^^^^^^\nTypeError: int() argument must be a string, a bytes-like object or a real number, not 'list'\n""}
",
4,3,schoolbook,0,0.0,,,"runner_error: Traceback (most recent call last):
  File ""C:\Users\asus\AppData\Local\Temp\bench_runner_v0ozqynz\runner.py"", line 21, in <module>
    res = decimal_gemm_naive(A, B, mul_algo=algo, cutoff=cutoff, return_counters=True)
          ^^^^^^^^^^^^^^^^^^^^^^^^^^^^^^^^^^^^^^^^^^^^^^^^^^^^^^^^^^^^^^^^^^^^^^^^^^^^
  File ""D:\decimal_computer\decimal_gemm.py"", line 171, in decimal_gemm_naive
    C = schoolbook_gemm(A, B, counters=counters)
        ^^^^^^^^^^^^^^^^^^^^^^^^^^^^^^^^^^^^^^^^
  File ""D:\decimal_computer\decimal_gemm.py"", line 73, in schoolbook_gemm
    a = _to_numpy_int_matrix(A)
        ^^^^^^^^^^^^^^^^^^^^^^^
  File ""D:\decimal_computer\decimal_gemm.py"", line 60, in _to_numpy_int_matrix
    return np.array([[int(x) for x in row] for row in M], dtype=np.int64)
                    ^^^^^^^^^^^^^^^^^^^^^^^^^^^^^^^^^^^^
  File ""D:\decimal_computer\decimal_gemm.py"", line 60, in <listcomp>
    return np.array([[int(x) for x in row] for row in M], dtype=np.int64)
                     ^^^^^^^^^^^^^^^^^^^^^
  File ""D:\decimal_computer\decimal_gemm.py"", line 60, in <listcomp>
    return np.array([[int(x) for x in row] for row in M], dtype=np.int64)
                      ^^^^^^
TypeError: int() argument must be a string, a bytes-like object or a real number, not 'list'

During handling of the above exception, another exception occurred:

Traceback (most recent call last):
  File ""C:\Users\asus\AppData\Local\Temp\bench_runner_v0ozqynz\runner.py"", line 24, in <module>
    res = decimal_gemm_naive(A, B, mul_algo=algo, cutoff=cutoff)
          ^^^^^^^^^^^^^^^^^^^^^^^^^^^^^^^^^^^^^^^^^^^^^^^^^^^^^^
  File ""D:\decimal_computer\decimal_gemm.py"", line 171, in decimal_gemm_naive
    C = schoolbook_gemm(A, B, counters=counters)
        ^^^^^^^^^^^^^^^^^^^^^^^^^^^^^^^^^^^^^^^^
  File ""D:\decimal_computer\decimal_gemm.py"", line 73, in schoolbook_gemm
    a = _to_numpy_int_matrix(A)
        ^^^^^^^^^^^^^^^^^^^^^^^
  File ""D:\decimal_computer\decimal_gemm.py"", line 60, in _to_numpy_int_matrix
    return np.array([[int(x) for x in row] for row in M], dtype=np.int64)
                    ^^^^^^^^^^^^^^^^^^^^^^^^^^^^^^^^^^^^
  File ""D:\decimal_computer\decimal_gemm.py"", line 60, in <listcomp>
    return np.array([[int(x) for x in row] for row in M], dtype=np.int64)
                     ^^^^^^^^^^^^^^^^^^^^^
  File ""D:\decimal_computer\decimal_gemm.py"", line 60, in <listcomp>
    return np.array([[int(x) for x in row] for row in M], dtype=np.int64)
                      ^^^^^^
TypeError: int() argument must be a string, a bytes-like object or a real number, not 'list'
",4,,,"{""ok"": false, ""error"": ""call_failed"", ""trace"": ""Traceback (most recent call last):\n  File \""C:\\Users\\asus\\AppData\\Local\\Temp\\bench_runner_v0ozqynz\\runner.py\"", line 21, in <module>\n    res = decimal_gemm_naive(A, B, mul_algo=algo, cutoff=cutoff, return_counters=True)\n          ^^^^^^^^^^^^^^^^^^^^^^^^^^^^^^^^^^^^^^^^^^^^^^^^^^^^^^^^^^^^^^^^^^^^^^^^^^^^\n  File \""D:\\decimal_computer\\decimal_gemm.py\"", line 171, in decimal_gemm_naive\n    C = schoolbook_gemm(A, B, counters=counters)\n        ^^^^^^^^^^^^^^^^^^^^^^^^^^^^^^^^^^^^^^^^\n  File \""D:\\decimal_computer\\decimal_gemm.py\"", line 73, in schoolbook_gemm\n    a = _to_numpy_int_matrix(A)\n        ^^^^^^^^^^^^^^^^^^^^^^^\n  File \""D:\\decimal_computer\\decimal_gemm.py\"", line 60, in _to_numpy_int_matrix\n    return np.array([[int(x) for x in row] for row in M], dtype=np.int64)\n                    ^^^^^^^^^^^^^^^^^^^^^^^^^^^^^^^^^^^^\n  File \""D:\\decimal_computer\\decimal_gemm.py\"", line 60, in <listcomp>\n    return np.array([[int(x) for x in row] for row in M], dtype=np.int64)\n                     ^^^^^^^^^^^^^^^^^^^^^\n  File \""D:\\decimal_computer\\decimal_gemm.py\"", line 60, in <listcomp>\n    return np.array([[int(x) for x in row] for row in M], dtype=np.int64)\n                      ^^^^^^\nTypeError: int() argument must be a string, a bytes-like object or a real number, not 'list'\n\nDuring handling of the above exception, another exception occurred:\n\nTraceback (most recent call last):\n  File \""C:\\Users\\asus\\AppData\\Local\\Temp\\bench_runner_v0ozqynz\\runner.py\"", line 24, in <module>\n    res = decimal_gemm_naive(A, B, mul_algo=algo, cutoff=cutoff)\n          ^^^^^^^^^^^^^^^^^^^^^^^^^^^^^^^^^^^^^^^^^^^^^^^^^^^^^^\n  File \""D:\\decimal_computer\\decimal_gemm.py\"", line 171, in decimal_gemm_naive\n    C = schoolbook_gemm(A, B, counters=counters)\n        ^^^^^^^^^^^^^^^^^^^^^^^^^^^^^^^^^^^^^^^^\n  File \""D:\\decimal_computer\\decimal_gemm.py\"", line 73, in schoolbook_gemm\n    a = _to_numpy_int_matrix(A)\n        ^^^^^^^^^^^^^^^^^^^^^^^\n  File \""D:\\decimal_computer\\decimal_gemm.py\"", line 60, in _to_numpy_int_matrix\n    return np.array([[int(x) for x in row] for row in M], dtype=np.int64)\n                    ^^^^^^^^^^^^^^^^^^^^^^^^^^^^^^^^^^^^\n  File \""D:\\decimal_computer\\decimal_gemm.py\"", line 60, in <listcomp>\n    return np.array([[int(x) for x in row] for row in M], dtype=np.int64)\n                     ^^^^^^^^^^^^^^^^^^^^^\n  File \""D:\\decimal_computer\\decimal_gemm.py\"", line 60, in <listcomp>\n    return np.array([[int(x) for x in row] for row in M], dtype=np.int64)\n                      ^^^^^^\nTypeError: int() argument must be a string, a bytes-like object or a real number, not 'list'\n""}
",
4,3,karatsuba,0,0.0,,,"runner_error: Traceback (most recent call last):
  File ""C:\Users\asus\AppData\Local\Temp\bench_runner_jmb5lt79\runner.py"", line 21, in <module>
    res = decimal_gemm_naive(A, B, mul_algo=algo, cutoff=cutoff, return_counters=True)
          ^^^^^^^^^^^^^^^^^^^^^^^^^^^^^^^^^^^^^^^^^^^^^^^^^^^^^^^^^^^^^^^^^^^^^^^^^^^^
  File ""D:\decimal_computer\decimal_gemm.py"", line 173, in decimal_gemm_naive
    C = karatsuba_gemm(A, B, cutoff=cutoff, counters=counters)
        ^^^^^^^^^^^^^^^^^^^^^^^^^^^^^^^^^^^^^^^^^^^^^^^^^^^^^^
  File ""D:\decimal_computer\decimal_gemm.py"", line 103, in karatsuba_gemm
    return schoolbook_gemm(A, B, counters=counters)
           ^^^^^^^^^^^^^^^^^^^^^^^^^^^^^^^^^^^^^^^^
  File ""D:\decimal_computer\decimal_gemm.py"", line 73, in schoolbook_gemm
    a = _to_numpy_int_matrix(A)
        ^^^^^^^^^^^^^^^^^^^^^^^
  File ""D:\decimal_computer\decimal_gemm.py"", line 60, in _to_numpy_int_matrix
    return np.array([[int(x) for x in row] for row in M], dtype=np.int64)
                    ^^^^^^^^^^^^^^^^^^^^^^^^^^^^^^^^^^^^
  File ""D:\decimal_computer\decimal_gemm.py"", line 60, in <listcomp>
    return np.array([[int(x) for x in row] for row in M], dtype=np.int64)
                     ^^^^^^^^^^^^^^^^^^^^^
  File ""D:\decimal_computer\decimal_gemm.py"", line 60, in <listcomp>
    return np.array([[int(x) for x in row] for row in M], dtype=np.int64)
                      ^^^^^^
TypeError: int() argument must be a string, a bytes-like object or a real number, not 'list'

During handling of the above exception, another exception occurred:

Traceback (most recent call last):
  File ""C:\Users\asus\AppData\Local\Temp\bench_runner_jmb5lt79\runner.py"", line 24, in <module>
    res = decimal_gemm_naive(A, B, mul_algo=algo, cutoff=cutoff)
          ^^^^^^^^^^^^^^^^^^^^^^^^^^^^^^^^^^^^^^^^^^^^^^^^^^^^^^
  File ""D:\decimal_computer\decimal_gemm.py"", line 173, in decimal_gemm_naive
    C = karatsuba_gemm(A, B, cutoff=cutoff, counters=counters)
        ^^^^^^^^^^^^^^^^^^^^^^^^^^^^^^^^^^^^^^^^^^^^^^^^^^^^^^
  File ""D:\decimal_computer\decimal_gemm.py"", line 103, in karatsuba_gemm
    return schoolbook_gemm(A, B, counters=counters)
           ^^^^^^^^^^^^^^^^^^^^^^^^^^^^^^^^^^^^^^^^
  File ""D:\decimal_computer\decimal_gemm.py"", line 73, in schoolbook_gemm
    a = _to_numpy_int_matrix(A)
        ^^^^^^^^^^^^^^^^^^^^^^^
  File ""D:\decimal_computer\decimal_gemm.py"", line 60, in _to_numpy_int_matrix
    return np.array([[int(x) for x in row] for row in M], dtype=np.int64)
                    ^^^^^^^^^^^^^^^^^^^^^^^^^^^^^^^^^^^^
  File ""D:\decimal_computer\decimal_gemm.py"", line 60, in <listcomp>
    return np.array([[int(x) for x in row] for row in M], dtype=np.int64)
                     ^^^^^^^^^^^^^^^^^^^^^
  File ""D:\decimal_computer\decimal_gemm.py"", line 60, in <listcomp>
    return np.array([[int(x) for x in row] for row in M], dtype=np.int64)
                      ^^^^^^
TypeError: int() argument must be a string, a bytes-like object or a real number, not 'list'
",4,,,"{""ok"": false, ""error"": ""call_failed"", ""trace"": ""Traceback (most recent call last):\n  File \""C:\\Users\\asus\\AppData\\Local\\Temp\\bench_runner_jmb5lt79\\runner.py\"", line 21, in <module>\n    res = decimal_gemm_naive(A, B, mul_algo=algo, cutoff=cutoff, return_counters=True)\n          ^^^^^^^^^^^^^^^^^^^^^^^^^^^^^^^^^^^^^^^^^^^^^^^^^^^^^^^^^^^^^^^^^^^^^^^^^^^^\n  File \""D:\\decimal_computer\\decimal_gemm.py\"", line 173, in decimal_gemm_naive\n    C = karatsuba_gemm(A, B, cutoff=cutoff, counters=counters)\n        ^^^^^^^^^^^^^^^^^^^^^^^^^^^^^^^^^^^^^^^^^^^^^^^^^^^^^^\n  File \""D:\\decimal_computer\\decimal_gemm.py\"", line 103, in karatsuba_gemm\n    return schoolbook_gemm(A, B, counters=counters)\n           ^^^^^^^^^^^^^^^^^^^^^^^^^^^^^^^^^^^^^^^^\n  File \""D:\\decimal_computer\\decimal_gemm.py\"", line 73, in schoolbook_gemm\n    a = _to_numpy_int_matrix(A)\n        ^^^^^^^^^^^^^^^^^^^^^^^\n  File \""D:\\decimal_computer\\decimal_gemm.py\"", line 60, in _to_numpy_int_matrix\n    return np.array([[int(x) for x in row] for row in M], dtype=np.int64)\n                    ^^^^^^^^^^^^^^^^^^^^^^^^^^^^^^^^^^^^\n  File \""D:\\decimal_computer\\decimal_gemm.py\"", line 60, in <listcomp>\n    return np.array([[int(x) for x in row] for row in M], dtype=np.int64)\n                     ^^^^^^^^^^^^^^^^^^^^^\n  File \""D:\\decimal_computer\\decimal_gemm.py\"", line 60, in <listcomp>\n    return np.array([[int(x) for x in row] for row in M], dtype=np.int64)\n                      ^^^^^^\nTypeError: int() argument must be a string, a bytes-like object or a real number, not 'list'\n\nDuring handling of the above exception, another exception occurred:\n\nTraceback (most recent call last):\n  File \""C:\\Users\\asus\\AppData\\Local\\Temp\\bench_runner_jmb5lt79\\runner.py\"", line 24, in <module>\n    res = decimal_gemm_naive(A, B, mul_algo=algo, cutoff=cutoff)\n          ^^^^^^^^^^^^^^^^^^^^^^^^^^^^^^^^^^^^^^^^^^^^^^^^^^^^^^\n  File \""D:\\decimal_computer\\decimal_gemm.py\"", line 173, in decimal_gemm_naive\n    C = karatsuba_gemm(A, B, cutoff=cutoff, counters=counters)\n        ^^^^^^^^^^^^^^^^^^^^^^^^^^^^^^^^^^^^^^^^^^^^^^^^^^^^^^\n  File \""D:\\decimal_computer\\decimal_gemm.py\"", line 103, in karatsuba_gemm\n    return schoolbook_gemm(A, B, counters=counters)\n           ^^^^^^^^^^^^^^^^^^^^^^^^^^^^^^^^^^^^^^^^\n  File \""D:\\decimal_computer\\decimal_gemm.py\"", line 73, in schoolbook_gemm\n    a = _to_numpy_int_matrix(A)\n        ^^^^^^^^^^^^^^^^^^^^^^^\n  File \""D:\\decimal_computer\\decimal_gemm.py\"", line 60, in _to_numpy_int_matrix\n    return np.array([[int(x) for x in row] for row in M], dtype=np.int64)\n                    ^^^^^^^^^^^^^^^^^^^^^^^^^^^^^^^^^^^^\n  File \""D:\\decimal_computer\\decimal_gemm.py\"", line 60, in <listcomp>\n    return np.array([[int(x) for x in row] for row in M], dtype=np.int64)\n                     ^^^^^^^^^^^^^^^^^^^^^\n  File \""D:\\decimal_computer\\decimal_gemm.py\"", line 60, in <listcomp>\n    return np.array([[int(x) for x in row] for row in M], dtype=np.int64)\n                      ^^^^^^\nTypeError: int() argument must be a string, a bytes-like object or a real number, not 'list'\n""}
",
4,3,strassen,0,0.0,,,"runner_error: Traceback (most recent call last):
  File ""C:\Users\asus\AppData\Local\Temp\bench_runner_8j9p2fvu\runner.py"", line 21, in <module>
    res = decimal_gemm_naive(A, B, mul_algo=algo, cutoff=cutoff, return_counters=True)
          ^^^^^^^^^^^^^^^^^^^^^^^^^^^^^^^^^^^^^^^^^^^^^^^^^^^^^^^^^^^^^^^^^^^^^^^^^^^^
  File ""D:\decimal_computer\decimal_gemm.py"", line 175, in decimal_gemm_naive
    C = strassen_wrapper(A, B, cutoff=cutoff, counters=counters)
        ^^^^^^^^^^^^^^^^^^^^^^^^^^^^^^^^^^^^^^^^^^^^^^^^^^^^^^^^
  File ""D:\decimal_computer\decimal_gemm.py"", line 117, in strassen_wrapper
    return schoolbook_gemm(A, B, counters=counters)
           ^^^^^^^^^^^^^^^^^^^^^^^^^^^^^^^^^^^^^^^^
  File ""D:\decimal_computer\decimal_gemm.py"", line 73, in schoolbook_gemm
    a = _to_numpy_int_matrix(A)
        ^^^^^^^^^^^^^^^^^^^^^^^
  File ""D:\decimal_computer\decimal_gemm.py"", line 60, in _to_numpy_int_matrix
    return np.array([[int(x) for x in row] for row in M], dtype=np.int64)
                    ^^^^^^^^^^^^^^^^^^^^^^^^^^^^^^^^^^^^
  File ""D:\decimal_computer\decimal_gemm.py"", line 60, in <listcomp>
    return np.array([[int(x) for x in row] for row in M], dtype=np.int64)
                     ^^^^^^^^^^^^^^^^^^^^^
  File ""D:\decimal_computer\decimal_gemm.py"", line 60, in <listcomp>
    return np.array([[int(x) for x in row] for row in M], dtype=np.int64)
                      ^^^^^^
TypeError: int() argument must be a string, a bytes-like object or a real number, not 'list'

During handling of the above exception, another exception occurred:

Traceback (most recent call last):
  File ""C:\Users\asus\AppData\Local\Temp\bench_runner_8j9p2fvu\runner.py"", line 24, in <module>
    res = decimal_gemm_naive(A, B, mul_algo=algo, cutoff=cutoff)
          ^^^^^^^^^^^^^^^^^^^^^^^^^^^^^^^^^^^^^^^^^^^^^^^^^^^^^^
  File ""D:\decimal_computer\decimal_gemm.py"", line 175, in decimal_gemm_naive
    C = strassen_wrapper(A, B, cutoff=cutoff, counters=counters)
        ^^^^^^^^^^^^^^^^^^^^^^^^^^^^^^^^^^^^^^^^^^^^^^^^^^^^^^^^
  File ""D:\decimal_computer\decimal_gemm.py"", line 117, in strassen_wrapper
    return schoolbook_gemm(A, B, counters=counters)
           ^^^^^^^^^^^^^^^^^^^^^^^^^^^^^^^^^^^^^^^^
  File ""D:\decimal_computer\decimal_gemm.py"", line 73, in schoolbook_gemm
    a = _to_numpy_int_matrix(A)
        ^^^^^^^^^^^^^^^^^^^^^^^
  File ""D:\decimal_computer\decimal_gemm.py"", line 60, in _to_numpy_int_matrix
    return np.array([[int(x) for x in row] for row in M], dtype=np.int64)
                    ^^^^^^^^^^^^^^^^^^^^^^^^^^^^^^^^^^^^
  File ""D:\decimal_computer\decimal_gemm.py"", line 60, in <listcomp>
    return np.array([[int(x) for x in row] for row in M], dtype=np.int64)
                     ^^^^^^^^^^^^^^^^^^^^^
  File ""D:\decimal_computer\decimal_gemm.py"", line 60, in <listcomp>
    return np.array([[int(x) for x in row] for row in M], dtype=np.int64)
                      ^^^^^^
TypeError: int() argument must be a string, a bytes-like object or a real number, not 'list'
",4,,,"{""ok"": false, ""error"": ""call_failed"", ""trace"": ""Traceback (most recent call last):\n  File \""C:\\Users\\asus\\AppData\\Local\\Temp\\bench_runner_8j9p2fvu\\runner.py\"", line 21, in <module>\n    res = decimal_gemm_naive(A, B, mul_algo=algo, cutoff=cutoff, return_counters=True)\n          ^^^^^^^^^^^^^^^^^^^^^^^^^^^^^^^^^^^^^^^^^^^^^^^^^^^^^^^^^^^^^^^^^^^^^^^^^^^^\n  File \""D:\\decimal_computer\\decimal_gemm.py\"", line 175, in decimal_gemm_naive\n    C = strassen_wrapper(A, B, cutoff=cutoff, counters=counters)\n        ^^^^^^^^^^^^^^^^^^^^^^^^^^^^^^^^^^^^^^^^^^^^^^^^^^^^^^^^\n  File \""D:\\decimal_computer\\decimal_gemm.py\"", line 117, in strassen_wrapper\n    return schoolbook_gemm(A, B, counters=counters)\n           ^^^^^^^^^^^^^^^^^^^^^^^^^^^^^^^^^^^^^^^^\n  File \""D:\\decimal_computer\\decimal_gemm.py\"", line 73, in schoolbook_gemm\n    a = _to_numpy_int_matrix(A)\n        ^^^^^^^^^^^^^^^^^^^^^^^\n  File \""D:\\decimal_computer\\decimal_gemm.py\"", line 60, in _to_numpy_int_matrix\n    return np.array([[int(x) for x in row] for row in M], dtype=np.int64)\n                    ^^^^^^^^^^^^^^^^^^^^^^^^^^^^^^^^^^^^\n  File \""D:\\decimal_computer\\decimal_gemm.py\"", line 60, in <listcomp>\n    return np.array([[int(x) for x in row] for row in M], dtype=np.int64)\n                     ^^^^^^^^^^^^^^^^^^^^^\n  File \""D:\\decimal_computer\\decimal_gemm.py\"", line 60, in <listcomp>\n    return np.array([[int(x) for x in row] for row in M], dtype=np.int64)\n                      ^^^^^^\nTypeError: int() argument must be a string, a bytes-like object or a real number, not 'list'\n\nDuring handling of the above exception, another exception occurred:\n\nTraceback (most recent call last):\n  File \""C:\\Users\\asus\\AppData\\Local\\Temp\\bench_runner_8j9p2fvu\\runner.py\"", line 24, in <module>\n    res = decimal_gemm_naive(A, B, mul_algo=algo, cutoff=cutoff)\n          ^^^^^^^^^^^^^^^^^^^^^^^^^^^^^^^^^^^^^^^^^^^^^^^^^^^^^^\n  File \""D:\\decimal_computer\\decimal_gemm.py\"", line 175, in decimal_gemm_naive\n    C = strassen_wrapper(A, B, cutoff=cutoff, counters=counters)\n        ^^^^^^^^^^^^^^^^^^^^^^^^^^^^^^^^^^^^^^^^^^^^^^^^^^^^^^^^\n  File \""D:\\decimal_computer\\decimal_gemm.py\"", line 117, in strassen_wrapper\n    return schoolbook_gemm(A, B, counters=counters)\n           ^^^^^^^^^^^^^^^^^^^^^^^^^^^^^^^^^^^^^^^^\n  File \""D:\\decimal_computer\\decimal_gemm.py\"", line 73, in schoolbook_gemm\n    a = _to_numpy_int_matrix(A)\n        ^^^^^^^^^^^^^^^^^^^^^^^\n  File \""D:\\decimal_computer\\decimal_gemm.py\"", line 60, in _to_numpy_int_matrix\n    return np.array([[int(x) for x in row] for row in M], dtype=np.int64)\n                    ^^^^^^^^^^^^^^^^^^^^^^^^^^^^^^^^^^^^\n  File \""D:\\decimal_computer\\decimal_gemm.py\"", line 60, in <listcomp>\n    return np.array([[int(x) for x in row] for row in M], dtype=np.int64)\n                     ^^^^^^^^^^^^^^^^^^^^^\n  File \""D:\\decimal_computer\\decimal_gemm.py\"", line 60, in <listcomp>\n    return np.array([[int(x) for x in row] for row in M], dtype=np.int64)\n                      ^^^^^^\nTypeError: int() argument must be a string, a bytes-like object or a real number, not 'list'\n""}
",
4,3,schoolbook,0,0.0,,,"runner_error: Traceback (most recent call last):
  File ""C:\Users\asus\AppData\Local\Temp\bench_runner_gwm7xmhb\runner.py"", line 21, in <module>
    res = decimal_gemm_naive(A, B, mul_algo=algo, cutoff=cutoff, return_counters=True)
          ^^^^^^^^^^^^^^^^^^^^^^^^^^^^^^^^^^^^^^^^^^^^^^^^^^^^^^^^^^^^^^^^^^^^^^^^^^^^
  File ""D:\decimal_computer\decimal_gemm.py"", line 171, in decimal_gemm_naive
    C = schoolbook_gemm(A, B, counters=counters)
        ^^^^^^^^^^^^^^^^^^^^^^^^^^^^^^^^^^^^^^^^
  File ""D:\decimal_computer\decimal_gemm.py"", line 73, in schoolbook_gemm
    a = _to_numpy_int_matrix(A)
        ^^^^^^^^^^^^^^^^^^^^^^^
  File ""D:\decimal_computer\decimal_gemm.py"", line 60, in _to_numpy_int_matrix
    return np.array([[int(x) for x in row] for row in M], dtype=np.int64)
                    ^^^^^^^^^^^^^^^^^^^^^^^^^^^^^^^^^^^^
  File ""D:\decimal_computer\decimal_gemm.py"", line 60, in <listcomp>
    return np.array([[int(x) for x in row] for row in M], dtype=np.int64)
                     ^^^^^^^^^^^^^^^^^^^^^
  File ""D:\decimal_computer\decimal_gemm.py"", line 60, in <listcomp>
    return np.array([[int(x) for x in row] for row in M], dtype=np.int64)
                      ^^^^^^
TypeError: int() argument must be a string, a bytes-like object or a real number, not 'list'

During handling of the above exception, another exception occurred:

Traceback (most recent call last):
  File ""C:\Users\asus\AppData\Local\Temp\bench_runner_gwm7xmhb\runner.py"", line 24, in <module>
    res = decimal_gemm_naive(A, B, mul_algo=algo, cutoff=cutoff)
          ^^^^^^^^^^^^^^^^^^^^^^^^^^^^^^^^^^^^^^^^^^^^^^^^^^^^^^
  File ""D:\decimal_computer\decimal_gemm.py"", line 171, in decimal_gemm_naive
    C = schoolbook_gemm(A, B, counters=counters)
        ^^^^^^^^^^^^^^^^^^^^^^^^^^^^^^^^^^^^^^^^
  File ""D:\decimal_computer\decimal_gemm.py"", line 73, in schoolbook_gemm
    a = _to_numpy_int_matrix(A)
        ^^^^^^^^^^^^^^^^^^^^^^^
  File ""D:\decimal_computer\decimal_gemm.py"", line 60, in _to_numpy_int_matrix
    return np.array([[int(x) for x in row] for row in M], dtype=np.int64)
                    ^^^^^^^^^^^^^^^^^^^^^^^^^^^^^^^^^^^^
  File ""D:\decimal_computer\decimal_gemm.py"", line 60, in <listcomp>
    return np.array([[int(x) for x in row] for row in M], dtype=np.int64)
                     ^^^^^^^^^^^^^^^^^^^^^
  File ""D:\decimal_computer\decimal_gemm.py"", line 60, in <listcomp>
    return np.array([[int(x) for x in row] for row in M], dtype=np.int64)
                      ^^^^^^
TypeError: int() argument must be a string, a bytes-like object or a real number, not 'list'
",4,,,"{""ok"": false, ""error"": ""call_failed"", ""trace"": ""Traceback (most recent call last):\n  File \""C:\\Users\\asus\\AppData\\Local\\Temp\\bench_runner_gwm7xmhb\\runner.py\"", line 21, in <module>\n    res = decimal_gemm_naive(A, B, mul_algo=algo, cutoff=cutoff, return_counters=True)\n          ^^^^^^^^^^^^^^^^^^^^^^^^^^^^^^^^^^^^^^^^^^^^^^^^^^^^^^^^^^^^^^^^^^^^^^^^^^^^\n  File \""D:\\decimal_computer\\decimal_gemm.py\"", line 171, in decimal_gemm_naive\n    C = schoolbook_gemm(A, B, counters=counters)\n        ^^^^^^^^^^^^^^^^^^^^^^^^^^^^^^^^^^^^^^^^\n  File \""D:\\decimal_computer\\decimal_gemm.py\"", line 73, in schoolbook_gemm\n    a = _to_numpy_int_matrix(A)\n        ^^^^^^^^^^^^^^^^^^^^^^^\n  File \""D:\\decimal_computer\\decimal_gemm.py\"", line 60, in _to_numpy_int_matrix\n    return np.array([[int(x) for x in row] for row in M], dtype=np.int64)\n                    ^^^^^^^^^^^^^^^^^^^^^^^^^^^^^^^^^^^^\n  File \""D:\\decimal_computer\\decimal_gemm.py\"", line 60, in <listcomp>\n    return np.array([[int(x) for x in row] for row in M], dtype=np.int64)\n                     ^^^^^^^^^^^^^^^^^^^^^\n  File \""D:\\decimal_computer\\decimal_gemm.py\"", line 60, in <listcomp>\n    return np.array([[int(x) for x in row] for row in M], dtype=np.int64)\n                      ^^^^^^\nTypeError: int() argument must be a string, a bytes-like object or a real number, not 'list'\n\nDuring handling of the above exception, another exception occurred:\n\nTraceback (most recent call last):\n  File \""C:\\Users\\asus\\AppData\\Local\\Temp\\bench_runner_gwm7xmhb\\runner.py\"", line 24, in <module>\n    res = decimal_gemm_naive(A, B, mul_algo=algo, cutoff=cutoff)\n          ^^^^^^^^^^^^^^^^^^^^^^^^^^^^^^^^^^^^^^^^^^^^^^^^^^^^^^\n  File \""D:\\decimal_computer\\decimal_gemm.py\"", line 171, in decimal_gemm_naive\n    C = schoolbook_gemm(A, B, counters=counters)\n        ^^^^^^^^^^^^^^^^^^^^^^^^^^^^^^^^^^^^^^^^\n  File \""D:\\decimal_computer\\decimal_gemm.py\"", line 73, in schoolbook_gemm\n    a = _to_numpy_int_matrix(A)\n        ^^^^^^^^^^^^^^^^^^^^^^^\n  File \""D:\\decimal_computer\\decimal_gemm.py\"", line 60, in _to_numpy_int_matrix\n    return np.array([[int(x) for x in row] for row in M], dtype=np.int64)\n                    ^^^^^^^^^^^^^^^^^^^^^^^^^^^^^^^^^^^^\n  File \""D:\\decimal_computer\\decimal_gemm.py\"", line 60, in <listcomp>\n    return np.array([[int(x) for x in row] for row in M], dtype=np.int64)\n                     ^^^^^^^^^^^^^^^^^^^^^\n  File \""D:\\decimal_computer\\decimal_gemm.py\"", line 60, in <listcomp>\n    return np.array([[int(x) for x in row] for row in M], dtype=np.int64)\n                      ^^^^^^\nTypeError: int() argument must be a string, a bytes-like object or a real number, not 'list'\n""}
",
4,3,karatsuba,0,0.0,,,"runner_error: Traceback (most recent call last):
  File ""C:\Users\asus\AppData\Local\Temp\bench_runner_a53kgsgb\runner.py"", line 21, in <module>
    res = decimal_gemm_naive(A, B, mul_algo=algo, cutoff=cutoff, return_counters=True)
          ^^^^^^^^^^^^^^^^^^^^^^^^^^^^^^^^^^^^^^^^^^^^^^^^^^^^^^^^^^^^^^^^^^^^^^^^^^^^
  File ""D:\decimal_computer\decimal_gemm.py"", line 173, in decimal_gemm_naive
    C = karatsuba_gemm(A, B, cutoff=cutoff, counters=counters)
        ^^^^^^^^^^^^^^^^^^^^^^^^^^^^^^^^^^^^^^^^^^^^^^^^^^^^^^
  File ""D:\decimal_computer\decimal_gemm.py"", line 103, in karatsuba_gemm
    return schoolbook_gemm(A, B, counters=counters)
           ^^^^^^^^^^^^^^^^^^^^^^^^^^^^^^^^^^^^^^^^
  File ""D:\decimal_computer\decimal_gemm.py"", line 73, in schoolbook_gemm
    a = _to_numpy_int_matrix(A)
        ^^^^^^^^^^^^^^^^^^^^^^^
  File ""D:\decimal_computer\decimal_gemm.py"", line 60, in _to_numpy_int_matrix
    return np.array([[int(x) for x in row] for row in M], dtype=np.int64)
                    ^^^^^^^^^^^^^^^^^^^^^^^^^^^^^^^^^^^^
  File ""D:\decimal_computer\decimal_gemm.py"", line 60, in <listcomp>
    return np.array([[int(x) for x in row] for row in M], dtype=np.int64)
                     ^^^^^^^^^^^^^^^^^^^^^
  File ""D:\decimal_computer\decimal_gemm.py"", line 60, in <listcomp>
    return np.array([[int(x) for x in row] for row in M], dtype=np.int64)
                      ^^^^^^
TypeError: int() argument must be a string, a bytes-like object or a real number, not 'list'

During handling of the above exception, another exception occurred:

Traceback (most recent call last):
  File ""C:\Users\asus\AppData\Local\Temp\bench_runner_a53kgsgb\runner.py"", line 24, in <module>
    res = decimal_gemm_naive(A, B, mul_algo=algo, cutoff=cutoff)
          ^^^^^^^^^^^^^^^^^^^^^^^^^^^^^^^^^^^^^^^^^^^^^^^^^^^^^^
  File ""D:\decimal_computer\decimal_gemm.py"", line 173, in decimal_gemm_naive
    C = karatsuba_gemm(A, B, cutoff=cutoff, counters=counters)
        ^^^^^^^^^^^^^^^^^^^^^^^^^^^^^^^^^^^^^^^^^^^^^^^^^^^^^^
  File ""D:\decimal_computer\decimal_gemm.py"", line 103, in karatsuba_gemm
    return schoolbook_gemm(A, B, counters=counters)
           ^^^^^^^^^^^^^^^^^^^^^^^^^^^^^^^^^^^^^^^^
  File ""D:\decimal_computer\decimal_gemm.py"", line 73, in schoolbook_gemm
    a = _to_numpy_int_matrix(A)
        ^^^^^^^^^^^^^^^^^^^^^^^
  File ""D:\decimal_computer\decimal_gemm.py"", line 60, in _to_numpy_int_matrix
    return np.array([[int(x) for x in row] for row in M], dtype=np.int64)
                    ^^^^^^^^^^^^^^^^^^^^^^^^^^^^^^^^^^^^
  File ""D:\decimal_computer\decimal_gemm.py"", line 60, in <listcomp>
    return np.array([[int(x) for x in row] for row in M], dtype=np.int64)
                     ^^^^^^^^^^^^^^^^^^^^^
  File ""D:\decimal_computer\decimal_gemm.py"", line 60, in <listcomp>
    return np.array([[int(x) for x in row] for row in M], dtype=np.int64)
                      ^^^^^^
TypeError: int() argument must be a string, a bytes-like object or a real number, not 'list'
",4,,,"{""ok"": false, ""error"": ""call_failed"", ""trace"": ""Traceback (most recent call last):\n  File \""C:\\Users\\asus\\AppData\\Local\\Temp\\bench_runner_a53kgsgb\\runner.py\"", line 21, in <module>\n    res = decimal_gemm_naive(A, B, mul_algo=algo, cutoff=cutoff, return_counters=True)\n          ^^^^^^^^^^^^^^^^^^^^^^^^^^^^^^^^^^^^^^^^^^^^^^^^^^^^^^^^^^^^^^^^^^^^^^^^^^^^\n  File \""D:\\decimal_computer\\decimal_gemm.py\"", line 173, in decimal_gemm_naive\n    C = karatsuba_gemm(A, B, cutoff=cutoff, counters=counters)\n        ^^^^^^^^^^^^^^^^^^^^^^^^^^^^^^^^^^^^^^^^^^^^^^^^^^^^^^\n  File \""D:\\decimal_computer\\decimal_gemm.py\"", line 103, in karatsuba_gemm\n    return schoolbook_gemm(A, B, counters=counters)\n           ^^^^^^^^^^^^^^^^^^^^^^^^^^^^^^^^^^^^^^^^\n  File \""D:\\decimal_computer\\decimal_gemm.py\"", line 73, in schoolbook_gemm\n    a = _to_numpy_int_matrix(A)\n        ^^^^^^^^^^^^^^^^^^^^^^^\n  File \""D:\\decimal_computer\\decimal_gemm.py\"", line 60, in _to_numpy_int_matrix\n    return np.array([[int(x) for x in row] for row in M], dtype=np.int64)\n                    ^^^^^^^^^^^^^^^^^^^^^^^^^^^^^^^^^^^^\n  File \""D:\\decimal_computer\\decimal_gemm.py\"", line 60, in <listcomp>\n    return np.array([[int(x) for x in row] for row in M], dtype=np.int64)\n                     ^^^^^^^^^^^^^^^^^^^^^\n  File \""D:\\decimal_computer\\decimal_gemm.py\"", line 60, in <listcomp>\n    return np.array([[int(x) for x in row] for row in M], dtype=np.int64)\n                      ^^^^^^\nTypeError: int() argument must be a string, a bytes-like object or a real number, not 'list'\n\nDuring handling of the above exception, another exception occurred:\n\nTraceback (most recent call last):\n  File \""C:\\Users\\asus\\AppData\\Local\\Temp\\bench_runner_a53kgsgb\\runner.py\"", line 24, in <module>\n    res = decimal_gemm_naive(A, B, mul_algo=algo, cutoff=cutoff)\n          ^^^^^^^^^^^^^^^^^^^^^^^^^^^^^^^^^^^^^^^^^^^^^^^^^^^^^^\n  File \""D:\\decimal_computer\\decimal_gemm.py\"", line 173, in decimal_gemm_naive\n    C = karatsuba_gemm(A, B, cutoff=cutoff, counters=counters)\n        ^^^^^^^^^^^^^^^^^^^^^^^^^^^^^^^^^^^^^^^^^^^^^^^^^^^^^^\n  File \""D:\\decimal_computer\\decimal_gemm.py\"", line 103, in karatsuba_gemm\n    return schoolbook_gemm(A, B, counters=counters)\n           ^^^^^^^^^^^^^^^^^^^^^^^^^^^^^^^^^^^^^^^^\n  File \""D:\\decimal_computer\\decimal_gemm.py\"", line 73, in schoolbook_gemm\n    a = _to_numpy_int_matrix(A)\n        ^^^^^^^^^^^^^^^^^^^^^^^\n  File \""D:\\decimal_computer\\decimal_gemm.py\"", line 60, in _to_numpy_int_matrix\n    return np.array([[int(x) for x in row] for row in M], dtype=np.int64)\n                    ^^^^^^^^^^^^^^^^^^^^^^^^^^^^^^^^^^^^\n  File \""D:\\decimal_computer\\decimal_gemm.py\"", line 60, in <listcomp>\n    return np.array([[int(x) for x in row] for row in M], dtype=np.int64)\n                     ^^^^^^^^^^^^^^^^^^^^^\n  File \""D:\\decimal_computer\\decimal_gemm.py\"", line 60, in <listcomp>\n    return np.array([[int(x) for x in row] for row in M], dtype=np.int64)\n                      ^^^^^^\nTypeError: int() argument must be a string, a bytes-like object or a real number, not 'list'\n""}
",
4,3,strassen,0,0.0,,,"runner_error: Traceback (most recent call last):
  File ""C:\Users\asus\AppData\Local\Temp\bench_runner_j1l2aj5c\runner.py"", line 21, in <module>
    res = decimal_gemm_naive(A, B, mul_algo=algo, cutoff=cutoff, return_counters=True)
          ^^^^^^^^^^^^^^^^^^^^^^^^^^^^^^^^^^^^^^^^^^^^^^^^^^^^^^^^^^^^^^^^^^^^^^^^^^^^
  File ""D:\decimal_computer\decimal_gemm.py"", line 175, in decimal_gemm_naive
    C = strassen_wrapper(A, B, cutoff=cutoff, counters=counters)
        ^^^^^^^^^^^^^^^^^^^^^^^^^^^^^^^^^^^^^^^^^^^^^^^^^^^^^^^^
  File ""D:\decimal_computer\decimal_gemm.py"", line 117, in strassen_wrapper
    return schoolbook_gemm(A, B, counters=counters)
           ^^^^^^^^^^^^^^^^^^^^^^^^^^^^^^^^^^^^^^^^
  File ""D:\decimal_computer\decimal_gemm.py"", line 73, in schoolbook_gemm
    a = _to_numpy_int_matrix(A)
        ^^^^^^^^^^^^^^^^^^^^^^^
  File ""D:\decimal_computer\decimal_gemm.py"", line 60, in _to_numpy_int_matrix
    return np.array([[int(x) for x in row] for row in M], dtype=np.int64)
                    ^^^^^^^^^^^^^^^^^^^^^^^^^^^^^^^^^^^^
  File ""D:\decimal_computer\decimal_gemm.py"", line 60, in <listcomp>
    return np.array([[int(x) for x in row] for row in M], dtype=np.int64)
                     ^^^^^^^^^^^^^^^^^^^^^
  File ""D:\decimal_computer\decimal_gemm.py"", line 60, in <listcomp>
    return np.array([[int(x) for x in row] for row in M], dtype=np.int64)
                      ^^^^^^
TypeError: int() argument must be a string, a bytes-like object or a real number, not 'list'

During handling of the above exception, another exception occurred:

Traceback (most recent call last):
  File ""C:\Users\asus\AppData\Local\Temp\bench_runner_j1l2aj5c\runner.py"", line 24, in <module>
    res = decimal_gemm_naive(A, B, mul_algo=algo, cutoff=cutoff)
          ^^^^^^^^^^^^^^^^^^^^^^^^^^^^^^^^^^^^^^^^^^^^^^^^^^^^^^
  File ""D:\decimal_computer\decimal_gemm.py"", line 175, in decimal_gemm_naive
    C = strassen_wrapper(A, B, cutoff=cutoff, counters=counters)
        ^^^^^^^^^^^^^^^^^^^^^^^^^^^^^^^^^^^^^^^^^^^^^^^^^^^^^^^^
  File ""D:\decimal_computer\decimal_gemm.py"", line 117, in strassen_wrapper
    return schoolbook_gemm(A, B, counters=counters)
           ^^^^^^^^^^^^^^^^^^^^^^^^^^^^^^^^^^^^^^^^
  File ""D:\decimal_computer\decimal_gemm.py"", line 73, in schoolbook_gemm
    a = _to_numpy_int_matrix(A)
        ^^^^^^^^^^^^^^^^^^^^^^^
  File ""D:\decimal_computer\decimal_gemm.py"", line 60, in _to_numpy_int_matrix
    return np.array([[int(x) for x in row] for row in M], dtype=np.int64)
                    ^^^^^^^^^^^^^^^^^^^^^^^^^^^^^^^^^^^^
  File ""D:\decimal_computer\decimal_gemm.py"", line 60, in <listcomp>
    return np.array([[int(x) for x in row] for row in M], dtype=np.int64)
                     ^^^^^^^^^^^^^^^^^^^^^
  File ""D:\decimal_computer\decimal_gemm.py"", line 60, in <listcomp>
    return np.array([[int(x) for x in row] for row in M], dtype=np.int64)
                      ^^^^^^
TypeError: int() argument must be a string, a bytes-like object or a real number, not 'list'
",4,,,"{""ok"": false, ""error"": ""call_failed"", ""trace"": ""Traceback (most recent call last):\n  File \""C:\\Users\\asus\\AppData\\Local\\Temp\\bench_runner_j1l2aj5c\\runner.py\"", line 21, in <module>\n    res = decimal_gemm_naive(A, B, mul_algo=algo, cutoff=cutoff, return_counters=True)\n          ^^^^^^^^^^^^^^^^^^^^^^^^^^^^^^^^^^^^^^^^^^^^^^^^^^^^^^^^^^^^^^^^^^^^^^^^^^^^\n  File \""D:\\decimal_computer\\decimal_gemm.py\"", line 175, in decimal_gemm_naive\n    C = strassen_wrapper(A, B, cutoff=cutoff, counters=counters)\n        ^^^^^^^^^^^^^^^^^^^^^^^^^^^^^^^^^^^^^^^^^^^^^^^^^^^^^^^^\n  File \""D:\\decimal_computer\\decimal_gemm.py\"", line 117, in strassen_wrapper\n    return schoolbook_gemm(A, B, counters=counters)\n           ^^^^^^^^^^^^^^^^^^^^^^^^^^^^^^^^^^^^^^^^\n  File \""D:\\decimal_computer\\decimal_gemm.py\"", line 73, in schoolbook_gemm\n    a = _to_numpy_int_matrix(A)\n        ^^^^^^^^^^^^^^^^^^^^^^^\n  File \""D:\\decimal_computer\\decimal_gemm.py\"", line 60, in _to_numpy_int_matrix\n    return np.array([[int(x) for x in row] for row in M], dtype=np.int64)\n                    ^^^^^^^^^^^^^^^^^^^^^^^^^^^^^^^^^^^^\n  File \""D:\\decimal_computer\\decimal_gemm.py\"", line 60, in <listcomp>\n    return np.array([[int(x) for x in row] for row in M], dtype=np.int64)\n                     ^^^^^^^^^^^^^^^^^^^^^\n  File \""D:\\decimal_computer\\decimal_gemm.py\"", line 60, in <listcomp>\n    return np.array([[int(x) for x in row] for row in M], dtype=np.int64)\n                      ^^^^^^\nTypeError: int() argument must be a string, a bytes-like object or a real number, not 'list'\n\nDuring handling of the above exception, another exception occurred:\n\nTraceback (most recent call last):\n  File \""C:\\Users\\asus\\AppData\\Local\\Temp\\bench_runner_j1l2aj5c\\runner.py\"", line 24, in <module>\n    res = decimal_gemm_naive(A, B, mul_algo=algo, cutoff=cutoff)\n          ^^^^^^^^^^^^^^^^^^^^^^^^^^^^^^^^^^^^^^^^^^^^^^^^^^^^^^\n  File \""D:\\decimal_computer\\decimal_gemm.py\"", line 175, in decimal_gemm_naive\n    C = strassen_wrapper(A, B, cutoff=cutoff, counters=counters)\n        ^^^^^^^^^^^^^^^^^^^^^^^^^^^^^^^^^^^^^^^^^^^^^^^^^^^^^^^^\n  File \""D:\\decimal_computer\\decimal_gemm.py\"", line 117, in strassen_wrapper\n    return schoolbook_gemm(A, B, counters=counters)\n           ^^^^^^^^^^^^^^^^^^^^^^^^^^^^^^^^^^^^^^^^\n  File \""D:\\decimal_computer\\decimal_gemm.py\"", line 73, in schoolbook_gemm\n    a = _to_numpy_int_matrix(A)\n        ^^^^^^^^^^^^^^^^^^^^^^^\n  File \""D:\\decimal_computer\\decimal_gemm.py\"", line 60, in _to_numpy_int_matrix\n    return np.array([[int(x) for x in row] for row in M], dtype=np.int64)\n                    ^^^^^^^^^^^^^^^^^^^^^^^^^^^^^^^^^^^^\n  File \""D:\\decimal_computer\\decimal_gemm.py\"", line 60, in <listcomp>\n    return np.array([[int(x) for x in row] for row in M], dtype=np.int64)\n                     ^^^^^^^^^^^^^^^^^^^^^\n  File \""D:\\decimal_computer\\decimal_gemm.py\"", line 60, in <listcomp>\n    return np.array([[int(x) for x in row] for row in M], dtype=np.int64)\n                      ^^^^^^\nTypeError: int() argument must be a string, a bytes-like object or a real number, not 'list'\n""}
",
4,3,schoolbook,0,0.0,,,"runner_error: Traceback (most recent call last):
  File ""C:\Users\asus\AppData\Local\Temp\bench_runner_cczcaj7o\runner.py"", line 21, in <module>
    res = decimal_gemm_naive(A, B, mul_algo=algo, cutoff=cutoff, return_counters=True)
          ^^^^^^^^^^^^^^^^^^^^^^^^^^^^^^^^^^^^^^^^^^^^^^^^^^^^^^^^^^^^^^^^^^^^^^^^^^^^
  File ""D:\decimal_computer\decimal_gemm.py"", line 171, in decimal_gemm_naive
    C = schoolbook_gemm(A, B, counters=counters)
        ^^^^^^^^^^^^^^^^^^^^^^^^^^^^^^^^^^^^^^^^
  File ""D:\decimal_computer\decimal_gemm.py"", line 73, in schoolbook_gemm
    a = _to_numpy_int_matrix(A)
        ^^^^^^^^^^^^^^^^^^^^^^^
  File ""D:\decimal_computer\decimal_gemm.py"", line 60, in _to_numpy_int_matrix
    return np.array([[int(x) for x in row] for row in M], dtype=np.int64)
                    ^^^^^^^^^^^^^^^^^^^^^^^^^^^^^^^^^^^^
  File ""D:\decimal_computer\decimal_gemm.py"", line 60, in <listcomp>
    return np.array([[int(x) for x in row] for row in M], dtype=np.int64)
                     ^^^^^^^^^^^^^^^^^^^^^
  File ""D:\decimal_computer\decimal_gemm.py"", line 60, in <listcomp>
    return np.array([[int(x) for x in row] for row in M], dtype=np.int64)
                      ^^^^^^
TypeError: int() argument must be a string, a bytes-like object or a real number, not 'list'

During handling of the above exception, another exception occurred:

Traceback (most recent call last):
  File ""C:\Users\asus\AppData\Local\Temp\bench_runner_cczcaj7o\runner.py"", line 24, in <module>
    res = decimal_gemm_naive(A, B, mul_algo=algo, cutoff=cutoff)
          ^^^^^^^^^^^^^^^^^^^^^^^^^^^^^^^^^^^^^^^^^^^^^^^^^^^^^^
  File ""D:\decimal_computer\decimal_gemm.py"", line 171, in decimal_gemm_naive
    C = schoolbook_gemm(A, B, counters=counters)
        ^^^^^^^^^^^^^^^^^^^^^^^^^^^^^^^^^^^^^^^^
  File ""D:\decimal_computer\decimal_gemm.py"", line 73, in schoolbook_gemm
    a = _to_numpy_int_matrix(A)
        ^^^^^^^^^^^^^^^^^^^^^^^
  File ""D:\decimal_computer\decimal_gemm.py"", line 60, in _to_numpy_int_matrix
    return np.array([[int(x) for x in row] for row in M], dtype=np.int64)
                    ^^^^^^^^^^^^^^^^^^^^^^^^^^^^^^^^^^^^
  File ""D:\decimal_computer\decimal_gemm.py"", line 60, in <listcomp>
    return np.array([[int(x) for x in row] for row in M], dtype=np.int64)
                     ^^^^^^^^^^^^^^^^^^^^^
  File ""D:\decimal_computer\decimal_gemm.py"", line 60, in <listcomp>
    return np.array([[int(x) for x in row] for row in M], dtype=np.int64)
                      ^^^^^^
TypeError: int() argument must be a string, a bytes-like object or a real number, not 'list'
",4,,,"{""ok"": false, ""error"": ""call_failed"", ""trace"": ""Traceback (most recent call last):\n  File \""C:\\Users\\asus\\AppData\\Local\\Temp\\bench_runner_cczcaj7o\\runner.py\"", line 21, in <module>\n    res = decimal_gemm_naive(A, B, mul_algo=algo, cutoff=cutoff, return_counters=True)\n          ^^^^^^^^^^^^^^^^^^^^^^^^^^^^^^^^^^^^^^^^^^^^^^^^^^^^^^^^^^^^^^^^^^^^^^^^^^^^\n  File \""D:\\decimal_computer\\decimal_gemm.py\"", line 171, in decimal_gemm_naive\n    C = schoolbook_gemm(A, B, counters=counters)\n        ^^^^^^^^^^^^^^^^^^^^^^^^^^^^^^^^^^^^^^^^\n  File \""D:\\decimal_computer\\decimal_gemm.py\"", line 73, in schoolbook_gemm\n    a = _to_numpy_int_matrix(A)\n        ^^^^^^^^^^^^^^^^^^^^^^^\n  File \""D:\\decimal_computer\\decimal_gemm.py\"", line 60, in _to_numpy_int_matrix\n    return np.array([[int(x) for x in row] for row in M], dtype=np.int64)\n                    ^^^^^^^^^^^^^^^^^^^^^^^^^^^^^^^^^^^^\n  File \""D:\\decimal_computer\\decimal_gemm.py\"", line 60, in <listcomp>\n    return np.array([[int(x) for x in row] for row in M], dtype=np.int64)\n                     ^^^^^^^^^^^^^^^^^^^^^\n  File \""D:\\decimal_computer\\decimal_gemm.py\"", line 60, in <listcomp>\n    return np.array([[int(x) for x in row] for row in M], dtype=np.int64)\n                      ^^^^^^\nTypeError: int() argument must be a string, a bytes-like object or a real number, not 'list'\n\nDuring handling of the above exception, another exception occurred:\n\nTraceback (most recent call last):\n  File \""C:\\Users\\asus\\AppData\\Local\\Temp\\bench_runner_cczcaj7o\\runner.py\"", line 24, in <module>\n    res = decimal_gemm_naive(A, B, mul_algo=algo, cutoff=cutoff)\n          ^^^^^^^^^^^^^^^^^^^^^^^^^^^^^^^^^^^^^^^^^^^^^^^^^^^^^^\n  File \""D:\\decimal_computer\\decimal_gemm.py\"", line 171, in decimal_gemm_naive\n    C = schoolbook_gemm(A, B, counters=counters)\n        ^^^^^^^^^^^^^^^^^^^^^^^^^^^^^^^^^^^^^^^^\n  File \""D:\\decimal_computer\\decimal_gemm.py\"", line 73, in schoolbook_gemm\n    a = _to_numpy_int_matrix(A)\n        ^^^^^^^^^^^^^^^^^^^^^^^\n  File \""D:\\decimal_computer\\decimal_gemm.py\"", line 60, in _to_numpy_int_matrix\n    return np.array([[int(x) for x in row] for row in M], dtype=np.int64)\n                    ^^^^^^^^^^^^^^^^^^^^^^^^^^^^^^^^^^^^\n  File \""D:\\decimal_computer\\decimal_gemm.py\"", line 60, in <listcomp>\n    return np.array([[int(x) for x in row] for row in M], dtype=np.int64)\n                     ^^^^^^^^^^^^^^^^^^^^^\n  File \""D:\\decimal_computer\\decimal_gemm.py\"", line 60, in <listcomp>\n    return np.array([[int(x) for x in row] for row in M], dtype=np.int64)\n                      ^^^^^^\nTypeError: int() argument must be a string, a bytes-like object or a real number, not 'list'\n""}
",
4,3,karatsuba,0,0.0,,,"runner_error: Traceback (most recent call last):
  File ""C:\Users\asus\AppData\Local\Temp\bench_runner_4ozbuhoi\runner.py"", line 21, in <module>
    res = decimal_gemm_naive(A, B, mul_algo=algo, cutoff=cutoff, return_counters=True)
          ^^^^^^^^^^^^^^^^^^^^^^^^^^^^^^^^^^^^^^^^^^^^^^^^^^^^^^^^^^^^^^^^^^^^^^^^^^^^
  File ""D:\decimal_computer\decimal_gemm.py"", line 173, in decimal_gemm_naive
    C = karatsuba_gemm(A, B, cutoff=cutoff, counters=counters)
        ^^^^^^^^^^^^^^^^^^^^^^^^^^^^^^^^^^^^^^^^^^^^^^^^^^^^^^
  File ""D:\decimal_computer\decimal_gemm.py"", line 103, in karatsuba_gemm
    return schoolbook_gemm(A, B, counters=counters)
           ^^^^^^^^^^^^^^^^^^^^^^^^^^^^^^^^^^^^^^^^
  File ""D:\decimal_computer\decimal_gemm.py"", line 73, in schoolbook_gemm
    a = _to_numpy_int_matrix(A)
        ^^^^^^^^^^^^^^^^^^^^^^^
  File ""D:\decimal_computer\decimal_gemm.py"", line 60, in _to_numpy_int_matrix
    return np.array([[int(x) for x in row] for row in M], dtype=np.int64)
                    ^^^^^^^^^^^^^^^^^^^^^^^^^^^^^^^^^^^^
  File ""D:\decimal_computer\decimal_gemm.py"", line 60, in <listcomp>
    return np.array([[int(x) for x in row] for row in M], dtype=np.int64)
                     ^^^^^^^^^^^^^^^^^^^^^
  File ""D:\decimal_computer\decimal_gemm.py"", line 60, in <listcomp>
    return np.array([[int(x) for x in row] for row in M], dtype=np.int64)
                      ^^^^^^
TypeError: int() argument must be a string, a bytes-like object or a real number, not 'list'

During handling of the above exception, another exception occurred:

Traceback (most recent call last):
  File ""C:\Users\asus\AppData\Local\Temp\bench_runner_4ozbuhoi\runner.py"", line 24, in <module>
    res = decimal_gemm_naive(A, B, mul_algo=algo, cutoff=cutoff)
          ^^^^^^^^^^^^^^^^^^^^^^^^^^^^^^^^^^^^^^^^^^^^^^^^^^^^^^
  File ""D:\decimal_computer\decimal_gemm.py"", line 173, in decimal_gemm_naive
    C = karatsuba_gemm(A, B, cutoff=cutoff, counters=counters)
        ^^^^^^^^^^^^^^^^^^^^^^^^^^^^^^^^^^^^^^^^^^^^^^^^^^^^^^
  File ""D:\decimal_computer\decimal_gemm.py"", line 103, in karatsuba_gemm
    return schoolbook_gemm(A, B, counters=counters)
           ^^^^^^^^^^^^^^^^^^^^^^^^^^^^^^^^^^^^^^^^
  File ""D:\decimal_computer\decimal_gemm.py"", line 73, in schoolbook_gemm
    a = _to_numpy_int_matrix(A)
        ^^^^^^^^^^^^^^^^^^^^^^^
  File ""D:\decimal_computer\decimal_gemm.py"", line 60, in _to_numpy_int_matrix
    return np.array([[int(x) for x in row] for row in M], dtype=np.int64)
                    ^^^^^^^^^^^^^^^^^^^^^^^^^^^^^^^^^^^^
  File ""D:\decimal_computer\decimal_gemm.py"", line 60, in <listcomp>
    return np.array([[int(x) for x in row] for row in M], dtype=np.int64)
                     ^^^^^^^^^^^^^^^^^^^^^
  File ""D:\decimal_computer\decimal_gemm.py"", line 60, in <listcomp>
    return np.array([[int(x) for x in row] for row in M], dtype=np.int64)
                      ^^^^^^
TypeError: int() argument must be a string, a bytes-like object or a real number, not 'list'
",4,,,"{""ok"": false, ""error"": ""call_failed"", ""trace"": ""Traceback (most recent call last):\n  File \""C:\\Users\\asus\\AppData\\Local\\Temp\\bench_runner_4ozbuhoi\\runner.py\"", line 21, in <module>\n    res = decimal_gemm_naive(A, B, mul_algo=algo, cutoff=cutoff, return_counters=True)\n          ^^^^^^^^^^^^^^^^^^^^^^^^^^^^^^^^^^^^^^^^^^^^^^^^^^^^^^^^^^^^^^^^^^^^^^^^^^^^\n  File \""D:\\decimal_computer\\decimal_gemm.py\"", line 173, in decimal_gemm_naive\n    C = karatsuba_gemm(A, B, cutoff=cutoff, counters=counters)\n        ^^^^^^^^^^^^^^^^^^^^^^^^^^^^^^^^^^^^^^^^^^^^^^^^^^^^^^\n  File \""D:\\decimal_computer\\decimal_gemm.py\"", line 103, in karatsuba_gemm\n    return schoolbook_gemm(A, B, counters=counters)\n           ^^^^^^^^^^^^^^^^^^^^^^^^^^^^^^^^^^^^^^^^\n  File \""D:\\decimal_computer\\decimal_gemm.py\"", line 73, in schoolbook_gemm\n    a = _to_numpy_int_matrix(A)\n        ^^^^^^^^^^^^^^^^^^^^^^^\n  File \""D:\\decimal_computer\\decimal_gemm.py\"", line 60, in _to_numpy_int_matrix\n    return np.array([[int(x) for x in row] for row in M], dtype=np.int64)\n                    ^^^^^^^^^^^^^^^^^^^^^^^^^^^^^^^^^^^^\n  File \""D:\\decimal_computer\\decimal_gemm.py\"", line 60, in <listcomp>\n    return np.array([[int(x) for x in row] for row in M], dtype=np.int64)\n                     ^^^^^^^^^^^^^^^^^^^^^\n  File \""D:\\decimal_computer\\decimal_gemm.py\"", line 60, in <listcomp>\n    return np.array([[int(x) for x in row] for row in M], dtype=np.int64)\n                      ^^^^^^\nTypeError: int() argument must be a string, a bytes-like object or a real number, not 'list'\n\nDuring handling of the above exception, another exception occurred:\n\nTraceback (most recent call last):\n  File \""C:\\Users\\asus\\AppData\\Local\\Temp\\bench_runner_4ozbuhoi\\runner.py\"", line 24, in <module>\n    res = decimal_gemm_naive(A, B, mul_algo=algo, cutoff=cutoff)\n          ^^^^^^^^^^^^^^^^^^^^^^^^^^^^^^^^^^^^^^^^^^^^^^^^^^^^^^\n  File \""D:\\decimal_computer\\decimal_gemm.py\"", line 173, in decimal_gemm_naive\n    C = karatsuba_gemm(A, B, cutoff=cutoff, counters=counters)\n        ^^^^^^^^^^^^^^^^^^^^^^^^^^^^^^^^^^^^^^^^^^^^^^^^^^^^^^\n  File \""D:\\decimal_computer\\decimal_gemm.py\"", line 103, in karatsuba_gemm\n    return schoolbook_gemm(A, B, counters=counters)\n           ^^^^^^^^^^^^^^^^^^^^^^^^^^^^^^^^^^^^^^^^\n  File \""D:\\decimal_computer\\decimal_gemm.py\"", line 73, in schoolbook_gemm\n    a = _to_numpy_int_matrix(A)\n        ^^^^^^^^^^^^^^^^^^^^^^^\n  File \""D:\\decimal_computer\\decimal_gemm.py\"", line 60, in _to_numpy_int_matrix\n    return np.array([[int(x) for x in row] for row in M], dtype=np.int64)\n                    ^^^^^^^^^^^^^^^^^^^^^^^^^^^^^^^^^^^^\n  File \""D:\\decimal_computer\\decimal_gemm.py\"", line 60, in <listcomp>\n    return np.array([[int(x) for x in row] for row in M], dtype=np.int64)\n                     ^^^^^^^^^^^^^^^^^^^^^\n  File \""D:\\decimal_computer\\decimal_gemm.py\"", line 60, in <listcomp>\n    return np.array([[int(x) for x in row] for row in M], dtype=np.int64)\n                      ^^^^^^\nTypeError: int() argument must be a string, a bytes-like object or a real number, not 'list'\n""}
",
4,3,strassen,0,0.0,,,"runner_error: Traceback (most recent call last):
  File ""C:\Users\asus\AppData\Local\Temp\bench_runner_d1nmwl4p\runner.py"", line 21, in <module>
    res = decimal_gemm_naive(A, B, mul_algo=algo, cutoff=cutoff, return_counters=True)
          ^^^^^^^^^^^^^^^^^^^^^^^^^^^^^^^^^^^^^^^^^^^^^^^^^^^^^^^^^^^^^^^^^^^^^^^^^^^^
  File ""D:\decimal_computer\decimal_gemm.py"", line 175, in decimal_gemm_naive
    C = strassen_wrapper(A, B, cutoff=cutoff, counters=counters)
        ^^^^^^^^^^^^^^^^^^^^^^^^^^^^^^^^^^^^^^^^^^^^^^^^^^^^^^^^
  File ""D:\decimal_computer\decimal_gemm.py"", line 117, in strassen_wrapper
    return schoolbook_gemm(A, B, counters=counters)
           ^^^^^^^^^^^^^^^^^^^^^^^^^^^^^^^^^^^^^^^^
  File ""D:\decimal_computer\decimal_gemm.py"", line 73, in schoolbook_gemm
    a = _to_numpy_int_matrix(A)
        ^^^^^^^^^^^^^^^^^^^^^^^
  File ""D:\decimal_computer\decimal_gemm.py"", line 60, in _to_numpy_int_matrix
    return np.array([[int(x) for x in row] for row in M], dtype=np.int64)
                    ^^^^^^^^^^^^^^^^^^^^^^^^^^^^^^^^^^^^
  File ""D:\decimal_computer\decimal_gemm.py"", line 60, in <listcomp>
    return np.array([[int(x) for x in row] for row in M], dtype=np.int64)
                     ^^^^^^^^^^^^^^^^^^^^^
  File ""D:\decimal_computer\decimal_gemm.py"", line 60, in <listcomp>
    return np.array([[int(x) for x in row] for row in M], dtype=np.int64)
                      ^^^^^^
TypeError: int() argument must be a string, a bytes-like object or a real number, not 'list'

During handling of the above exception, another exception occurred:

Traceback (most recent call last):
  File ""C:\Users\asus\AppData\Local\Temp\bench_runner_d1nmwl4p\runner.py"", line 24, in <module>
    res = decimal_gemm_naive(A, B, mul_algo=algo, cutoff=cutoff)
          ^^^^^^^^^^^^^^^^^^^^^^^^^^^^^^^^^^^^^^^^^^^^^^^^^^^^^^
  File ""D:\decimal_computer\decimal_gemm.py"", line 175, in decimal_gemm_naive
    C = strassen_wrapper(A, B, cutoff=cutoff, counters=counters)
        ^^^^^^^^^^^^^^^^^^^^^^^^^^^^^^^^^^^^^^^^^^^^^^^^^^^^^^^^
  File ""D:\decimal_computer\decimal_gemm.py"", line 117, in strassen_wrapper
    return schoolbook_gemm(A, B, counters=counters)
           ^^^^^^^^^^^^^^^^^^^^^^^^^^^^^^^^^^^^^^^^
  File ""D:\decimal_computer\decimal_gemm.py"", line 73, in schoolbook_gemm
    a = _to_numpy_int_matrix(A)
        ^^^^^^^^^^^^^^^^^^^^^^^
  File ""D:\decimal_computer\decimal_gemm.py"", line 60, in _to_numpy_int_matrix
    return np.array([[int(x) for x in row] for row in M], dtype=np.int64)
                    ^^^^^^^^^^^^^^^^^^^^^^^^^^^^^^^^^^^^
  File ""D:\decimal_computer\decimal_gemm.py"", line 60, in <listcomp>
    return np.array([[int(x) for x in row] for row in M], dtype=np.int64)
                     ^^^^^^^^^^^^^^^^^^^^^
  File ""D:\decimal_computer\decimal_gemm.py"", line 60, in <listcomp>
    return np.array([[int(x) for x in row] for row in M], dtype=np.int64)
                      ^^^^^^
TypeError: int() argument must be a string, a bytes-like object or a real number, not 'list'
",4,,,"{""ok"": false, ""error"": ""call_failed"", ""trace"": ""Traceback (most recent call last):\n  File \""C:\\Users\\asus\\AppData\\Local\\Temp\\bench_runner_d1nmwl4p\\runner.py\"", line 21, in <module>\n    res = decimal_gemm_naive(A, B, mul_algo=algo, cutoff=cutoff, return_counters=True)\n          ^^^^^^^^^^^^^^^^^^^^^^^^^^^^^^^^^^^^^^^^^^^^^^^^^^^^^^^^^^^^^^^^^^^^^^^^^^^^\n  File \""D:\\decimal_computer\\decimal_gemm.py\"", line 175, in decimal_gemm_naive\n    C = strassen_wrapper(A, B, cutoff=cutoff, counters=counters)\n        ^^^^^^^^^^^^^^^^^^^^^^^^^^^^^^^^^^^^^^^^^^^^^^^^^^^^^^^^\n  File \""D:\\decimal_computer\\decimal_gemm.py\"", line 117, in strassen_wrapper\n    return schoolbook_gemm(A, B, counters=counters)\n           ^^^^^^^^^^^^^^^^^^^^^^^^^^^^^^^^^^^^^^^^\n  File \""D:\\decimal_computer\\decimal_gemm.py\"", line 73, in schoolbook_gemm\n    a = _to_numpy_int_matrix(A)\n        ^^^^^^^^^^^^^^^^^^^^^^^\n  File \""D:\\decimal_computer\\decimal_gemm.py\"", line 60, in _to_numpy_int_matrix\n    return np.array([[int(x) for x in row] for row in M], dtype=np.int64)\n                    ^^^^^^^^^^^^^^^^^^^^^^^^^^^^^^^^^^^^\n  File \""D:\\decimal_computer\\decimal_gemm.py\"", line 60, in <listcomp>\n    return np.array([[int(x) for x in row] for row in M], dtype=np.int64)\n                     ^^^^^^^^^^^^^^^^^^^^^\n  File \""D:\\decimal_computer\\decimal_gemm.py\"", line 60, in <listcomp>\n    return np.array([[int(x) for x in row] for row in M], dtype=np.int64)\n                      ^^^^^^\nTypeError: int() argument must be a string, a bytes-like object or a real number, not 'list'\n\nDuring handling of the above exception, another exception occurred:\n\nTraceback (most recent call last):\n  File \""C:\\Users\\asus\\AppData\\Local\\Temp\\bench_runner_d1nmwl4p\\runner.py\"", line 24, in <module>\n    res = decimal_gemm_naive(A, B, mul_algo=algo, cutoff=cutoff)\n          ^^^^^^^^^^^^^^^^^^^^^^^^^^^^^^^^^^^^^^^^^^^^^^^^^^^^^^\n  File \""D:\\decimal_computer\\decimal_gemm.py\"", line 175, in decimal_gemm_naive\n    C = strassen_wrapper(A, B, cutoff=cutoff, counters=counters)\n        ^^^^^^^^^^^^^^^^^^^^^^^^^^^^^^^^^^^^^^^^^^^^^^^^^^^^^^^^\n  File \""D:\\decimal_computer\\decimal_gemm.py\"", line 117, in strassen_wrapper\n    return schoolbook_gemm(A, B, counters=counters)\n           ^^^^^^^^^^^^^^^^^^^^^^^^^^^^^^^^^^^^^^^^\n  File \""D:\\decimal_computer\\decimal_gemm.py\"", line 73, in schoolbook_gemm\n    a = _to_numpy_int_matrix(A)\n        ^^^^^^^^^^^^^^^^^^^^^^^\n  File \""D:\\decimal_computer\\decimal_gemm.py\"", line 60, in _to_numpy_int_matrix\n    return np.array([[int(x) for x in row] for row in M], dtype=np.int64)\n                    ^^^^^^^^^^^^^^^^^^^^^^^^^^^^^^^^^^^^\n  File \""D:\\decimal_computer\\decimal_gemm.py\"", line 60, in <listcomp>\n    return np.array([[int(x) for x in row] for row in M], dtype=np.int64)\n                     ^^^^^^^^^^^^^^^^^^^^^\n  File \""D:\\decimal_computer\\decimal_gemm.py\"", line 60, in <listcomp>\n    return np.array([[int(x) for x in row] for row in M], dtype=np.int64)\n                      ^^^^^^\nTypeError: int() argument must be a string, a bytes-like object or a real number, not 'list'\n""}
",
4,3,schoolbook,0,0.0,,,"runner_error: Traceback (most recent call last):
  File ""C:\Users\asus\AppData\Local\Temp\bench_runner_iyusy01b\runner.py"", line 21, in <module>
    res = decimal_gemm_naive(A, B, mul_algo=algo, cutoff=cutoff, return_counters=True)
          ^^^^^^^^^^^^^^^^^^^^^^^^^^^^^^^^^^^^^^^^^^^^^^^^^^^^^^^^^^^^^^^^^^^^^^^^^^^^
  File ""D:\decimal_computer\decimal_gemm.py"", line 171, in decimal_gemm_naive
    C = schoolbook_gemm(A, B, counters=counters)
        ^^^^^^^^^^^^^^^^^^^^^^^^^^^^^^^^^^^^^^^^
  File ""D:\decimal_computer\decimal_gemm.py"", line 73, in schoolbook_gemm
    a = _to_numpy_int_matrix(A)
        ^^^^^^^^^^^^^^^^^^^^^^^
  File ""D:\decimal_computer\decimal_gemm.py"", line 60, in _to_numpy_int_matrix
    return np.array([[int(x) for x in row] for row in M], dtype=np.int64)
                    ^^^^^^^^^^^^^^^^^^^^^^^^^^^^^^^^^^^^
  File ""D:\decimal_computer\decimal_gemm.py"", line 60, in <listcomp>
    return np.array([[int(x) for x in row] for row in M], dtype=np.int64)
                     ^^^^^^^^^^^^^^^^^^^^^
  File ""D:\decimal_computer\decimal_gemm.py"", line 60, in <listcomp>
    return np.array([[int(x) for x in row] for row in M], dtype=np.int64)
                      ^^^^^^
TypeError: int() argument must be a string, a bytes-like object or a real number, not 'list'

During handling of the above exception, another exception occurred:

Traceback (most recent call last):
  File ""C:\Users\asus\AppData\Local\Temp\bench_runner_iyusy01b\runner.py"", line 24, in <module>
    res = decimal_gemm_naive(A, B, mul_algo=algo, cutoff=cutoff)
          ^^^^^^^^^^^^^^^^^^^^^^^^^^^^^^^^^^^^^^^^^^^^^^^^^^^^^^
  File ""D:\decimal_computer\decimal_gemm.py"", line 171, in decimal_gemm_naive
    C = schoolbook_gemm(A, B, counters=counters)
        ^^^^^^^^^^^^^^^^^^^^^^^^^^^^^^^^^^^^^^^^
  File ""D:\decimal_computer\decimal_gemm.py"", line 73, in schoolbook_gemm
    a = _to_numpy_int_matrix(A)
        ^^^^^^^^^^^^^^^^^^^^^^^
  File ""D:\decimal_computer\decimal_gemm.py"", line 60, in _to_numpy_int_matrix
    return np.array([[int(x) for x in row] for row in M], dtype=np.int64)
                    ^^^^^^^^^^^^^^^^^^^^^^^^^^^^^^^^^^^^
  File ""D:\decimal_computer\decimal_gemm.py"", line 60, in <listcomp>
    return np.array([[int(x) for x in row] for row in M], dtype=np.int64)
                     ^^^^^^^^^^^^^^^^^^^^^
  File ""D:\decimal_computer\decimal_gemm.py"", line 60, in <listcomp>
    return np.array([[int(x) for x in row] for row in M], dtype=np.int64)
                      ^^^^^^
TypeError: int() argument must be a string, a bytes-like object or a real number, not 'list'
",4,,,"{""ok"": false, ""error"": ""call_failed"", ""trace"": ""Traceback (most recent call last):\n  File \""C:\\Users\\asus\\AppData\\Local\\Temp\\bench_runner_iyusy01b\\runner.py\"", line 21, in <module>\n    res = decimal_gemm_naive(A, B, mul_algo=algo, cutoff=cutoff, return_counters=True)\n          ^^^^^^^^^^^^^^^^^^^^^^^^^^^^^^^^^^^^^^^^^^^^^^^^^^^^^^^^^^^^^^^^^^^^^^^^^^^^\n  File \""D:\\decimal_computer\\decimal_gemm.py\"", line 171, in decimal_gemm_naive\n    C = schoolbook_gemm(A, B, counters=counters)\n        ^^^^^^^^^^^^^^^^^^^^^^^^^^^^^^^^^^^^^^^^\n  File \""D:\\decimal_computer\\decimal_gemm.py\"", line 73, in schoolbook_gemm\n    a = _to_numpy_int_matrix(A)\n        ^^^^^^^^^^^^^^^^^^^^^^^\n  File \""D:\\decimal_computer\\decimal_gemm.py\"", line 60, in _to_numpy_int_matrix\n    return np.array([[int(x) for x in row] for row in M], dtype=np.int64)\n                    ^^^^^^^^^^^^^^^^^^^^^^^^^^^^^^^^^^^^\n  File \""D:\\decimal_computer\\decimal_gemm.py\"", line 60, in <listcomp>\n    return np.array([[int(x) for x in row] for row in M], dtype=np.int64)\n                     ^^^^^^^^^^^^^^^^^^^^^\n  File \""D:\\decimal_computer\\decimal_gemm.py\"", line 60, in <listcomp>\n    return np.array([[int(x) for x in row] for row in M], dtype=np.int64)\n                      ^^^^^^\nTypeError: int() argument must be a string, a bytes-like object or a real number, not 'list'\n\nDuring handling of the above exception, another exception occurred:\n\nTraceback (most recent call last):\n  File \""C:\\Users\\asus\\AppData\\Local\\Temp\\bench_runner_iyusy01b\\runner.py\"", line 24, in <module>\n    res = decimal_gemm_naive(A, B, mul_algo=algo, cutoff=cutoff)\n          ^^^^^^^^^^^^^^^^^^^^^^^^^^^^^^^^^^^^^^^^^^^^^^^^^^^^^^\n  File \""D:\\decimal_computer\\decimal_gemm.py\"", line 171, in decimal_gemm_naive\n    C = schoolbook_gemm(A, B, counters=counters)\n        ^^^^^^^^^^^^^^^^^^^^^^^^^^^^^^^^^^^^^^^^\n  File \""D:\\decimal_computer\\decimal_gemm.py\"", line 73, in schoolbook_gemm\n    a = _to_numpy_int_matrix(A)\n        ^^^^^^^^^^^^^^^^^^^^^^^\n  File \""D:\\decimal_computer\\decimal_gemm.py\"", line 60, in _to_numpy_int_matrix\n    return np.array([[int(x) for x in row] for row in M], dtype=np.int64)\n                    ^^^^^^^^^^^^^^^^^^^^^^^^^^^^^^^^^^^^\n  File \""D:\\decimal_computer\\decimal_gemm.py\"", line 60, in <listcomp>\n    return np.array([[int(x) for x in row] for row in M], dtype=np.int64)\n                     ^^^^^^^^^^^^^^^^^^^^^\n  File \""D:\\decimal_computer\\decimal_gemm.py\"", line 60, in <listcomp>\n    return np.array([[int(x) for x in row] for row in M], dtype=np.int64)\n                      ^^^^^^\nTypeError: int() argument must be a string, a bytes-like object or a real number, not 'list'\n""}
",
4,3,karatsuba,0,0.0,,,"runner_error: Traceback (most recent call last):
  File ""C:\Users\asus\AppData\Local\Temp\bench_runner_aw3j9kut\runner.py"", line 21, in <module>
    res = decimal_gemm_naive(A, B, mul_algo=algo, cutoff=cutoff, return_counters=True)
          ^^^^^^^^^^^^^^^^^^^^^^^^^^^^^^^^^^^^^^^^^^^^^^^^^^^^^^^^^^^^^^^^^^^^^^^^^^^^
  File ""D:\decimal_computer\decimal_gemm.py"", line 173, in decimal_gemm_naive
    C = karatsuba_gemm(A, B, cutoff=cutoff, counters=counters)
        ^^^^^^^^^^^^^^^^^^^^^^^^^^^^^^^^^^^^^^^^^^^^^^^^^^^^^^
  File ""D:\decimal_computer\decimal_gemm.py"", line 103, in karatsuba_gemm
    return schoolbook_gemm(A, B, counters=counters)
           ^^^^^^^^^^^^^^^^^^^^^^^^^^^^^^^^^^^^^^^^
  File ""D:\decimal_computer\decimal_gemm.py"", line 73, in schoolbook_gemm
    a = _to_numpy_int_matrix(A)
        ^^^^^^^^^^^^^^^^^^^^^^^
  File ""D:\decimal_computer\decimal_gemm.py"", line 60, in _to_numpy_int_matrix
    return np.array([[int(x) for x in row] for row in M], dtype=np.int64)
                    ^^^^^^^^^^^^^^^^^^^^^^^^^^^^^^^^^^^^
  File ""D:\decimal_computer\decimal_gemm.py"", line 60, in <listcomp>
    return np.array([[int(x) for x in row] for row in M], dtype=np.int64)
                     ^^^^^^^^^^^^^^^^^^^^^
  File ""D:\decimal_computer\decimal_gemm.py"", line 60, in <listcomp>
    return np.array([[int(x) for x in row] for row in M], dtype=np.int64)
                      ^^^^^^
TypeError: int() argument must be a string, a bytes-like object or a real number, not 'list'

During handling of the above exception, another exception occurred:

Traceback (most recent call last):
  File ""C:\Users\asus\AppData\Local\Temp\bench_runner_aw3j9kut\runner.py"", line 24, in <module>
    res = decimal_gemm_naive(A, B, mul_algo=algo, cutoff=cutoff)
          ^^^^^^^^^^^^^^^^^^^^^^^^^^^^^^^^^^^^^^^^^^^^^^^^^^^^^^
  File ""D:\decimal_computer\decimal_gemm.py"", line 173, in decimal_gemm_naive
    C = karatsuba_gemm(A, B, cutoff=cutoff, counters=counters)
        ^^^^^^^^^^^^^^^^^^^^^^^^^^^^^^^^^^^^^^^^^^^^^^^^^^^^^^
  File ""D:\decimal_computer\decimal_gemm.py"", line 103, in karatsuba_gemm
    return schoolbook_gemm(A, B, counters=counters)
           ^^^^^^^^^^^^^^^^^^^^^^^^^^^^^^^^^^^^^^^^
  File ""D:\decimal_computer\decimal_gemm.py"", line 73, in schoolbook_gemm
    a = _to_numpy_int_matrix(A)
        ^^^^^^^^^^^^^^^^^^^^^^^
  File ""D:\decimal_computer\decimal_gemm.py"", line 60, in _to_numpy_int_matrix
    return np.array([[int(x) for x in row] for row in M], dtype=np.int64)
                    ^^^^^^^^^^^^^^^^^^^^^^^^^^^^^^^^^^^^
  File ""D:\decimal_computer\decimal_gemm.py"", line 60, in <listcomp>
    return np.array([[int(x) for x in row] for row in M], dtype=np.int64)
                     ^^^^^^^^^^^^^^^^^^^^^
  File ""D:\decimal_computer\decimal_gemm.py"", line 60, in <listcomp>
    return np.array([[int(x) for x in row] for row in M], dtype=np.int64)
                      ^^^^^^
TypeError: int() argument must be a string, a bytes-like object or a real number, not 'list'
",4,,,"{""ok"": false, ""error"": ""call_failed"", ""trace"": ""Traceback (most recent call last):\n  File \""C:\\Users\\asus\\AppData\\Local\\Temp\\bench_runner_aw3j9kut\\runner.py\"", line 21, in <module>\n    res = decimal_gemm_naive(A, B, mul_algo=algo, cutoff=cutoff, return_counters=True)\n          ^^^^^^^^^^^^^^^^^^^^^^^^^^^^^^^^^^^^^^^^^^^^^^^^^^^^^^^^^^^^^^^^^^^^^^^^^^^^\n  File \""D:\\decimal_computer\\decimal_gemm.py\"", line 173, in decimal_gemm_naive\n    C = karatsuba_gemm(A, B, cutoff=cutoff, counters=counters)\n        ^^^^^^^^^^^^^^^^^^^^^^^^^^^^^^^^^^^^^^^^^^^^^^^^^^^^^^\n  File \""D:\\decimal_computer\\decimal_gemm.py\"", line 103, in karatsuba_gemm\n    return schoolbook_gemm(A, B, counters=counters)\n           ^^^^^^^^^^^^^^^^^^^^^^^^^^^^^^^^^^^^^^^^\n  File \""D:\\decimal_computer\\decimal_gemm.py\"", line 73, in schoolbook_gemm\n    a = _to_numpy_int_matrix(A)\n        ^^^^^^^^^^^^^^^^^^^^^^^\n  File \""D:\\decimal_computer\\decimal_gemm.py\"", line 60, in _to_numpy_int_matrix\n    return np.array([[int(x) for x in row] for row in M], dtype=np.int64)\n                    ^^^^^^^^^^^^^^^^^^^^^^^^^^^^^^^^^^^^\n  File \""D:\\decimal_computer\\decimal_gemm.py\"", line 60, in <listcomp>\n    return np.array([[int(x) for x in row] for row in M], dtype=np.int64)\n                     ^^^^^^^^^^^^^^^^^^^^^\n  File \""D:\\decimal_computer\\decimal_gemm.py\"", line 60, in <listcomp>\n    return np.array([[int(x) for x in row] for row in M], dtype=np.int64)\n                      ^^^^^^\nTypeError: int() argument must be a string, a bytes-like object or a real number, not 'list'\n\nDuring handling of the above exception, another exception occurred:\n\nTraceback (most recent call last):\n  File \""C:\\Users\\asus\\AppData\\Local\\Temp\\bench_runner_aw3j9kut\\runner.py\"", line 24, in <module>\n    res = decimal_gemm_naive(A, B, mul_algo=algo, cutoff=cutoff)\n          ^^^^^^^^^^^^^^^^^^^^^^^^^^^^^^^^^^^^^^^^^^^^^^^^^^^^^^\n  File \""D:\\decimal_computer\\decimal_gemm.py\"", line 173, in decimal_gemm_naive\n    C = karatsuba_gemm(A, B, cutoff=cutoff, counters=counters)\n        ^^^^^^^^^^^^^^^^^^^^^^^^^^^^^^^^^^^^^^^^^^^^^^^^^^^^^^\n  File \""D:\\decimal_computer\\decimal_gemm.py\"", line 103, in karatsuba_gemm\n    return schoolbook_gemm(A, B, counters=counters)\n           ^^^^^^^^^^^^^^^^^^^^^^^^^^^^^^^^^^^^^^^^\n  File \""D:\\decimal_computer\\decimal_gemm.py\"", line 73, in schoolbook_gemm\n    a = _to_numpy_int_matrix(A)\n        ^^^^^^^^^^^^^^^^^^^^^^^\n  File \""D:\\decimal_computer\\decimal_gemm.py\"", line 60, in _to_numpy_int_matrix\n    return np.array([[int(x) for x in row] for row in M], dtype=np.int64)\n                    ^^^^^^^^^^^^^^^^^^^^^^^^^^^^^^^^^^^^\n  File \""D:\\decimal_computer\\decimal_gemm.py\"", line 60, in <listcomp>\n    return np.array([[int(x) for x in row] for row in M], dtype=np.int64)\n                     ^^^^^^^^^^^^^^^^^^^^^\n  File \""D:\\decimal_computer\\decimal_gemm.py\"", line 60, in <listcomp>\n    return np.array([[int(x) for x in row] for row in M], dtype=np.int64)\n                      ^^^^^^\nTypeError: int() argument must be a string, a bytes-like object or a real number, not 'list'\n""}
",
4,3,strassen,0,0.0,,,"runner_error: Traceback (most recent call last):
  File ""C:\Users\asus\AppData\Local\Temp\bench_runner_a1bh9gfm\runner.py"", line 21, in <module>
    res = decimal_gemm_naive(A, B, mul_algo=algo, cutoff=cutoff, return_counters=True)
          ^^^^^^^^^^^^^^^^^^^^^^^^^^^^^^^^^^^^^^^^^^^^^^^^^^^^^^^^^^^^^^^^^^^^^^^^^^^^
  File ""D:\decimal_computer\decimal_gemm.py"", line 175, in decimal_gemm_naive
    C = strassen_wrapper(A, B, cutoff=cutoff, counters=counters)
        ^^^^^^^^^^^^^^^^^^^^^^^^^^^^^^^^^^^^^^^^^^^^^^^^^^^^^^^^
  File ""D:\decimal_computer\decimal_gemm.py"", line 117, in strassen_wrapper
    return schoolbook_gemm(A, B, counters=counters)
           ^^^^^^^^^^^^^^^^^^^^^^^^^^^^^^^^^^^^^^^^
  File ""D:\decimal_computer\decimal_gemm.py"", line 73, in schoolbook_gemm
    a = _to_numpy_int_matrix(A)
        ^^^^^^^^^^^^^^^^^^^^^^^
  File ""D:\decimal_computer\decimal_gemm.py"", line 60, in _to_numpy_int_matrix
    return np.array([[int(x) for x in row] for row in M], dtype=np.int64)
                    ^^^^^^^^^^^^^^^^^^^^^^^^^^^^^^^^^^^^
  File ""D:\decimal_computer\decimal_gemm.py"", line 60, in <listcomp>
    return np.array([[int(x) for x in row] for row in M], dtype=np.int64)
                     ^^^^^^^^^^^^^^^^^^^^^
  File ""D:\decimal_computer\decimal_gemm.py"", line 60, in <listcomp>
    return np.array([[int(x) for x in row] for row in M], dtype=np.int64)
                      ^^^^^^
TypeError: int() argument must be a string, a bytes-like object or a real number, not 'list'

During handling of the above exception, another exception occurred:

Traceback (most recent call last):
  File ""C:\Users\asus\AppData\Local\Temp\bench_runner_a1bh9gfm\runner.py"", line 24, in <module>
    res = decimal_gemm_naive(A, B, mul_algo=algo, cutoff=cutoff)
          ^^^^^^^^^^^^^^^^^^^^^^^^^^^^^^^^^^^^^^^^^^^^^^^^^^^^^^
  File ""D:\decimal_computer\decimal_gemm.py"", line 175, in decimal_gemm_naive
    C = strassen_wrapper(A, B, cutoff=cutoff, counters=counters)
        ^^^^^^^^^^^^^^^^^^^^^^^^^^^^^^^^^^^^^^^^^^^^^^^^^^^^^^^^
  File ""D:\decimal_computer\decimal_gemm.py"", line 117, in strassen_wrapper
    return schoolbook_gemm(A, B, counters=counters)
           ^^^^^^^^^^^^^^^^^^^^^^^^^^^^^^^^^^^^^^^^
  File ""D:\decimal_computer\decimal_gemm.py"", line 73, in schoolbook_gemm
    a = _to_numpy_int_matrix(A)
        ^^^^^^^^^^^^^^^^^^^^^^^
  File ""D:\decimal_computer\decimal_gemm.py"", line 60, in _to_numpy_int_matrix
    return np.array([[int(x) for x in row] for row in M], dtype=np.int64)
                    ^^^^^^^^^^^^^^^^^^^^^^^^^^^^^^^^^^^^
  File ""D:\decimal_computer\decimal_gemm.py"", line 60, in <listcomp>
    return np.array([[int(x) for x in row] for row in M], dtype=np.int64)
                     ^^^^^^^^^^^^^^^^^^^^^
  File ""D:\decimal_computer\decimal_gemm.py"", line 60, in <listcomp>
    return np.array([[int(x) for x in row] for row in M], dtype=np.int64)
                      ^^^^^^
TypeError: int() argument must be a string, a bytes-like object or a real number, not 'list'
",4,,,"{""ok"": false, ""error"": ""call_failed"", ""trace"": ""Traceback (most recent call last):\n  File \""C:\\Users\\asus\\AppData\\Local\\Temp\\bench_runner_a1bh9gfm\\runner.py\"", line 21, in <module>\n    res = decimal_gemm_naive(A, B, mul_algo=algo, cutoff=cutoff, return_counters=True)\n          ^^^^^^^^^^^^^^^^^^^^^^^^^^^^^^^^^^^^^^^^^^^^^^^^^^^^^^^^^^^^^^^^^^^^^^^^^^^^\n  File \""D:\\decimal_computer\\decimal_gemm.py\"", line 175, in decimal_gemm_naive\n    C = strassen_wrapper(A, B, cutoff=cutoff, counters=counters)\n        ^^^^^^^^^^^^^^^^^^^^^^^^^^^^^^^^^^^^^^^^^^^^^^^^^^^^^^^^\n  File \""D:\\decimal_computer\\decimal_gemm.py\"", line 117, in strassen_wrapper\n    return schoolbook_gemm(A, B, counters=counters)\n           ^^^^^^^^^^^^^^^^^^^^^^^^^^^^^^^^^^^^^^^^\n  File \""D:\\decimal_computer\\decimal_gemm.py\"", line 73, in schoolbook_gemm\n    a = _to_numpy_int_matrix(A)\n        ^^^^^^^^^^^^^^^^^^^^^^^\n  File \""D:\\decimal_computer\\decimal_gemm.py\"", line 60, in _to_numpy_int_matrix\n    return np.array([[int(x) for x in row] for row in M], dtype=np.int64)\n                    ^^^^^^^^^^^^^^^^^^^^^^^^^^^^^^^^^^^^\n  File \""D:\\decimal_computer\\decimal_gemm.py\"", line 60, in <listcomp>\n    return np.array([[int(x) for x in row] for row in M], dtype=np.int64)\n                     ^^^^^^^^^^^^^^^^^^^^^\n  File \""D:\\decimal_computer\\decimal_gemm.py\"", line 60, in <listcomp>\n    return np.array([[int(x) for x in row] for row in M], dtype=np.int64)\n                      ^^^^^^\nTypeError: int() argument must be a string, a bytes-like object or a real number, not 'list'\n\nDuring handling of the above exception, another exception occurred:\n\nTraceback (most recent call last):\n  File \""C:\\Users\\asus\\AppData\\Local\\Temp\\bench_runner_a1bh9gfm\\runner.py\"", line 24, in <module>\n    res = decimal_gemm_naive(A, B, mul_algo=algo, cutoff=cutoff)\n          ^^^^^^^^^^^^^^^^^^^^^^^^^^^^^^^^^^^^^^^^^^^^^^^^^^^^^^\n  File \""D:\\decimal_computer\\decimal_gemm.py\"", line 175, in decimal_gemm_naive\n    C = strassen_wrapper(A, B, cutoff=cutoff, counters=counters)\n        ^^^^^^^^^^^^^^^^^^^^^^^^^^^^^^^^^^^^^^^^^^^^^^^^^^^^^^^^\n  File \""D:\\decimal_computer\\decimal_gemm.py\"", line 117, in strassen_wrapper\n    return schoolbook_gemm(A, B, counters=counters)\n           ^^^^^^^^^^^^^^^^^^^^^^^^^^^^^^^^^^^^^^^^\n  File \""D:\\decimal_computer\\decimal_gemm.py\"", line 73, in schoolbook_gemm\n    a = _to_numpy_int_matrix(A)\n        ^^^^^^^^^^^^^^^^^^^^^^^\n  File \""D:\\decimal_computer\\decimal_gemm.py\"", line 60, in _to_numpy_int_matrix\n    return np.array([[int(x) for x in row] for row in M], dtype=np.int64)\n                    ^^^^^^^^^^^^^^^^^^^^^^^^^^^^^^^^^^^^\n  File \""D:\\decimal_computer\\decimal_gemm.py\"", line 60, in <listcomp>\n    return np.array([[int(x) for x in row] for row in M], dtype=np.int64)\n                     ^^^^^^^^^^^^^^^^^^^^^\n  File \""D:\\decimal_computer\\decimal_gemm.py\"", line 60, in <listcomp>\n    return np.array([[int(x) for x in row] for row in M], dtype=np.int64)\n                      ^^^^^^\nTypeError: int() argument must be a string, a bytes-like object or a real number, not 'list'\n""}
",
4,3,schoolbook,0,0.0,,,"runner_error: Traceback (most recent call last):
  File ""C:\Users\asus\AppData\Local\Temp\bench_runner_6uw2sduc\runner.py"", line 15, in <module>
    from decimal_computer.decimal_gemm import decimal_gemm_naive
  File ""D:\decimal_computer\__init__.py"", line 1, in <module>
    from .decimal_gemm import decimal_gemm_naive
  File ""D:\decimal_computer\decimal_gemm.py"", line 16
    """"""
       ^
SyntaxError: (unicode error) 'utf-8' codec can't decode byte 0x97 in position 38: invalid start byte
",3,,,"{""ok"": false, ""error"": ""import_error"", ""trace"": ""Traceback (most recent call last):\n  File \""C:\\Users\\asus\\AppData\\Local\\Temp\\bench_runner_6uw2sduc\\runner.py\"", line 15, in <module>\n    from decimal_computer.decimal_gemm import decimal_gemm_naive\n  File \""D:\\decimal_computer\\__init__.py\"", line 1, in <module>\n    from .decimal_gemm import decimal_gemm_naive\n  File \""D:\\decimal_computer\\decimal_gemm.py\"", line 16\n    \""\""\""\n       ^\nSyntaxError: (unicode error) 'utf-8' codec can't decode byte 0x97 in position 38: invalid start byte\n""}
",
4,3,karatsuba,0,0.0,,,"runner_error: Traceback (most recent call last):
  File ""C:\Users\asus\AppData\Local\Temp\bench_runner_3iauinpx\runner.py"", line 15, in <module>
    from decimal_computer.decimal_gemm import decimal_gemm_naive
  File ""D:\decimal_computer\__init__.py"", line 1, in <module>
    from .decimal_gemm import decimal_gemm_naive
  File ""D:\decimal_computer\decimal_gemm.py"", line 16
    """"""
       ^
SyntaxError: (unicode error) 'utf-8' codec can't decode byte 0x97 in position 38: invalid start byte
",3,,,"{""ok"": false, ""error"": ""import_error"", ""trace"": ""Traceback (most recent call last):\n  File \""C:\\Users\\asus\\AppData\\Local\\Temp\\bench_runner_3iauinpx\\runner.py\"", line 15, in <module>\n    from decimal_computer.decimal_gemm import decimal_gemm_naive\n  File \""D:\\decimal_computer\\__init__.py\"", line 1, in <module>\n    from .decimal_gemm import decimal_gemm_naive\n  File \""D:\\decimal_computer\\decimal_gemm.py\"", line 16\n    \""\""\""\n       ^\nSyntaxError: (unicode error) 'utf-8' codec can't decode byte 0x97 in position 38: invalid start byte\n""}
",
4,3,strassen,0,0.0,,,"runner_error: Traceback (most recent call last):
  File ""C:\Users\asus\AppData\Local\Temp\bench_runner_2yt322n6\runner.py"", line 15, in <module>
    from decimal_computer.decimal_gemm import decimal_gemm_naive
  File ""D:\decimal_computer\__init__.py"", line 1, in <module>
    from .decimal_gemm import decimal_gemm_naive
  File ""D:\decimal_computer\decimal_gemm.py"", line 16
    """"""
       ^
SyntaxError: (unicode error) 'utf-8' codec can't decode byte 0x97 in position 38: invalid start byte
",3,,,"{""ok"": false, ""error"": ""import_error"", ""trace"": ""Traceback (most recent call last):\n  File \""C:\\Users\\asus\\AppData\\Local\\Temp\\bench_runner_2yt322n6\\runner.py\"", line 15, in <module>\n    from decimal_computer.decimal_gemm import decimal_gemm_naive\n  File \""D:\\decimal_computer\\__init__.py\"", line 1, in <module>\n    from .decimal_gemm import decimal_gemm_naive\n  File \""D:\\decimal_computer\\decimal_gemm.py\"", line 16\n    \""\""\""\n       ^\nSyntaxError: (unicode error) 'utf-8' codec can't decode byte 0x97 in position 38: invalid start byte\n""}
",
