size,digits,algo,trial,elapsed,muls,adds
4,4,auto,0,,,
4,4,auto,1,,,
4,4,schoolbook,0,,,
4,4,schoolbook,1,,,
4,4,karatsuba,0,,,
4,4,karatsuba,1,,,
4,4,strassen,0,,,
4,4,strassen,1,,,
4,8,auto,0,,,
4,8,auto,1,,,
4,8,schoolbook,0,,,
4,8,schoolbook,1,,,
4,8,karatsuba,0,,,
4,8,karatsuba,1,,,
4,8,strassen,0,,,
4,8,strassen,1,,,
4,16,auto,0,,,
4,16,auto,1,,,
4,16,schoolbook,0,,,
4,16,schoolbook,1,,,
4,16,karatsuba,0,,,
4,16,karatsuba,1,,,
4,16,strassen,0,,,
4,16,strassen,1,,,
8,4,auto,0,,,
8,4,auto,1,,,
8,4,schoolbook,0,,,
8,4,schoolbook,1,,,
8,4,karatsuba,0,,,
8,4,karatsuba,1,,,
8,4,strassen,0,,,
8,4,strassen,1,,,
8,8,auto,0,,,
8,8,auto,1,,,
8,8,schoolbook,0,,,
8,8,schoolbook,1,,,
8,8,karatsuba,0,,,
8,8,karatsuba,1,,,
8,8,strassen,0,,,
8,8,strassen,1,,,
8,16,auto,0,,,
8,16,auto,1,,,
8,16,schoolbook,0,,,
8,16,schoolbook,1,,,
8,16,karatsuba,0,,,
8,16,karatsuba,1,,,
8,16,strassen,0,,,
8,16,strassen,1,,,
16,4,auto,0,,,
16,4,auto,1,,,
16,4,schoolbook,0,,,
16,4,schoolbook,1,,,
16,4,karatsuba,0,,,
16,4,karatsuba,1,,,
16,4,strassen,0,,,
16,4,strassen,1,,,
16,8,auto,0,,,
16,8,auto,1,,,
16,8,schoolbook,0,,,
16,8,schoolbook,1,,,
16,8,karatsuba,0,,,
16,8,karatsuba,1,,,
16,8,strassen,0,,,
16,8,strassen,1,,,
16,16,auto,0,,,
16,16,auto,1,,,
16,16,schoolbook,0,,,
16,16,schoolbook,1,,,
16,16,karatsuba,0,,,
16,16,karatsuba,1,,,
16,16,strassen,0,,,
16,16,strassen,1,,,
4,4,auto,0,,,
4,4,auto,1,,,
4,4,schoolbook,0,,,
4,4,schoolbook,1,,,
4,4,karatsuba,0,,,
4,4,karatsuba,1,,,
4,4,strassen,0,,,
4,4,strassen,1,,,
4,8,auto,0,,,
4,8,auto,1,,,
4,8,schoolbook,0,,,
4,8,schoolbook,1,,,
4,8,karatsuba,0,,,
4,8,karatsuba,1,,,
4,8,strassen,0,,,
4,8,strassen,1,,,
4,16,auto,0,,,
4,16,auto,1,,,
4,16,schoolbook,0,,,
4,16,schoolbook,1,,,
4,16,karatsuba,0,,,
4,16,karatsuba,1,,,
4,16,strassen,0,,,
4,16,strassen,1,,,
8,4,auto,0,,,
8,4,auto,1,,,
8,4,schoolbook,0,,,
8,4,schoolbook,1,,,
8,4,karatsuba,0,,,
8,4,karatsuba,1,,,
8,4,strassen,0,,,
8,4,strassen,1,,,
8,8,auto,0,,,
8,8,auto,1,,,
8,8,schoolbook,0,,,
8,8,schoolbook,1,,,
8,8,karatsuba,0,,,
8,8,karatsuba,1,,,
8,8,strassen,0,,,
8,8,strassen,1,,,
8,16,auto,0,,,
8,16,auto,1,,,
8,16,schoolbook,0,,,
8,16,schoolbook,1,,,
8,16,karatsuba,0,,,
8,16,karatsuba,1,,,
8,16,strassen,0,,,
8,16,strassen,1,,,
16,4,auto,0,,,
16,4,auto,1,,,
16,4,schoolbook,0,,,
16,4,schoolbook,1,,,
16,4,karatsuba,0,,,
16,4,karatsuba,1,,,
16,4,strassen,0,,,
16,4,strassen,1,,,
16,8,auto,0,,,
16,8,auto,1,,,
16,8,schoolbook,0,,,
16,8,schoolbook,1,,,
16,8,karatsuba,0,,,
16,8,karatsuba,1,,,
16,8,strassen,0,,,
16,8,strassen,1,,,
16,16,auto,0,,,
16,16,auto,1,,,
16,16,schoolbook,0,,,
16,16,schoolbook,1,,,
16,16,karatsuba,0,,,
16,16,karatsuba,1,,,
16,16,strassen,0,,,
16,16,strassen,1,,,
4,4,auto,0,,,
4,4,auto,1,,,
4,4,schoolbook,0,,,
4,4,schoolbook,1,,,
4,4,karatsuba,0,,,
4,4,karatsuba,1,,,
4,4,strassen,0,,,
4,4,strassen,1,,,
4,8,auto,0,,,
4,8,auto,1,,,
4,8,schoolbook,0,,,
4,8,schoolbook,1,,,
4,8,karatsuba,0,,,
4,8,karatsuba,1,,,
4,8,strassen,0,,,
4,8,strassen,1,,,
4,16,auto,0,,,
4,16,auto,1,,,
4,16,schoolbook,0,,,
4,16,schoolbook,1,,,
4,16,karatsuba,0,,,
4,16,karatsuba,1,,,
4,16,strassen,0,,,
4,16,strassen,1,,,
8,4,auto,0,,,
8,4,auto,1,,,
8,4,schoolbook,0,,,
8,4,schoolbook,1,,,
8,4,karatsuba,0,,,
8,4,karatsuba,1,,,
8,4,strassen,0,,,
8,4,strassen,1,,,
8,8,auto,0,,,
8,8,auto,1,,,
8,8,schoolbook,0,,,
8,8,schoolbook,1,,,
8,8,karatsuba,0,,,
8,8,karatsuba,1,,,
8,8,strassen,0,,,
8,8,strassen,1,,,
8,16,auto,0,,,
8,16,auto,1,,,
8,16,schoolbook,0,,,
8,16,schoolbook,1,,,
8,16,karatsuba,0,,,
8,16,karatsuba,1,,,
8,16,strassen,0,,,
8,16,strassen,1,,,
16,4,auto,0,,,
16,4,auto,1,,,
16,4,schoolbook,0,,,
16,4,schoolbook,1,,,
16,4,karatsuba,0,,,
16,4,karatsuba,1,,,
16,4,strassen,0,,,
16,4,strassen,1,,,
16,8,auto,0,,,
16,8,auto,1,,,
16,8,schoolbook,0,,,
16,8,schoolbook,1,,,
16,8,karatsuba,0,,,
16,8,karatsuba,1,,,
16,8,strassen,0,,,
16,8,strassen,1,,,
16,16,auto,0,,,
16,16,auto,1,,,
16,16,schoolbook,0,,,
16,16,schoolbook,1,,,
16,16,karatsuba,0,,,
16,16,karatsuba,1,,,
16,16,strassen,0,,,
16,16,strassen,1,,,
4,4,auto,0,,,
4,4,auto,1,,,
4,4,schoolbook,0,,,
4,4,schoolbook,1,,,
4,4,karatsuba,0,,,
4,4,karatsuba,1,,,
4,4,strassen,0,,,
4,4,strassen,1,,,
4,8,auto,0,,,
4,8,auto,1,,,
4,8,schoolbook,0,,,
4,8,schoolbook,1,,,
4,8,karatsuba,0,,,
4,8,karatsuba,1,,,
4,8,strassen,0,,,
4,8,strassen,1,,,
4,16,auto,0,,,
4,16,auto,1,,,
4,16,schoolbook,0,,,
4,16,schoolbook,1,,,
4,16,karatsuba,0,,,
4,16,karatsuba,1,,,
4,16,strassen,0,,,
4,16,strassen,1,,,
8,4,auto,0,,,
8,4,auto,1,,,
8,4,schoolbook,0,,,
8,4,schoolbook,1,,,
8,4,karatsuba,0,,,
8,4,karatsuba,1,,,
8,4,strassen,0,,,
8,4,strassen,1,,,
8,8,auto,0,,,
8,8,auto,1,,,
8,8,schoolbook,0,,,
8,8,schoolbook,1,,,
8,8,karatsuba,0,,,
8,8,karatsuba,1,,,
8,8,strassen,0,,,
8,8,strassen,1,,,
8,16,auto,0,,,
8,16,auto,1,,,
8,16,schoolbook,0,,,
8,16,schoolbook,1,,,
8,16,karatsuba,0,,,
8,16,karatsuba,1,,,
8,16,strassen,0,,,
8,16,strassen,1,,,
16,4,auto,0,,,
16,4,auto,1,,,
16,4,schoolbook,0,,,
16,4,schoolbook,1,,,
16,4,karatsuba,0,,,
16,4,karatsuba,1,,,
16,4,strassen,0,,,
16,4,strassen,1,,,
16,8,auto,0,,,
16,8,auto,1,,,
16,8,schoolbook,0,,,
16,8,schoolbook,1,,,
16,8,karatsuba,0,,,
16,8,karatsuba,1,,,
16,8,strassen,0,,,
16,8,strassen,1,,,
16,16,auto,0,,,
16,16,auto,1,,,
16,16,schoolbook,0,,,
16,16,schoolbook,1,,,
16,16,karatsuba,0,,,
16,16,karatsuba,1,,,
16,16,strassen,0,,,
16,16,strassen,1,,,
4,4,auto,0,,,
4,4,auto,1,,,
4,4,schoolbook,0,,,
4,4,schoolbook,1,,,
4,4,karatsuba,0,,,
4,4,karatsuba,1,,,
4,4,strassen,0,,,
4,4,strassen,1,,,
4,8,auto,0,,,
4,8,auto,1,,,
4,8,schoolbook,0,,,
4,8,schoolbook,1,,,
4,8,karatsuba,0,,,
4,8,karatsuba,1,,,
4,8,strassen,0,,,
4,8,strassen,1,,,
4,16,auto,0,,,
4,16,auto,1,,,
4,16,schoolbook,0,,,
4,16,schoolbook,1,,,
4,16,karatsuba,0,,,
4,16,karatsuba,1,,,
4,16,strassen,0,,,
4,16,strassen,1,,,
8,4,auto,0,,,
8,4,auto,1,,,
8,4,schoolbook,0,,,
8,4,schoolbook,1,,,
8,4,karatsuba,0,,,
8,4,karatsuba,1,,,
8,4,strassen,0,,,
8,4,strassen,1,,,
8,8,auto,0,,,
8,8,auto,1,,,
8,8,schoolbook,0,,,
8,8,schoolbook,1,,,
8,8,karatsuba,0,,,
8,8,karatsuba,1,,,
8,8,strassen,0,,,
8,8,strassen,1,,,
8,16,auto,0,,,
8,16,auto,1,,,
8,16,schoolbook,0,,,
8,16,schoolbook,1,,,
8,16,karatsuba,0,,,
8,16,karatsuba,1,,,
8,16,strassen,0,,,
8,16,strassen,1,,,
16,4,auto,0,,,
16,4,auto,1,,,
16,4,schoolbook,0,,,
16,4,schoolbook,1,,,
16,4,karatsuba,0,,,
16,4,karatsuba,1,,,
16,4,strassen,0,,,
16,4,strassen,1,,,
16,8,auto,0,,,
16,8,auto,1,,,
16,8,schoolbook,0,,,
16,8,schoolbook,1,,,
16,8,karatsuba,0,,,
16,8,karatsuba,1,,,
16,8,strassen,0,,,
16,8,strassen,1,,,
16,16,auto,0,,,
16,16,auto,1,,,
16,16,schoolbook,0,,,
16,16,schoolbook,1,,,
16,16,karatsuba,0,,,
16,16,karatsuba,1,,,
16,16,strassen,0,,,
16,16,strassen,1,,,
4,4,auto,0,,,
4,4,auto,1,,,
4,4,schoolbook,0,,,
4,4,schoolbook,1,,,
4,4,karatsuba,0,,,
4,4,karatsuba,1,,,
4,4,strassen,0,,,
4,4,strassen,1,,,
4,8,auto,0,,,
4,8,auto,1,,,
4,8,schoolbook,0,,,
4,8,schoolbook,1,,,
4,8,karatsuba,0,,,
4,8,karatsuba,1,,,
4,8,strassen,0,,,
4,8,strassen,1,,,
4,16,auto,0,,,
4,16,auto,1,,,
4,16,schoolbook,0,,,
4,16,schoolbook,1,,,
4,16,karatsuba,0,,,
4,16,karatsuba,1,,,
4,16,strassen,0,,,
4,16,strassen,1,,,
8,4,auto,0,,,
8,4,auto,1,,,
8,4,schoolbook,0,,,
8,4,schoolbook,1,,,
8,4,karatsuba,0,,,
8,4,karatsuba,1,,,
8,4,strassen,0,,,
8,4,strassen,1,,,
8,8,auto,0,,,
8,8,auto,1,,,
8,8,schoolbook,0,,,
8,8,schoolbook,1,,,
8,8,karatsuba,0,,,
8,8,karatsuba,1,,,
8,8,strassen,0,,,
8,8,strassen,1,,,
8,16,auto,0,,,
8,16,auto,1,,,
8,16,schoolbook,0,,,
8,16,schoolbook,1,,,
8,16,karatsuba,0,,,
8,16,karatsuba,1,,,
8,16,strassen,0,,,
8,16,strassen,1,,,
16,4,auto,0,,,
16,4,auto,1,,,
16,4,schoolbook,0,,,
16,4,schoolbook,1,,,
16,4,karatsuba,0,,,
16,4,karatsuba,1,,,
16,4,strassen,0,,,
16,4,strassen,1,,,
16,8,auto,0,,,
16,8,auto,1,,,
16,8,schoolbook,0,,,
16,8,schoolbook,1,,,
16,8,karatsuba,0,,,
16,8,karatsuba,1,,,
16,8,strassen,0,,,
16,8,strassen,1,,,
16,16,auto,0,,,
16,16,auto,1,,,
16,16,schoolbook,0,,,
16,16,schoolbook,1,,,
16,16,karatsuba,0,,,
16,16,karatsuba,1,,,
16,16,strassen,0,,,
16,16,strassen,1,,,
4,4,auto,0,,,
4,4,auto,1,,,
4,4,schoolbook,0,,,
4,4,schoolbook,1,,,
4,4,karatsuba,0,,,
4,4,karatsuba,1,,,
4,4,strassen,0,,,
4,4,strassen,1,,,
4,8,auto,0,,,
4,8,auto,1,,,
4,8,schoolbook,0,,,
4,8,schoolbook,1,,,
4,8,karatsuba,0,,,
4,8,karatsuba,1,,,
4,8,strassen,0,,,
4,8,strassen,1,,,
4,16,auto,0,,,
4,16,auto,1,,,
4,16,schoolbook,0,,,
4,16,schoolbook,1,,,
4,16,karatsuba,0,,,
4,16,karatsuba,1,,,
4,16,strassen,0,,,
4,16,strassen,1,,,
8,4,auto,0,,,
8,4,auto,1,,,
8,4,schoolbook,0,,,
8,4,schoolbook,1,,,
8,4,karatsuba,0,,,
8,4,karatsuba,1,,,
8,4,strassen,0,,,
8,4,strassen,1,,,
8,8,auto,0,,,
8,8,auto,1,,,
8,8,schoolbook,0,,,
8,8,schoolbook,1,,,
8,8,karatsuba,0,,,
8,8,karatsuba,1,,,
8,8,strassen,0,,,
8,8,strassen,1,,,
8,16,auto,0,,,
8,16,auto,1,,,
8,16,schoolbook,0,,,
8,16,schoolbook,1,,,
8,16,karatsuba,0,,,
8,16,karatsuba,1,,,
8,16,strassen,0,,,
8,16,strassen,1,,,
16,4,auto,0,,,
16,4,auto,1,,,
16,4,schoolbook,0,,,
16,4,schoolbook,1,,,
16,4,karatsuba,0,,,
16,4,karatsuba,1,,,
16,4,strassen,0,,,
16,4,strassen,1,,,
16,8,auto,0,,,
16,8,auto,1,,,
16,8,schoolbook,0,,,
16,8,schoolbook,1,,,
16,8,karatsuba,0,,,
16,8,karatsuba,1,,,
16,8,strassen,0,,,
16,8,strassen,1,,,
16,16,auto,0,,,
16,16,auto,1,,,
16,16,schoolbook,0,,,
16,16,schoolbook,1,,,
16,16,karatsuba,0,,,
16,16,karatsuba,1,,,
4,4,auto,0,,,
4,4,auto,1,,,
4,4,schoolbook,0,,,
4,4,schoolbook,1,,,
4,4,karatsuba,0,,,
4,4,karatsuba,1,,,
4,4,strassen,0,,,
4,4,strassen,1,,,
4,8,auto,0,,,
4,8,auto,1,,,
4,8,schoolbook,0,,,
4,8,schoolbook,1,,,
4,8,karatsuba,0,,,
4,8,karatsuba,1,,,
4,8,strassen,0,,,
4,8,strassen,1,,,
4,16,auto,0,,,
4,16,auto,1,,,
4,16,schoolbook,0,,,
4,16,schoolbook,1,,,
4,16,karatsuba,0,,,
4,16,karatsuba,1,,,
4,16,strassen,0,,,
4,16,strassen,1,,,
8,4,auto,0,,,
8,4,auto,1,,,
8,4,schoolbook,0,,,
8,4,schoolbook,1,,,
8,4,karatsuba,0,,,
8,4,karatsuba,1,,,
8,4,strassen,0,,,
8,4,strassen,1,,,
8,8,auto,0,,,
8,8,auto,1,,,
8,8,schoolbook,0,,,
8,8,schoolbook,1,,,
4,4,auto,0,0.00091559998691082,64,64
4,4,auto,1,0.0003474999684840441,64,64
4,4,schoolbook,0,7.940002251416445e-05,64,64
4,4,schoolbook,1,7.970002479851246e-05,64,64
4,4,karatsuba,0,9.490002412348986e-05,64,64
4,4,karatsuba,1,8.639995940029621e-05,64,64
4,4,strassen,0,0.00011360005009919405,64,64
4,4,strassen,1,8.919998072087765e-05,64,64
4,8,auto,0,0.00034460006281733513,64,64
4,8,auto,1,0.0003330999752506614,64,64
4,8,schoolbook,0,7.800001185387373e-05,64,64
4,8,schoolbook,1,8.330005221068859e-05,64,64
4,8,karatsuba,0,8.839997462928295e-05,64,64
4,8,karatsuba,1,9.940005838871002e-05,64,64
4,8,strassen,0,8.60999571159482e-05,64,64
4,8,strassen,1,0.00011969998013228178,64,64
4,16,auto,0,,,
4,16,auto,1,,,
4,16,schoolbook,0,,,
4,16,schoolbook,1,,,
4,16,karatsuba,0,,,
4,16,karatsuba,1,,,
4,16,strassen,0,,,
4,16,strassen,1,,,
8,4,auto,0,0.0005859000375494361,512,512
8,4,auto,1,0.000731400097720325,512,512
8,4,schoolbook,0,0.0002747999969869852,512,512
8,4,schoolbook,1,0.0002723000943660736,512,512
8,4,karatsuba,0,0.0002734001027420163,512,512
8,4,karatsuba,1,0.0002698999596759677,512,512
8,4,strassen,0,0.0002842999529093504,512,512
8,4,strassen,1,0.0002818000502884388,512,512
8,8,auto,0,0.000510099926032126,512,512
8,8,auto,1,0.0004611000185832381,512,512
8,8,schoolbook,0,0.0002769000129774213,512,512
8,8,schoolbook,1,0.0002891999902203679,512,512
8,8,karatsuba,0,0.0002883999841287732,512,512
8,8,karatsuba,1,0.0002815999323502183,512,512
8,8,strassen,0,0.0002714999718591571,512,512
8,8,strassen,1,0.0002840000670403242,512,512
8,16,auto,0,,,
8,16,auto,1,,,
8,16,schoolbook,0,,,
8,16,schoolbook,1,,,
8,16,karatsuba,0,,,
8,16,karatsuba,1,,,
8,16,strassen,0,,,
8,16,strassen,1,,,
16,4,auto,0,0.001955999992787838,4096,4096
16,4,auto,1,0.0019160000374540687,4096,4096
16,4,schoolbook,0,0.0017257999861612916,4096,4096
16,4,schoolbook,1,0.0015961999306455255,4096,4096
16,4,karatsuba,0,0.0016720000421628356,4096,4096
16,4,karatsuba,1,0.001717299921438098,4096,4096
16,4,strassen,0,0.001671800040639937,4096,4096
16,4,strassen,1,0.0016383000183850527,4096,4096
16,8,auto,0,0.0019255999941378832,4096,4096
16,8,auto,1,0.0020381000358611345,4096,4096
16,8,schoolbook,0,0.0017875999910756946,4096,4096
16,8,schoolbook,1,0.0017233999678865075,4096,4096
16,8,karatsuba,0,0.0018217000178992748,4096,4096
16,8,karatsuba,1,0.0017076999647542834,4096,4096
16,8,strassen,0,0.0017630999209359288,4096,4096
16,8,strassen,1,0.0018893999513238668,4096,4096
16,16,auto,0,,,
16,16,auto,1,,,
16,16,schoolbook,0,,,
16,16,schoolbook,1,,,
16,16,karatsuba,0,,,
16,16,karatsuba,1,,,
16,16,strassen,0,,,
16,16,strassen,1,,,
4,4,auto,0,0.0009699000511318445,64,64
4,4,auto,1,0.00026080000679939985,64,64
4,4,schoolbook,0,9.129999671131372e-05,64,64
4,4,schoolbook,1,8.200004231184721e-05,64,64
4,4,karatsuba,0,8.679996244609356e-05,64,64
4,4,karatsuba,1,0.00014230003580451012,64,64
4,4,strassen,0,8.849997539073229e-05,64,64
4,4,strassen,1,8.87999776750803e-05,64,64
4,8,auto,0,0.00024780002422630787,64,64
4,8,auto,1,0.0003085000207647681,64,64
4,8,schoolbook,0,8.030002936720848e-05,64,64
4,8,schoolbook,1,7.880001794546843e-05,64,64
4,8,karatsuba,0,8.68999632075429e-05,64,64
4,8,karatsuba,1,8.619995787739754e-05,64,64
4,8,strassen,0,9.029998909682035e-05,64,64
4,8,strassen,1,8.640007581561804e-05,64,64
4,16,auto,0,,,
4,16,auto,1,,,
4,16,schoolbook,0,,,
4,16,schoolbook,1,,,
4,16,karatsuba,0,,,
4,16,karatsuba,1,,,
4,16,strassen,0,,,
4,16,strassen,1,,,
8,4,auto,0,0.00045140006113797426,512,512
8,4,auto,1,0.0004486000398173928,512,512
8,4,schoolbook,0,0.0002927000168710947,512,512
8,4,schoolbook,1,0.0002698999596759677,512,512
8,4,karatsuba,0,0.0002720999764278531,512,512
8,4,karatsuba,1,0.0002840999513864517,512,512
8,4,strassen,0,0.0003231000155210495,512,512
8,4,strassen,1,0.0002815000480040908,512,512
8,8,auto,0,0.0005504000000655651,512,512
8,8,auto,1,0.0005020999815315008,512,512
8,8,schoolbook,0,0.00027769990265369415,512,512
8,8,schoolbook,1,0.00028469995595514774,512,512
8,8,karatsuba,0,0.0003106000367552042,512,512
8,8,karatsuba,1,0.00028929999098181725,512,512
8,8,strassen,0,0.0003255000337958336,512,512
8,8,strassen,1,0.000277700019069016,512,512
8,16,auto,0,,,
8,16,auto,1,,,
8,16,schoolbook,0,,,
8,16,schoolbook,1,,,
8,16,karatsuba,0,,,
8,16,karatsuba,1,,,
8,16,strassen,0,,,
8,16,strassen,1,,,
16,4,auto,0,0.0018797999946400523,4096,4096
16,4,auto,1,0.0018470000941306353,4096,4096
16,4,schoolbook,0,0.0016811999958008528,4096,4096
16,4,schoolbook,1,0.001657600048929453,4096,4096
16,4,karatsuba,0,0.0017432000022381544,4096,4096
16,4,karatsuba,1,0.0017352000577375293,4096,4096
16,4,strassen,0,0.0016594999469816685,4096,4096
16,4,strassen,1,0.0016604999545961618,4096,4096
16,8,auto,0,0.0021289000287652016,4096,4096
16,8,auto,1,0.0019810000667348504,4096,4096
16,8,schoolbook,0,0.0017625000327825546,4096,4096
16,8,schoolbook,1,0.001742799999192357,4096,4096
16,8,karatsuba,0,0.0017891000024974346,4096,4096
16,8,karatsuba,1,0.0017372999573126435,4096,4096
16,8,strassen,0,0.001855999929830432,4096,4096
16,8,strassen,1,0.001828300068154931,4096,4096
16,16,auto,0,,,
16,16,auto,1,,,
16,16,schoolbook,0,,,
16,16,schoolbook,1,,,
16,16,karatsuba,0,,,
16,16,karatsuba,1,,,
16,16,strassen,0,,,
16,16,strassen,1,,,
4,4,auto,0,0.001539599965326488,64,64
4,4,auto,1,0.00024399999529123306,64,64
4,4,schoolbook,0,8.979998528957367e-05,64,64
4,4,schoolbook,1,7.149996235966682e-05,64,64
4,4,karatsuba,0,7.860001642256975e-05,64,64
4,4,karatsuba,1,8.969998452812433e-05,64,64
4,4,strassen,0,8.240004535764456e-05,64,64
4,4,strassen,1,7.839989848434925e-05,64,64
4,8,auto,0,0.00026899995282292366,64,64
4,8,auto,1,0.00029969995375722647,64,64
4,8,schoolbook,0,8.120003622025251e-05,64,64
4,8,schoolbook,1,7.910002022981644e-05,64,64
4,8,karatsuba,0,9.079999290406704e-05,64,64
4,8,karatsuba,1,9.039998985826969e-05,64,64
4,8,strassen,0,7.740000728517771e-05,64,64
4,8,strassen,1,8.399994112551212e-05,64,64
4,16,auto,0,,,
4,16,auto,1,,,
4,16,schoolbook,0,,,
4,16,schoolbook,1,,,
4,16,karatsuba,0,,,
4,16,karatsuba,1,,,
4,16,strassen,0,,,
4,16,strassen,1,,,
8,4,auto,0,0.0006125000072643161,512,512
8,4,auto,1,0.0006099999882280827,512,512
8,4,schoolbook,0,0.0002788999117910862,512,512
8,4,schoolbook,1,0.0003010999644175172,512,512
8,4,karatsuba,0,0.0002744999947026372,512,512
8,4,karatsuba,1,0.0002615000121295452,512,512
8,4,strassen,0,0.0002533000661060214,512,512
8,4,strassen,1,0.00027520000003278255,512,512
8,8,auto,0,0.0005189999938011169,512,512
8,8,auto,1,0.0006225999677553773,512,512
8,8,schoolbook,0,0.000251100049354136,512,512
8,8,schoolbook,1,0.00025450007524341345,512,512
8,8,karatsuba,0,0.0002637000288814306,512,512
8,8,karatsuba,1,0.00027989991940557957,512,512
8,8,strassen,0,0.0002620000159367919,512,512
8,8,strassen,1,0.0003274999326094985,512,512
8,16,auto,0,,,
8,16,auto,1,,,
8,16,schoolbook,0,,,
8,16,schoolbook,1,,,
8,16,karatsuba,0,,,
8,16,karatsuba,1,,,
8,16,strassen,0,,,
8,16,strassen,1,,,
16,4,auto,0,0.001939500099979341,4096,4096
16,4,auto,1,0.0018703000387176871,4096,4096
16,4,schoolbook,0,0.0017148000188171864,4096,4096
16,4,schoolbook,1,0.0016385000199079514,4096,4096
16,4,karatsuba,0,0.0016118999337777495,4096,4096
16,4,karatsuba,1,0.0016986000118777156,4096,4096
16,4,strassen,0,0.0016282000578939915,4096,4096
16,4,strassen,1,0.0016672000056132674,4096,4096
16,8,auto,0,0.0019461000338196754,4096,4096
16,8,auto,1,0.0019658999517560005,4096,4096
16,8,schoolbook,0,0.0018299000803381205,4096,4096
16,8,schoolbook,1,0.002023400040343404,4096,4096
16,8,karatsuba,0,0.0016988998977467418,4096,4096
16,8,karatsuba,1,0.0018606999656185508,4096,4096
16,8,strassen,0,0.0017220000736415386,4096,4096
16,8,strassen,1,0.001762900035828352,4096,4096
16,16,auto,0,,,
16,16,auto,1,,,
16,16,schoolbook,0,,,
16,16,schoolbook,1,,,
16,16,karatsuba,0,,,
16,16,karatsuba,1,,,
16,16,strassen,0,,,
16,16,strassen,1,,,
4,4,auto,0,0.0008400999940931797,64,64
4,4,auto,1,0.00026709993835538626,64,64
4,4,schoolbook,0,7.220008410513401e-05,64,64
4,4,schoolbook,1,6.599992047995329e-05,64,64
4,4,karatsuba,0,8.829997386783361e-05,64,64
4,4,karatsuba,1,7.509998977184296e-05,64,64
4,4,strassen,0,8.309993427246809e-05,64,64
4,4,strassen,1,8.099991828203201e-05,64,64
4,8,auto,0,0.00034879997838288546,64,64
4,8,auto,1,0.0002487000310793519,64,64
4,8,schoolbook,0,7.730000652372837e-05,64,64
4,8,schoolbook,1,6.889994256198406e-05,64,64
4,8,karatsuba,0,7.830001413822174e-05,64,64
4,8,karatsuba,1,8.479994721710682e-05,64,64
4,8,strassen,0,7.369997911155224e-05,64,64
4,8,strassen,1,8.389994036406279e-05,64,64
4,16,auto,0,,,
4,16,auto,1,,,
4,16,schoolbook,0,,,
4,16,schoolbook,1,,,
4,16,karatsuba,0,,,
4,16,karatsuba,1,,,
4,16,strassen,0,,,
4,16,strassen,1,,,
8,4,auto,0,0.000444200006313622,512,512
8,4,auto,1,0.000749099999666214,512,512
8,4,schoolbook,0,0.00027080008294433355,512,512
8,4,schoolbook,1,0.00026899995282292366,512,512
8,4,karatsuba,0,0.00027520000003278255,512,512
8,4,karatsuba,1,0.00028069992549717426,512,512
8,4,strassen,0,0.00027249997947365046,512,512
8,4,strassen,1,0.00039629999082535505,512,512
8,8,auto,0,0.00044870004057884216,512,512
8,8,auto,1,0.0007314999820664525,512,512
8,8,schoolbook,0,0.00027009996119886637,512,512
8,8,schoolbook,1,0.0002788000274449587,512,512
8,8,karatsuba,0,0.00028659997042268515,512,512
8,8,karatsuba,1,0.00029850006103515625,512,512
8,8,strassen,0,0.00028140004724264145,512,512
8,8,strassen,1,0.0002677999436855316,512,512
8,16,auto,0,,,
8,16,auto,1,,,
8,16,schoolbook,0,,,
8,16,schoolbook,1,,,
8,16,karatsuba,0,,,
8,16,karatsuba,1,,,
8,16,strassen,0,,,
8,16,strassen,1,,,
16,4,auto,0,0.001881200005300343,4096,4096
16,4,auto,1,0.001877599977888167,4096,4096
16,4,schoolbook,0,0.0016333999810740352,4096,4096
16,4,schoolbook,1,0.001665899995714426,4096,4096
16,4,karatsuba,0,0.001722700078971684,4096,4096
16,4,karatsuba,1,0.0017667000647634268,4096,4096
16,4,strassen,0,0.0016351999947801232,4096,4096
16,4,strassen,1,0.0017477000365033746,4096,4096
16,8,auto,0,0.002075799973681569,4096,4096
16,8,auto,1,0.0020071000326424837,4096,4096
16,8,schoolbook,0,0.0016718999249860644,4096,4096
16,8,schoolbook,1,0.0017505999421700835,4096,4096
16,8,karatsuba,0,0.0016827000072225928,4096,4096
16,8,karatsuba,1,0.0017134000081568956,4096,4096
16,8,strassen,0,0.0016717000398784876,4096,4096
16,8,strassen,1,0.0018227000255137682,4096,4096
16,16,auto,0,,,
16,16,auto,1,,,
16,16,schoolbook,0,,,
16,16,schoolbook,1,,,
16,16,karatsuba,0,,,
16,16,karatsuba,1,,,
16,16,strassen,0,,,
16,16,strassen,1,,,
4,4,auto,0,0.0006439000135287642,64,64
4,4,auto,1,0.00013429997488856316,64,64
4,4,schoolbook,0,4.509999416768551e-05,64,64
4,4,schoolbook,1,4.2599975131452084e-05,64,64
4,4,karatsuba,0,5.550007335841656e-05,64,64
4,4,karatsuba,1,6.150000263005495e-05,64,64
4,4,strassen,0,4.9600028432905674e-05,64,64
4,4,strassen,1,6.620003841817379e-05,64,64
4,8,auto,0,0.00015680002979934216,64,64
4,8,auto,1,0.0001218999968841672,64,64
4,8,schoolbook,0,5.6399963796138763e-05,64,64
4,8,schoolbook,1,5.350005812942982e-05,64,64
4,8,karatsuba,0,5.719996988773346e-05,64,64
4,8,karatsuba,1,4.810001701116562e-05,64,64
4,8,strassen,0,7.730000652372837e-05,64,64
4,8,strassen,1,5.300005432218313e-05,64,64
4,16,auto,0,,,
4,16,auto,1,,,
4,16,schoolbook,0,,,
4,16,schoolbook,1,,,
4,16,karatsuba,0,,,
4,16,karatsuba,1,,,
4,16,strassen,0,,,
4,16,strassen,1,,,
8,4,auto,0,0.0003038999857380986,512,512
8,4,auto,1,0.00031070003751665354,512,512
8,4,schoolbook,0,0.00024640001356601715,512,512
8,4,schoolbook,1,0.00024229998234659433,512,512
8,4,karatsuba,0,0.00023660005535930395,512,512
8,4,karatsuba,1,0.00023750006221234798,512,512
8,4,strassen,0,0.00023710005916655064,512,512
8,4,strassen,1,0.00026300002355128527,512,512
8,8,auto,0,0.00035900005605071783,512,512
8,8,auto,1,0.0003322999691590667,512,512
8,8,schoolbook,0,0.00025539996568113565,512,512
8,8,schoolbook,1,0.00024369999300688505,512,512
8,8,karatsuba,0,0.00024560000747442245,512,512
8,8,karatsuba,1,0.00026430003345012665,512,512
8,8,strassen,0,0.0004181000404059887,512,512
8,8,strassen,1,0.0002559999702498317,512,512
8,16,auto,0,,,
8,16,auto,1,,,
8,16,schoolbook,0,,,
8,16,schoolbook,1,,,
8,16,karatsuba,0,,,
8,16,karatsuba,1,,,
8,16,strassen,0,,,
8,16,strassen,1,,,
16,4,auto,0,0.0020122999558225274,4096,4096
16,4,auto,1,0.0022978000342845917,4096,4096
16,4,schoolbook,0,0.001707599963992834,4096,4096
16,4,schoolbook,1,0.0017423999961465597,4096,4096
16,4,karatsuba,0,0.001864899997599423,4096,4096
16,4,karatsuba,1,0.001706099952571094,4096,4096
16,4,strassen,0,0.0017296000150963664,4096,4096
16,4,strassen,1,0.001702300040051341,4096,4096
16,8,auto,0,0.002174600027501583,4096,4096
16,8,auto,1,0.0018575999420136213,4096,4096
16,8,schoolbook,0,0.0017683000769466162,4096,4096
16,8,schoolbook,1,0.0018127999501302838,4096,4096
16,8,karatsuba,0,0.0018263999372720718,4096,4096
16,8,karatsuba,1,0.0018097000429406762,4096,4096
16,8,strassen,0,0.0017867999849840999,4096,4096
16,8,strassen,1,0.0017750998958945274,4096,4096
16,16,auto,0,,,
16,16,auto,1,,,
16,16,schoolbook,0,,,
16,16,schoolbook,1,,,
16,16,karatsuba,0,,,
16,16,karatsuba,1,,,
16,16,strassen,0,,,
16,16,strassen,1,,,
4,4,auto,0,0.0014114000368863344,64,64
4,4,auto,1,0.00018370000179857016,64,64
4,4,schoolbook,0,6.409990601241589e-05,64,64
4,4,schoolbook,1,4.449998959898949e-05,64,64
4,4,karatsuba,0,4.429998807609081e-05,64,64
4,4,karatsuba,1,4.409998655319214e-05,64,64
4,4,strassen,0,4.630000330507755e-05,64,64
4,4,strassen,1,4.379998426884413e-05,64,64
4,8,auto,0,0.00014659995213150978,64,64
4,8,auto,1,0.00012930005323141813,64,64
4,8,schoolbook,0,5.239993333816528e-05,64,64
4,8,schoolbook,1,4.950002767145634e-05,64,64
4,8,karatsuba,0,5.140004213899374e-05,64,64
4,8,karatsuba,1,5.1600043661892414e-05,64,64
4,8,strassen,0,6.230000872164965e-05,64,64
4,8,strassen,1,4.939991049468517e-05,64,64
4,16,auto,0,,,
4,16,auto,1,0.00016980001237243414,64,64
4,16,schoolbook,0,5.9999991208314896e-05,64,64
4,16,schoolbook,1,5.13000413775444e-05,64,64
4,16,karatsuba,0,5.0299917347729206e-05,64,64
4,16,karatsuba,1,4.830001853406429e-05,64,64
4,16,strassen,0,4.6900007873773575e-05,64,64
4,16,strassen,1,5.370005965232849e-05,64,64
8,4,auto,0,0.0003290999447926879,512,512
8,4,auto,1,0.00036800000816583633,512,512
8,4,schoolbook,0,0.00023999996483325958,512,512
8,4,schoolbook,1,0.000238100066781044,512,512
8,4,karatsuba,0,0.00023170001804828644,512,512
8,4,karatsuba,1,0.0002949000336229801,512,512
8,4,strassen,0,0.0002410999732092023,512,512
8,4,strassen,1,0.00023530004546046257,512,512
8,8,auto,0,0.0003991000121459365,512,512
8,8,auto,1,0.0003130000550299883,512,512
8,8,schoolbook,0,0.0004039999330416322,512,512
8,8,schoolbook,1,0.00025699997786432505,512,512
8,8,karatsuba,0,0.00025310006458312273,512,512
8,8,karatsuba,1,0.0002482000272721052,512,512
8,8,strassen,0,0.00028439995367079973,512,512
8,8,strassen,1,0.00027089996729046106,512,512
8,16,auto,0,,,
8,16,auto,1,,,
8,16,schoolbook,0,,,
8,16,schoolbook,1,,,
8,16,karatsuba,0,,,
8,16,karatsuba,1,,,
8,16,strassen,0,,,
8,16,strassen,1,,,
16,4,auto,0,0.003115300089120865,4096,4096
16,4,auto,1,0.0034006000496447086,4096,4096
16,4,schoolbook,0,0.0021308999275788665,4096,4096
16,4,schoolbook,1,0.0016003999626263976,4096,4096
16,4,karatsuba,0,0.0021427000174298882,4096,4096
16,4,karatsuba,1,0.003442399902269244,4096,4096
16,4,strassen,0,0.0035878000780940056,4096,4096
16,4,strassen,1,0.0019131000153720379,4096,4096
16,8,auto,0,0.0018733000615611672,4096,4096
16,8,auto,1,0.0019327999325469136,4096,4096
16,8,schoolbook,0,0.0018022999865934253,4096,4096
16,8,schoolbook,1,0.0017595000099390745,4096,4096
16,8,karatsuba,0,0.0017559999832883477,4096,4096
16,8,karatsuba,1,0.0018322000978514552,4096,4096
16,8,strassen,0,0.0018037999980151653,4096,4096
16,8,strassen,1,0.00179280003067106,4096,4096
16,16,auto,0,,,
16,16,auto,1,,,
16,16,schoolbook,0,,,
16,16,schoolbook,1,,,
16,16,karatsuba,0,,,
16,16,karatsuba,1,,,
16,16,strassen,0,,,
16,16,strassen,1,,,
4,4,auto,0,5.0,,,,,call_failed
4,4,auto,1,5.0,,,,,call_failed
4,4,schoolbook,0,5.0,,,,,call_failed
4,4,schoolbook,1,5.0,,,,,call_failed
4,4,karatsuba,0,5.0,,,,,call_failed
4,4,karatsuba,1,5.0,,,,,call_failed
4,4,strassen,0,5.0,,,,,call_failed
4,4,strassen,1,5.0,,,,,call_failed
4,4,numba,0,5.0,,,,,call_failed
4,4,numba,1,5.0,,,,,call_failed
4,8,auto,0,5.0,,,,,call_failed
4,8,auto,1,5.0,,,,,call_failed
4,8,schoolbook,0,5.0,,,,,call_failed
4,8,schoolbook,1,5.0,,,,,call_failed
4,8,karatsuba,0,5.0,,,,,call_failed
4,8,karatsuba,1,5.0,,,,,call_failed
4,8,strassen,0,5.0,,,,,call_failed
4,8,strassen,1,5.0,,,,,call_failed
4,8,numba,0,5.0,,,,,call_failed
4,8,numba,1,5.0,,,,,call_failed
4,16,auto,0,5.0,,,,,call_failed
4,16,auto,1,5.0,,,,,call_failed
4,16,schoolbook,0,5.0,,,,,call_failed
4,16,schoolbook,1,5.0,,,,,call_failed
4,16,karatsuba,0,5.0,,,,,call_failed
4,16,karatsuba,1,5.0,,,,,call_failed
4,16,strassen,0,5.0,,,,,call_failed
4,16,strassen,1,5.0,,,,,call_failed
4,16,numba,0,5.0,,,,,call_failed
4,16,numba,1,5.0,,,,,call_failed
8,4,auto,0,5.0,,,,,call_failed
8,4,auto,1,5.0,,,,,call_failed
8,4,schoolbook,0,5.0,,,,,call_failed
8,4,schoolbook,1,5.0,,,,,call_failed
8,4,karatsuba,0,5.0,,,,,call_failed
8,4,karatsuba,1,5.0,,,,,call_failed
8,4,strassen,0,5.0,,,,,call_failed
8,4,strassen,1,5.0,,,,,call_failed
8,4,numba,0,5.0,,,,,call_failed
8,4,numba,1,5.0,,,,,call_failed
8,8,auto,0,5.0,,,,,call_failed
8,8,auto,1,5.0,,,,,call_failed
8,8,schoolbook,0,5.0,,,,,call_failed
8,8,schoolbook,1,5.0,,,,,call_failed
8,8,karatsuba,0,5.0,,,,,call_failed
8,8,karatsuba,1,5.0,,,,,call_failed
8,8,strassen,0,5.0,,,,,call_failed
8,8,strassen,1,5.0,,,,,call_failed
8,8,numba,0,5.0,,,,,call_failed
8,8,numba,1,5.0,,,,,call_failed
8,16,auto,0,5.0,,,,,call_failed
8,16,auto,1,5.0,,,,,call_failed
8,16,schoolbook,0,5.0,,,,,call_failed
8,16,schoolbook,1,5.0,,,,,call_failed
8,16,karatsuba,0,5.0,,,,,call_failed
8,16,karatsuba,1,5.0,,,,,call_failed
8,16,strassen,0,5.0,,,,,call_failed
8,16,strassen,1,5.0,,,,,call_failed
8,16,numba,0,5.0,,,,,call_failed
8,16,numba,1,5.0,,,,,call_failed
16,4,auto,0,5.0,,,,,call_failed
16,4,auto,1,5.0,,,,,call_failed
16,4,schoolbook,0,5.0,,,,,call_failed
16,4,schoolbook,1,5.0,,,,,call_failed
16,4,karatsuba,0,5.0,,,,,call_failed
16,4,karatsuba,1,5.0,,,,,call_failed
16,4,strassen,0,5.0,,,,,call_failed
16,4,strassen,1,5.0,,,,,call_failed
16,4,numba,0,5.0,,,,,call_failed
16,4,numba,1,5.0,,,,,call_failed
16,8,auto,0,5.0,,,,,call_failed
16,8,auto,1,5.0,,,,,call_failed
16,8,schoolbook,0,5.0,,,,,call_failed
16,8,schoolbook,1,5.0,,,,,call_failed
16,8,karatsuba,0,5.0,,,,,call_failed
16,8,karatsuba,1,5.0,,,,,call_failed
16,8,strassen,0,5.0,,,,,call_failed
16,8,strassen,1,5.0,,,,,call_failed
16,8,numba,0,5.0,,,,,call_failed
16,8,numba,1,5.0,,,,,call_failed
16,16,auto,0,5.0,,,,,call_failed
16,16,auto,1,5.0,,,,,call_failed
16,16,schoolbook,0,5.0,,,,,call_failed
16,16,schoolbook,1,5.0,,,,,call_failed
16,16,karatsuba,0,5.0,,,,,call_failed
16,16,karatsuba,1,5.0,,,,,call_failed
16,16,strassen,0,5.0,,,,,call_failed
16,16,strassen,1,5.0,,,,,call_failed
16,16,numba,0,5.0,,,,,call_failed
16,16,numba,1,5.0,,,,,call_failed
4,4,auto,0,5.0,,,,,call_failed
4,4,auto,1,5.0,,,,,call_failed
4,4,schoolbook,0,5.0,,,,,call_failed
4,4,schoolbook,1,5.0,,,,,call_failed
4,4,karatsuba,0,5.0,,,,,call_failed
4,4,karatsuba,1,5.0,,,,,call_failed
4,4,strassen,0,5.0,,,,,call_failed
4,4,strassen,1,5.0,,,,,call_failed
4,4,numba,0,5.0,,,,,call_failed
4,4,numba,1,5.0,,,,,call_failed
4,8,auto,0,5.0,,,,,call_failed
4,8,auto,1,5.0,,,,,call_failed
4,8,schoolbook,0,5.0,,,,,call_failed
4,8,schoolbook,1,5.0,,,,,call_failed
4,8,karatsuba,0,5.0,,,,,call_failed
4,8,karatsuba,1,5.0,,,,,call_failed
4,8,strassen,0,5.0,,,,,call_failed
4,8,strassen,1,5.0,,,,,call_failed
4,8,numba,0,5.0,,,,,call_failed
4,8,numba,1,5.0,,,,,call_failed
4,16,auto,0,5.0,,,,,call_failed
4,16,auto,1,5.0,,,,,call_failed
4,16,schoolbook,0,5.0,,,,,call_failed
4,16,schoolbook,1,5.0,,,,,call_failed
4,16,karatsuba,0,5.0,,,,,call_failed
4,16,karatsuba,1,5.0,,,,,call_failed
4,16,strassen,0,5.0,,,,,call_failed
4,16,strassen,1,5.0,,,,,call_failed
4,16,numba,0,5.0,,,,,call_failed
4,16,numba,1,5.0,,,,,call_failed
8,4,auto,0,5.0,,,,,call_failed
8,4,auto,1,5.0,,,,,call_failed
8,4,schoolbook,0,5.0,,,,,call_failed
8,4,schoolbook,1,5.0,,,,,call_failed
8,4,karatsuba,0,5.0,,,,,call_failed
8,4,karatsuba,1,5.0,,,,,call_failed
8,4,strassen,0,5.0,,,,,call_failed
8,4,strassen,1,5.0,,,,,call_failed
8,4,numba,0,5.0,,,,,call_failed
8,4,numba,1,5.0,,,,,call_failed
8,8,auto,0,5.0,,,,,call_failed
8,8,auto,1,5.0,,,,,call_failed
8,8,schoolbook,0,5.0,,,,,call_failed
8,8,schoolbook,1,5.0,,,,,call_failed
8,8,karatsuba,0,5.0,,,,,call_failed
8,8,karatsuba,1,5.0,,,,,call_failed
8,8,strassen,0,5.0,,,,,call_failed
8,8,strassen,1,5.0,,,,,call_failed
8,8,numba,0,5.0,,,,,call_failed
8,8,numba,1,5.0,,,,,call_failed
8,16,auto,0,5.0,,,,,call_failed
8,16,auto,1,5.0,,,,,call_failed
8,16,schoolbook,0,5.0,,,,,call_failed
8,16,schoolbook,1,5.0,,,,,call_failed
8,16,karatsuba,0,5.0,,,,,call_failed
8,16,karatsuba,1,5.0,,,,,call_failed
8,16,strassen,0,5.0,,,,,call_failed
8,16,strassen,1,5.0,,,,,call_failed
8,16,numba,0,5.0,,,,,call_failed
8,16,numba,1,5.0,,,,,call_failed
16,4,auto,0,5.0,,,,,call_failed
16,4,auto,1,5.0,,,,,call_failed
16,4,schoolbook,0,5.0,,,,,call_failed
16,4,schoolbook,1,5.0,,,,,call_failed
16,4,karatsuba,0,5.0,,,,,call_failed
16,4,karatsuba,1,5.0,,,,,call_failed
16,4,strassen,0,5.0,,,,,call_failed
16,4,strassen,1,5.0,,,,,call_failed
16,4,numba,0,5.0,,,,,call_failed
16,4,numba,1,5.0,,,,,call_failed
16,8,auto,0,5.0,,,,,call_failed
16,8,auto,1,5.0,,,,,call_failed
16,8,schoolbook,0,5.0,,,,,call_failed
16,8,schoolbook,1,5.0,,,,,call_failed
16,8,karatsuba,0,5.0,,,,,call_failed
16,8,karatsuba,1,5.0,,,,,call_failed
16,8,strassen,0,5.0,,,,,call_failed
16,8,strassen,1,5.0,,,,,call_failed
16,8,numba,0,5.0,,,,,call_failed
16,8,numba,1,5.0,,,,,call_failed
16,16,auto,0,5.0,,,,,call_failed
16,16,auto,1,5.0,,,,,call_failed
16,16,schoolbook,0,5.0,,,,,call_failed
16,16,schoolbook,1,5.0,,,,,call_failed
16,16,karatsuba,0,5.0,,,,,call_failed
16,16,karatsuba,1,5.0,,,,,call_failed
16,16,strassen,0,5.0,,,,,call_failed
16,16,strassen,1,5.0,,,,,call_failed
16,16,numba,0,5.0,,,,,call_failed
16,16,numba,1,5.0,,,,,call_failed
4,4,auto,0,5.0,,,,,call_failed
4,4,auto,1,5.0,,,,,call_failed
4,4,schoolbook,0,5.0,,,,,call_failed
4,4,schoolbook,1,5.0,,,,,call_failed
4,4,karatsuba,0,5.0,,,,,call_failed
4,4,karatsuba,1,5.0,,,,,call_failed
4,4,strassen,0,5.0,,,,,call_failed
4,4,strassen,1,5.0,,,,,call_failed
4,4,numba,0,5.0,,,,,call_failed
4,4,numba,1,5.0,,,,,call_failed
4,8,auto,0,5.0,,,,,call_failed
4,8,auto,1,5.0,,,,,call_failed
4,8,schoolbook,0,5.0,,,,,call_failed
4,8,schoolbook,1,5.0,,,,,call_failed
4,8,karatsuba,0,5.0,,,,,call_failed
4,8,karatsuba,1,5.0,,,,,call_failed
4,8,strassen,0,5.0,,,,,call_failed
4,8,strassen,1,5.0,,,,,call_failed
4,8,numba,0,5.0,,,,,call_failed
4,8,numba,1,5.0,,,,,call_failed
4,16,auto,0,5.0,,,,,call_failed
4,16,auto,1,5.0,,,,,call_failed
4,16,schoolbook,0,5.0,,,,,call_failed
4,16,schoolbook,1,5.0,,,,,call_failed
4,16,karatsuba,0,5.0,,,,,call_failed
4,16,karatsuba,1,5.0,,,,,call_failed
4,16,strassen,0,5.0,,,,,call_failed
4,16,strassen,1,5.0,,,,,call_failed
4,16,numba,0,5.0,,,,,call_failed
4,16,numba,1,5.0,,,,,call_failed
8,4,auto,0,5.0,,,,,call_failed
8,4,auto,1,5.0,,,,,call_failed
8,4,schoolbook,0,5.0,,,,,call_failed
8,4,schoolbook,1,5.0,,,,,call_failed
8,4,karatsuba,0,5.0,,,,,call_failed
8,4,karatsuba,1,5.0,,,,,call_failed
8,4,strassen,0,5.0,,,,,call_failed
8,4,strassen,1,5.0,,,,,call_failed
8,4,numba,0,5.0,,,,,call_failed
8,4,numba,1,5.0,,,,,call_failed
8,8,auto,0,5.0,,,,,call_failed
8,8,auto,1,5.0,,,,,call_failed
8,8,schoolbook,0,5.0,,,,,call_failed
8,8,schoolbook,1,5.0,,,,,call_failed
8,8,karatsuba,0,5.0,,,,,call_failed
8,8,karatsuba,1,5.0,,,,,call_failed
8,8,strassen,0,5.0,,,,,call_failed
8,8,strassen,1,5.0,,,,,call_failed
8,8,numba,0,5.0,,,,,call_failed
8,8,numba,1,5.0,,,,,call_failed
8,16,auto,0,5.0,,,,,call_failed
8,16,auto,1,5.0,,,,,call_failed
8,16,schoolbook,0,5.0,,,,,call_failed
8,16,schoolbook,1,5.0,,,,,call_failed
8,16,karatsuba,0,5.0,,,,,call_failed
8,16,karatsuba,1,5.0,,,,,call_failed
8,16,strassen,0,5.0,,,,,call_failed
8,16,strassen,1,5.0,,,,,call_failed
8,16,numba,0,5.0,,,,,call_failed
8,16,numba,1,5.0,,,,,call_failed
16,4,auto,0,5.0,,,,,call_failed
16,4,auto,1,5.0,,,,,call_failed
16,4,schoolbook,0,5.0,,,,,call_failed
16,4,schoolbook,1,5.0,,,,,call_failed
16,4,karatsuba,0,5.0,,,,,call_failed
16,4,karatsuba,1,5.0,,,,,call_failed
16,4,strassen,0,5.0,,,,,call_failed
16,4,strassen,1,5.0,,,,,call_failed
16,4,numba,0,5.0,,,,,call_failed
16,4,numba,1,5.0,,,,,call_failed
16,8,auto,0,5.0,,,,,call_failed
16,8,auto,1,5.0,,,,,call_failed
16,8,schoolbook,0,5.0,,,,,call_failed
16,8,schoolbook,1,5.0,,,,,call_failed
16,8,karatsuba,0,5.0,,,,,call_failed
16,8,karatsuba,1,5.0,,,,,call_failed
16,8,strassen,0,5.0,,,,,call_failed
16,8,strassen,1,5.0,,,,,call_failed
16,8,numba,0,5.0,,,,,call_failed
16,8,numba,1,5.0,,,,,call_failed
16,16,auto,0,5.0,,,,,call_failed
16,16,auto,1,5.0,,,,,call_failed
16,16,schoolbook,0,5.0,,,,,call_failed
16,16,schoolbook,1,5.0,,,,,call_failed
16,16,karatsuba,0,5.0,,,,,call_failed
16,16,karatsuba,1,5.0,,,,,call_failed
16,16,strassen,0,5.0,,,,,call_failed
16,16,strassen,1,5.0,,,,,call_failed
16,16,numba,0,5.0,,,,,call_failed
16,16,numba,1,5.0,,,,,call_failed
4,4,auto,0,5.0,,,,,exception:NameError
4,4,auto,1,5.0,,,,,exception:NameError
4,4,schoolbook,0,5.0,,,,,exception:NameError
4,4,schoolbook,1,5.0,,,,,exception:NameError
4,4,karatsuba,0,5.0,,,,,exception:NameError
4,4,karatsuba,1,5.0,,,,,exception:NameError
4,4,strassen,0,5.0,,,,,exception:NameError
4,4,strassen,1,5.0,,,,,exception:NameError
4,4,numba,0,5.0,,,,,exception:NameError
4,4,numba,1,5.0,,,,,exception:NameError
4,8,auto,0,5.0,,,,,exception:NameError
4,8,auto,1,5.0,,,,,exception:NameError
4,8,schoolbook,0,5.0,,,,,exception:NameError
4,8,schoolbook,1,5.0,,,,,exception:NameError
4,8,karatsuba,0,5.0,,,,,exception:NameError
4,8,karatsuba,1,5.0,,,,,exception:NameError
4,8,strassen,0,5.0,,,,,exception:NameError
4,8,strassen,1,5.0,,,,,exception:NameError
4,8,numba,0,5.0,,,,,exception:NameError
4,8,numba,1,5.0,,,,,exception:NameError
4,16,auto,0,5.0,,,,,exception:NameError
4,16,auto,1,5.0,,,,,exception:NameError
4,16,schoolbook,0,5.0,,,,,exception:NameError
4,16,schoolbook,1,5.0,,,,,exception:NameError
4,16,karatsuba,0,5.0,,,,,exception:NameError
4,16,karatsuba,1,5.0,,,,,exception:NameError
4,16,strassen,0,5.0,,,,,exception:NameError
4,16,strassen,1,5.0,,,,,exception:NameError
4,16,numba,0,5.0,,,,,exception:NameError
4,16,numba,1,5.0,,,,,exception:NameError
8,4,auto,0,5.0,,,,,exception:NameError
8,4,auto,1,5.0,,,,,exception:NameError
8,4,schoolbook,0,5.0,,,,,exception:NameError
8,4,schoolbook,1,5.0,,,,,exception:NameError
8,4,karatsuba,0,5.0,,,,,exception:NameError
8,4,karatsuba,1,5.0,,,,,exception:NameError
8,4,strassen,0,5.0,,,,,exception:NameError
8,4,strassen,1,5.0,,,,,exception:NameError
8,4,numba,0,5.0,,,,,exception:NameError
8,4,numba,1,5.0,,,,,exception:NameError
8,8,auto,0,5.0,,,,,exception:NameError
8,8,auto,1,5.0,,,,,exception:NameError
8,8,schoolbook,0,5.0,,,,,exception:NameError
8,8,schoolbook,1,5.0,,,,,exception:NameError
8,8,karatsuba,0,5.0,,,,,exception:NameError
8,8,karatsuba,1,5.0,,,,,exception:NameError
8,8,strassen,0,5.0,,,,,exception:NameError
8,8,strassen,1,5.0,,,,,exception:NameError
8,8,numba,0,5.0,,,,,exception:NameError
8,8,numba,1,5.0,,,,,exception:NameError
8,16,auto,0,5.0,,,,,exception:NameError
8,16,auto,1,5.0,,,,,exception:NameError
8,16,schoolbook,0,5.0,,,,,exception:NameError
8,16,schoolbook,1,5.0,,,,,exception:NameError
8,16,karatsuba,0,5.0,,,,,exception:NameError
8,16,karatsuba,1,5.0,,,,,exception:NameError
8,16,strassen,0,5.0,,,,,exception:NameError
8,16,strassen,1,5.0,,,,,exception:NameError
8,16,numba,0,5.0,,,,,exception:NameError
8,16,numba,1,5.0,,,,,exception:NameError
16,4,auto,0,5.0,,,,,exception:NameError
16,4,auto,1,5.0,,,,,exception:NameError
16,4,schoolbook,0,5.0,,,,,exception:NameError
16,4,schoolbook,1,5.0,,,,,exception:NameError
16,4,karatsuba,0,5.0,,,,,exception:NameError
16,4,karatsuba,1,5.0,,,,,exception:NameError
16,4,strassen,0,5.0,,,,,exception:NameError
16,4,strassen,1,5.0,,,,,exception:NameError
16,4,numba,0,5.0,,,,,exception:NameError
16,4,numba,1,5.0,,,,,exception:NameError
16,8,auto,0,5.0,,,,,exception:NameError
16,8,auto,1,5.0,,,,,exception:NameError
16,8,schoolbook,0,5.0,,,,,exception:NameError
16,8,schoolbook,1,5.0,,,,,exception:NameError
16,8,karatsuba,0,5.0,,,,,exception:NameError
16,8,karatsuba,1,5.0,,,,,exception:NameError
16,8,strassen,0,5.0,,,,,exception:NameError
16,8,strassen,1,5.0,,,,,exception:NameError
16,8,numba,0,5.0,,,,,exception:NameError
16,8,numba,1,5.0,,,,,exception:NameError
16,16,auto,0,5.0,,,,,exception:NameError
16,16,auto,1,5.0,,,,,exception:NameError
16,16,schoolbook,0,5.0,,,,,exception:NameError
16,16,schoolbook,1,5.0,,,,,exception:NameError
16,16,karatsuba,0,5.0,,,,,exception:NameError
16,16,karatsuba,1,5.0,,,,,exception:NameError
16,16,strassen,0,5.0,,,,,exception:NameError
16,16,strassen,1,5.0,,,,,exception:NameError
16,16,numba,0,5.0,,,,,exception:NameError
16,16,numba,1,5.0,,,,,exception:NameError
4,4,auto,0,5.0,,,,,call_failed
4,4,auto,1,5.0,,,,,call_failed
4,4,schoolbook,0,5.0,,,,,call_failed
4,4,schoolbook,1,5.0,,,,,call_failed
4,4,karatsuba,0,5.0,,,,,call_failed
4,4,karatsuba,1,5.0,,,,,call_failed
4,4,strassen,0,5.0,,,,,call_failed
4,4,strassen,1,5.0,,,,,call_failed
4,4,numba,0,5.0,,,,,call_failed
4,4,numba,1,5.0,,,,,call_failed
4,8,auto,0,5.0,,,,,call_failed
4,8,auto,1,5.0,,,,,call_failed
4,8,schoolbook,0,5.0,,,,,call_failed
4,8,schoolbook,1,5.0,,,,,call_failed
4,8,karatsuba,0,5.0,,,,,call_failed
4,8,karatsuba,1,5.0,,,,,call_failed
4,8,strassen,0,5.0,,,,,call_failed
4,8,strassen,1,5.0,,,,,call_failed
4,8,numba,0,5.0,,,,,call_failed
4,8,numba,1,5.0,,,,,call_failed
4,16,auto,0,5.0,,,,,call_failed
4,16,auto,1,5.0,,,,,call_failed
4,16,schoolbook,0,5.0,,,,,call_failed
4,16,schoolbook,1,5.0,,,,,call_failed
4,16,karatsuba,0,5.0,,,,,call_failed
4,16,karatsuba,1,5.0,,,,,call_failed
4,16,strassen,0,5.0,,,,,call_failed
4,16,strassen,1,5.0,,,,,call_failed
4,16,numba,0,5.0,,,,,call_failed
4,16,numba,1,5.0,,,,,call_failed
8,4,auto,0,5.0,,,,,call_failed
8,4,auto,1,5.0,,,,,call_failed
8,4,schoolbook,0,5.0,,,,,call_failed
8,4,schoolbook,1,5.0,,,,,call_failed
8,4,karatsuba,0,5.0,,,,,call_failed
8,4,karatsuba,1,5.0,,,,,call_failed
8,4,strassen,0,5.0,,,,,call_failed
8,4,strassen,1,5.0,,,,,call_failed
8,4,numba,0,5.0,,,,,call_failed
8,4,numba,1,5.0,,,,,call_failed
8,8,auto,0,5.0,,,,,call_failed
8,8,auto,1,5.0,,,,,call_failed
8,8,schoolbook,0,5.0,,,,,call_failed
8,8,schoolbook,1,5.0,,,,,call_failed
8,8,karatsuba,0,5.0,,,,,call_failed
8,8,karatsuba,1,5.0,,,,,call_failed
8,8,strassen,0,5.0,,,,,call_failed
8,8,strassen,1,5.0,,,,,call_failed
8,8,numba,0,5.0,,,,,call_failed
8,8,numba,1,5.0,,,,,call_failed
8,16,auto,0,5.0,,,,,call_failed
8,16,auto,1,5.0,,,,,call_failed
8,16,schoolbook,0,5.0,,,,,call_failed
8,16,schoolbook,1,5.0,,,,,call_failed
8,16,karatsuba,0,5.0,,,,,call_failed
8,16,karatsuba,1,5.0,,,,,call_failed
8,16,strassen,0,5.0,,,,,call_failed
8,16,strassen,1,5.0,,,,,call_failed
8,16,numba,0,5.0,,,,,call_failed
8,16,numba,1,5.0,,,,,call_failed
16,4,auto,0,5.0,,,,,call_failed
16,4,auto,1,5.0,,,,,call_failed
16,4,schoolbook,0,5.0,,,,,call_failed
16,4,schoolbook,1,5.0,,,,,call_failed
16,4,karatsuba,0,5.0,,,,,call_failed
16,4,karatsuba,1,5.0,,,,,call_failed
16,4,strassen,0,5.0,,,,,call_failed
16,4,strassen,1,5.0,,,,,call_failed
16,4,numba,0,5.0,,,,,call_failed
16,4,numba,1,5.0,,,,,call_failed
16,8,auto,0,5.0,,,,,call_failed
16,8,auto,1,5.0,,,,,call_failed
16,8,schoolbook,0,5.0,,,,,call_failed
16,8,schoolbook,1,5.0,,,,,call_failed
16,8,karatsuba,0,5.0,,,,,call_failed
16,8,karatsuba,1,5.0,,,,,call_failed
16,8,strassen,0,5.0,,,,,call_failed
16,8,strassen,1,5.0,,,,,call_failed
16,8,numba,0,5.0,,,,,call_failed
16,8,numba,1,5.0,,,,,call_failed
16,16,auto,0,5.0,,,,,call_failed
16,16,auto,1,5.0,,,,,call_failed
16,16,schoolbook,0,5.0,,,,,call_failed
16,16,schoolbook,1,5.0,,,,,call_failed
16,16,karatsuba,0,5.0,,,,,call_failed
16,16,karatsuba,1,5.0,,,,,call_failed
16,16,strassen,0,5.0,,,,,call_failed
16,16,strassen,1,5.0,,,,,call_failed
16,16,numba,0,5.0,,,,,call_failed
16,16,numba,1,5.0,,,,,call_failed
4,4,auto,0,,,,call_failed,4,,,"{""ok"": false, ""error"": ""call_failed"", ""trace"": ""Traceback (most recent call last):\n  File \""C:\\Users\\asus\\AppData\\Local\\Temp\\bench_runner_crztynu4\\runner.py\"", line 29, in <module>\n    res = decimal_gemm_naive(A, B, mul_algo=algo, cutoff=cutoff, return_counters=True)\n          ^^^^^^^^^^^^^^^^^^^^^^^^^^^^^^^^^^^^^^^^^^^^^^^^^^^^^^^^^^^^^^^^^^^^^^^^^^^^\n  File \""D:\\decimal_computer\\decimal_gemm.py\"", line 171, in decimal_gemm_naive\n    C = schoolbook_gemm(A, B, counters=counters)\n        ^^^^^^^^^^^^^^^^^^^^^^^^^^^^^^^^^^^^^^^^\n  File \""D:\\decimal_computer\\decimal_gemm.py\"", line 73, in schoolbook_gemm\n    a = _to_numpy_int_matrix(A)\n        ^^^^^^^^^^^^^^^^^^^^^^^\n  File \""D:\\decimal_computer\\decimal_gemm.py\"", line 60, in _to_numpy_int_matrix\n    return np.array([[int(x) for x in row] for row in M], dtype=np.int64)\n                    ^^^^^^^^^^^^^^^^^^^^^^^^^^^^^^^^^^^^\n  File \""D:\\decimal_computer\\decimal_gemm.py\"", line 60, in <listcomp>\n    return np.array([[int(x) for x in row] for row in M], dtype=np.int64)\n                     ^^^^^^^^^^^^^^^^^^^^^\n  File \""D:\\decimal_computer\\decimal_gemm.py\"", line 60, in <listcomp>\n    return np.array([[int(x) for x in row] for row in M], dtype=np.int64)\n                      ^^^^^^\nTypeError: int() argument must be a string, a bytes-like object or a real number, not 'list'\n\nDuring handling of the above exception, another exception occurred:\n\nTraceback (most recent call last):\n  File \""C:\\Users\\asus\\AppData\\Local\\Temp\\bench_runner_crztynu4\\runner.py\"", line 32, in <module>\n    res = decimal_gemm_naive(A, B, mul_algo=algo, cutoff=cutoff)\n          ^^^^^^^^^^^^^^^^^^^^^^^^^^^^^^^^^^^^^^^^^^^^^^^^^^^^^^\n  File \""D:\\decimal_computer\\decimal_gemm.py\"", line 171, in decimal_gemm_naive\n    C = schoolbook_gemm(A, B, counters=counters)\n        ^^^^^^^^^^^^^^^^^^^^^^^^^^^^^^^^^^^^^^^^\n  File \""D:\\decimal_computer\\decimal_gemm.py\"", line 73, in schoolbook_gemm\n    a = _to_numpy_int_matrix(A)\n        ^^^^^^^^^^^^^^^^^^^^^^^\n  File \""D:\\decimal_computer\\decimal_gemm.py\"", line 60, in _to_numpy_int_matrix\n    return np.array([[int(x) for x in row] for row in M], dtype=np.int64)\n                    ^^^^^^^^^^^^^^^^^^^^^^^^^^^^^^^^^^^^\n  File \""D:\\decimal_computer\\decimal_gemm.py\"", line 60, in <listcomp>\n    return np.array([[int(x) for x in row] for row in M], dtype=np.int64)\n                     ^^^^^^^^^^^^^^^^^^^^^\n  File \""D:\\decimal_computer\\decimal_gemm.py\"", line 60, in <listcomp>\n    return np.array([[int(x) for x in row] for row in M], dtype=np.int64)\n                      ^^^^^^\nTypeError: int() argument must be a string, a bytes-like object or a real number, not 'list'\n""}","[decimal_gemm] auto-selected algo='schoolbook' max_digit_len=None cutoff=None
[decimal_gemm] auto-selected algo='schoolbook' max_digit_len=None cutoff=None
Traceback (most recent call last):
  File ""C:\Users\asus\AppData\Local\Temp\bench_runner_crztynu4\runner.py"", line 29, in <module>
    res = decimal_gemm_naive(A, B, mul_algo=algo, cutoff=cutoff, return_counters=True)
          ^^^^^^^^^^^^^^^^^^^^^^^^^^^^^^^^^^^^^^^^^^^^^^^^^^^^^^^^^^^^^^^^^^^^^^^^^^^^
  File ""D:\decimal_computer\decimal_gemm.py"", line 171, in decimal_gemm_naive
    C = schoolbook_gemm(A, B, counters=counters)
        ^^^^^^^^^^^^^^^^^^^^^^^^^^^^^^^^^^^^^^^^
  File ""D:\decimal_computer\decimal_gemm.py"", line 73, in schoolbook_gemm
    a = _to_numpy_int_matrix(A)
        ^^^^^^^^^^^^^^^^^^^^^^^
  File ""D:\decimal_computer\decimal_gemm.py"", line 60, in _to_numpy_int_matrix
    return np.array([[int(x) for x in row] for row in M], dtype=np.int64)
                    ^^^^^^^^^^^^^^^^^^^^^^^^^^^^^^^^^^^^
  File ""D:\decimal_computer\decimal_gemm.py"", line 60, in <listcomp>
    return np.array([[int(x) for x in row] for row in M], dtype=np.int64)
                     ^^^^^^^^^^^^^^^^^^^^^
  File ""D:\decimal_computer\decimal_gemm.py"", line 60, in <listcomp>
    return np.array([[int(x) for x in row] for row in M], dtype=np.int64)
                      ^^^^^^
TypeError: int() argument must be a string, a bytes-like object or a real number, not 'list'

During handling of the above exception, another exception occurred:

Traceback (most recent call last):
  File ""C:\Users\asus\AppData\Local\Temp\bench_runner_crztynu4\runner.py"", line 32, in <module>
    res = decimal_gemm_naive(A, B, mul_algo=algo, cutoff=cutoff)
          ^^^^^^^^^^^^^^^^^^^^^^^^^^^^^^^^^^^^^^^^^^^^^^^^^^^^^^
  File ""D:\decimal_computer\decimal_gemm.py"", line 171, in decimal_gemm_naive
    C = schoolbook_gemm(A, B, counters=counters)
        ^^^^^^^^^^^^^^^^^^^^^^^^^^^^^^^^^^^^^^^^
  File ""D:\decimal_computer\decimal_gemm.py"", line 73, in schoolbook_gemm
    a = _to_numpy_int_matrix(A)
        ^^^^^^^^^^^^^^^^^^^^^^^
  File ""D:\decimal_computer\decimal_gemm.py"", line 60, in _to_numpy_int_matrix
    return np.array([[int(x) for x in row] for row in M], dtype=np.int64)
                    ^^^^^^^^^^^^^^^^^^^^^^^^^^^^^^^^^^^^
  File ""D:\decimal_computer\decimal_gemm.py"", line 60, in <listcomp>
    return np.array([[int(x) for x in row] for row in M], dtype=np.int64)
                     ^^^^^^^^^^^^^^^^^^^^^
  File ""D:\decimal_computer\decimal_gemm.py"", line 60, in <listcomp>
    return np.array([[int(x) for x in row] for row in M], dtype=np.int64)
                      ^^^^^^
TypeError: int() argument must be a string, a bytes-like object or a real number, not 'list'
",2025-10-01T06:42:27Z,LAPTOP-PNEMF9C4,18476
4,4,auto,0,,,,call_failed,4,,,"{""ok"": false, ""error"": ""call_failed"", ""trace"": ""Traceback (most recent call last):\n  File \""C:\\Users\\asus\\AppData\\Local\\Temp\\bench_runner_wv22gnpy\\runner.py\"", line 29, in <module>\n    res = decimal_gemm_naive(A, B, mul_algo=algo, cutoff=cutoff, return_counters=True)\n          ^^^^^^^^^^^^^^^^^^^^^^^^^^^^^^^^^^^^^^^^^^^^^^^^^^^^^^^^^^^^^^^^^^^^^^^^^^^^\n  File \""D:\\decimal_computer\\decimal_gemm.py\"", line 171, in decimal_gemm_naive\n    C = schoolbook_gemm(A, B, counters=counters)\n        ^^^^^^^^^^^^^^^^^^^^^^^^^^^^^^^^^^^^^^^^\n  File \""D:\\decimal_computer\\decimal_gemm.py\"", line 73, in schoolbook_gemm\n    a = _to_numpy_int_matrix(A)\n        ^^^^^^^^^^^^^^^^^^^^^^^\n  File \""D:\\decimal_computer\\decimal_gemm.py\"", line 60, in _to_numpy_int_matrix\n    return np.array([[int(x) for x in row] for row in M], dtype=np.int64)\n                    ^^^^^^^^^^^^^^^^^^^^^^^^^^^^^^^^^^^^\n  File \""D:\\decimal_computer\\decimal_gemm.py\"", line 60, in <listcomp>\n    return np.array([[int(x) for x in row] for row in M], dtype=np.int64)\n                     ^^^^^^^^^^^^^^^^^^^^^\n  File \""D:\\decimal_computer\\decimal_gemm.py\"", line 60, in <listcomp>\n    return np.array([[int(x) for x in row] for row in M], dtype=np.int64)\n                      ^^^^^^\nTypeError: int() argument must be a string, a bytes-like object or a real number, not 'list'\n\nDuring handling of the above exception, another exception occurred:\n\nTraceback (most recent call last):\n  File \""C:\\Users\\asus\\AppData\\Local\\Temp\\bench_runner_wv22gnpy\\runner.py\"", line 32, in <module>\n    res = decimal_gemm_naive(A, B, mul_algo=algo, cutoff=cutoff)\n          ^^^^^^^^^^^^^^^^^^^^^^^^^^^^^^^^^^^^^^^^^^^^^^^^^^^^^^\n  File \""D:\\decimal_computer\\decimal_gemm.py\"", line 171, in decimal_gemm_naive\n    C = schoolbook_gemm(A, B, counters=counters)\n        ^^^^^^^^^^^^^^^^^^^^^^^^^^^^^^^^^^^^^^^^\n  File \""D:\\decimal_computer\\decimal_gemm.py\"", line 73, in schoolbook_gemm\n    a = _to_numpy_int_matrix(A)\n        ^^^^^^^^^^^^^^^^^^^^^^^\n  File \""D:\\decimal_computer\\decimal_gemm.py\"", line 60, in _to_numpy_int_matrix\n    return np.array([[int(x) for x in row] for row in M], dtype=np.int64)\n                    ^^^^^^^^^^^^^^^^^^^^^^^^^^^^^^^^^^^^\n  File \""D:\\decimal_computer\\decimal_gemm.py\"", line 60, in <listcomp>\n    return np.array([[int(x) for x in row] for row in M], dtype=np.int64)\n                     ^^^^^^^^^^^^^^^^^^^^^\n  File \""D:\\decimal_computer\\decimal_gemm.py\"", line 60, in <listcomp>\n    return np.array([[int(x) for x in row] for row in M], dtype=np.int64)\n                      ^^^^^^\nTypeError: int() argument must be a string, a bytes-like object or a real number, not 'list'\n""}","[decimal_gemm] auto-selected algo='schoolbook' max_digit_len=None cutoff=None
[decimal_gemm] auto-selected algo='schoolbook' max_digit_len=None cutoff=None
Traceback (most recent call last):
  File ""C:\Users\asus\AppData\Local\Temp\bench_runner_wv22gnpy\runner.py"", line 29, in <module>
    res = decimal_gemm_naive(A, B, mul_algo=algo, cutoff=cutoff, return_counters=True)
          ^^^^^^^^^^^^^^^^^^^^^^^^^^^^^^^^^^^^^^^^^^^^^^^^^^^^^^^^^^^^^^^^^^^^^^^^^^^^
  File ""D:\decimal_computer\decimal_gemm.py"", line 171, in decimal_gemm_naive
    C = schoolbook_gemm(A, B, counters=counters)
        ^^^^^^^^^^^^^^^^^^^^^^^^^^^^^^^^^^^^^^^^
  File ""D:\decimal_computer\decimal_gemm.py"", line 73, in schoolbook_gemm
    a = _to_numpy_int_matrix(A)
        ^^^^^^^^^^^^^^^^^^^^^^^
  File ""D:\decimal_computer\decimal_gemm.py"", line 60, in _to_numpy_int_matrix
    return np.array([[int(x) for x in row] for row in M], dtype=np.int64)
                    ^^^^^^^^^^^^^^^^^^^^^^^^^^^^^^^^^^^^
  File ""D:\decimal_computer\decimal_gemm.py"", line 60, in <listcomp>
    return np.array([[int(x) for x in row] for row in M], dtype=np.int64)
                     ^^^^^^^^^^^^^^^^^^^^^
  File ""D:\decimal_computer\decimal_gemm.py"", line 60, in <listcomp>
    return np.array([[int(x) for x in row] for row in M], dtype=np.int64)
                      ^^^^^^
TypeError: int() argument must be a string, a bytes-like object or a real number, not 'list'

During handling of the above exception, another exception occurred:

Traceback (most recent call last):
  File ""C:\Users\asus\AppData\Local\Temp\bench_runner_wv22gnpy\runner.py"", line 32, in <module>
    res = decimal_gemm_naive(A, B, mul_algo=algo, cutoff=cutoff)
          ^^^^^^^^^^^^^^^^^^^^^^^^^^^^^^^^^^^^^^^^^^^^^^^^^^^^^^
  File ""D:\decimal_computer\decimal_gemm.py"", line 171, in decimal_gemm_naive
    C = schoolbook_gemm(A, B, counters=counters)
        ^^^^^^^^^^^^^^^^^^^^^^^^^^^^^^^^^^^^^^^^
  File ""D:\decimal_computer\decimal_gemm.py"", line 73, in schoolbook_gemm
    a = _to_numpy_int_matrix(A)
        ^^^^^^^^^^^^^^^^^^^^^^^
  File ""D:\decimal_computer\decimal_gemm.py"", line 60, in _to_numpy_int_matrix
    return np.array([[int(x) for x in row] for row in M], dtype=np.int64)
                    ^^^^^^^^^^^^^^^^^^^^^^^^^^^^^^^^^^^^
  File ""D:\decimal_computer\decimal_gemm.py"", line 60, in <listcomp>
    return np.array([[int(x) for x in row] for row in M], dtype=np.int64)
                     ^^^^^^^^^^^^^^^^^^^^^
  File ""D:\decimal_computer\decimal_gemm.py"", line 60, in <listcomp>
    return np.array([[int(x) for x in row] for row in M], dtype=np.int64)
                      ^^^^^^
TypeError: int() argument must be a string, a bytes-like object or a real number, not 'list'
",2025-10-01T06:48:37Z,LAPTOP-PNEMF9C4,25816
4,4,auto,0,,,,call_failed,4,,,"{""ok"": false, ""error"": ""call_failed"", ""trace"": ""Traceback (most recent call last):\n  File \""C:\\Users\\asus\\AppData\\Local\\Temp\\bench_runner_43ismvhy\\runner.py\"", line 29, in <module>\n    res = decimal_gemm_naive(A, B, mul_algo=algo, cutoff=cutoff, return_counters=True)\n          ^^^^^^^^^^^^^^^^^^^^^^^^^^^^^^^^^^^^^^^^^^^^^^^^^^^^^^^^^^^^^^^^^^^^^^^^^^^^\n  File \""D:\\decimal_computer\\decimal_gemm.py\"", line 171, in decimal_gemm_naive\n    C = schoolbook_gemm(A, B, counters=counters)\n        ^^^^^^^^^^^^^^^^^^^^^^^^^^^^^^^^^^^^^^^^\n  File \""D:\\decimal_computer\\decimal_gemm.py\"", line 73, in schoolbook_gemm\n    a = _to_numpy_int_matrix(A)\n        ^^^^^^^^^^^^^^^^^^^^^^^\n  File \""D:\\decimal_computer\\decimal_gemm.py\"", line 60, in _to_numpy_int_matrix\n    return np.array([[int(x) for x in row] for row in M], dtype=np.int64)\n                    ^^^^^^^^^^^^^^^^^^^^^^^^^^^^^^^^^^^^\n  File \""D:\\decimal_computer\\decimal_gemm.py\"", line 60, in <listcomp>\n    return np.array([[int(x) for x in row] for row in M], dtype=np.int64)\n                     ^^^^^^^^^^^^^^^^^^^^^\n  File \""D:\\decimal_computer\\decimal_gemm.py\"", line 60, in <listcomp>\n    return np.array([[int(x) for x in row] for row in M], dtype=np.int64)\n                      ^^^^^^\nTypeError: int() argument must be a string, a bytes-like object or a real number, not 'list'\n\nDuring handling of the above exception, another exception occurred:\n\nTraceback (most recent call last):\n  File \""C:\\Users\\asus\\AppData\\Local\\Temp\\bench_runner_43ismvhy\\runner.py\"", line 32, in <module>\n    res = decimal_gemm_naive(A, B, mul_algo=algo, cutoff=cutoff)\n          ^^^^^^^^^^^^^^^^^^^^^^^^^^^^^^^^^^^^^^^^^^^^^^^^^^^^^^\n  File \""D:\\decimal_computer\\decimal_gemm.py\"", line 171, in decimal_gemm_naive\n    C = schoolbook_gemm(A, B, counters=counters)\n        ^^^^^^^^^^^^^^^^^^^^^^^^^^^^^^^^^^^^^^^^\n  File \""D:\\decimal_computer\\decimal_gemm.py\"", line 73, in schoolbook_gemm\n    a = _to_numpy_int_matrix(A)\n        ^^^^^^^^^^^^^^^^^^^^^^^\n  File \""D:\\decimal_computer\\decimal_gemm.py\"", line 60, in _to_numpy_int_matrix\n    return np.array([[int(x) for x in row] for row in M], dtype=np.int64)\n                    ^^^^^^^^^^^^^^^^^^^^^^^^^^^^^^^^^^^^\n  File \""D:\\decimal_computer\\decimal_gemm.py\"", line 60, in <listcomp>\n    return np.array([[int(x) for x in row] for row in M], dtype=np.int64)\n                     ^^^^^^^^^^^^^^^^^^^^^\n  File \""D:\\decimal_computer\\decimal_gemm.py\"", line 60, in <listcomp>\n    return np.array([[int(x) for x in row] for row in M], dtype=np.int64)\n                      ^^^^^^\nTypeError: int() argument must be a string, a bytes-like object or a real number, not 'list'\n""}","[decimal_gemm] auto-selected algo='schoolbook' max_digit_len=None cutoff=None
[decimal_gemm] auto-selected algo='schoolbook' max_digit_len=None cutoff=None
Traceback (most recent call last):
  File ""C:\Users\asus\AppData\Local\Temp\bench_runner_43ismvhy\runner.py"", line 29, in <module>
    res = decimal_gemm_naive(A, B, mul_algo=algo, cutoff=cutoff, return_counters=True)
          ^^^^^^^^^^^^^^^^^^^^^^^^^^^^^^^^^^^^^^^^^^^^^^^^^^^^^^^^^^^^^^^^^^^^^^^^^^^^
  File ""D:\decimal_computer\decimal_gemm.py"", line 171, in decimal_gemm_naive
    C = schoolbook_gemm(A, B, counters=counters)
        ^^^^^^^^^^^^^^^^^^^^^^^^^^^^^^^^^^^^^^^^
  File ""D:\decimal_computer\decimal_gemm.py"", line 73, in schoolbook_gemm
    a = _to_numpy_int_matrix(A)
        ^^^^^^^^^^^^^^^^^^^^^^^
  File ""D:\decimal_computer\decimal_gemm.py"", line 60, in _to_numpy_int_matrix
    return np.array([[int(x) for x in row] for row in M], dtype=np.int64)
                    ^^^^^^^^^^^^^^^^^^^^^^^^^^^^^^^^^^^^
  File ""D:\decimal_computer\decimal_gemm.py"", line 60, in <listcomp>
    return np.array([[int(x) for x in row] for row in M], dtype=np.int64)
                     ^^^^^^^^^^^^^^^^^^^^^
  File ""D:\decimal_computer\decimal_gemm.py"", line 60, in <listcomp>
    return np.array([[int(x) for x in row] for row in M], dtype=np.int64)
                      ^^^^^^
TypeError: int() argument must be a string, a bytes-like object or a real number, not 'list'

During handling of the above exception, another exception occurred:

Traceback (most recent call last):
  File ""C:\Users\asus\AppData\Local\Temp\bench_runner_43ismvhy\runner.py"", line 32, in <module>
    res = decimal_gemm_naive(A, B, mul_algo=algo, cutoff=cutoff)
          ^^^^^^^^^^^^^^^^^^^^^^^^^^^^^^^^^^^^^^^^^^^^^^^^^^^^^^
  File ""D:\decimal_computer\decimal_gemm.py"", line 171, in decimal_gemm_naive
    C = schoolbook_gemm(A, B, counters=counters)
        ^^^^^^^^^^^^^^^^^^^^^^^^^^^^^^^^^^^^^^^^
  File ""D:\decimal_computer\decimal_gemm.py"", line 73, in schoolbook_gemm
    a = _to_numpy_int_matrix(A)
        ^^^^^^^^^^^^^^^^^^^^^^^
  File ""D:\decimal_computer\decimal_gemm.py"", line 60, in _to_numpy_int_matrix
    return np.array([[int(x) for x in row] for row in M], dtype=np.int64)
                    ^^^^^^^^^^^^^^^^^^^^^^^^^^^^^^^^^^^^
  File ""D:\decimal_computer\decimal_gemm.py"", line 60, in <listcomp>
    return np.array([[int(x) for x in row] for row in M], dtype=np.int64)
                     ^^^^^^^^^^^^^^^^^^^^^
  File ""D:\decimal_computer\decimal_gemm.py"", line 60, in <listcomp>
    return np.array([[int(x) for x in row] for row in M], dtype=np.int64)
                      ^^^^^^
TypeError: int() argument must be a string, a bytes-like object or a real number, not 'list'
",2025-10-01T06:49:20Z,LAPTOP-PNEMF9C4,22968
4,4,auto,0,0.001953200000571087,64,64,,0,2127779854,"[[161377527, 133394228], [161679374, 118847955]]","{""ok"": true, ""sample"": [[161377527, 133394228], [161679374, 118847955]], ""muls"": 64, ""adds"": 64, ""elapsed"": 0.001953200000571087, ""checksum"": 2127779854}","[decimal_gemm] auto-selected algo='schoolbook' max_digit_len=None cutoff=None
[decimal_gemm] SCHOOLBOOK result C = [[161377527, 133394228, 126959467, 117989914], [161679374, 118847955, 130522426, 120988726], [136758544, 126094243, 104542504, 95438695], [177434331, 142544754, 145461182, 127745984]]
[decimal_gemm]   digit muls: 64 digit adds: 64 time (s): 0.001953",2025-10-01T06:50:47Z,LAPTOP-PNEMF9C4,17100
4,4,auto,0,0.0018447000038577244,64,64,,0,1941191298,"[[166946350, 108333157], [107415068, 80019628]]","{""ok"": true, ""sample"": [[166946350, 108333157], [107415068, 80019628]], ""muls"": 64, ""adds"": 64, ""elapsed"": 0.0018447000038577244, ""checksum"": 1941191298}","[decimal_gemm] auto-selected algo='schoolbook' max_digit_len=None cutoff=None
[decimal_gemm] SCHOOLBOOK result C = [[166946350, 108333157, 141808585, 136329747], [107415068, 80019628, 122257051, 94984052], [135610376, 109086888, 127742542, 134515471], [134707562, 97298893, 139291442, 104844486]]
[decimal_gemm]   digit muls: 64 digit adds: 64 time (s): 0.001845",2025-10-01T07:07:57Z,LAPTOP-PNEMF9C4,20760
4,4,auto,0,0.0001438000035705045,64,64,,0,2201100498,"[[94313078, 72627045], [187895482, 103089691]]","{""ok"": true, ""sample"": [[94313078, 72627045], [187895482, 103089691]], ""muls"": 64, ""adds"": 64, ""elapsed"": 0.0001438000035705045, ""checksum"": 2201100498}","[decimal_gemm] auto-selected algo='schoolbook' max_digit_len=None cutoff=None
[decimal_gemm] SCHOOLBOOK result C = [[94313078, 72627045, 58573137, 67002062], [187895482, 103089691, 87118430, 87049263], [200384975, 171546136, 134131701, 162994204], [253374838, 190273719, 158009068, 172717669]]
[decimal_gemm]   digit muls: 64 digit adds: 64 time (s): 0.000144",2025-10-01T07:15:29Z,LAPTOP-PNEMF9C4,15960
4,3,schoolbook,0,0.0,,,"runner_error: Traceback (most recent call last):
  File ""C:\Users\asus\AppData\Local\Temp\bench_runner_7bf7u0vj\runner.py"", line 9, in <module>
    from decimal_computer.decimal_gemm import decimal_gemm_naive
  File ""D:\decimal_computer\__init__.py"", line 1, in <module>
    from .decimal_gemm import decimal_gemm_naive
  File ""D:\decimal_computer\decimal_gemm.py"", line 16
    """"""
       ^
SyntaxError: (unicode error) 'utf-8' codec can't decode byte 0x97 in position 38: invalid start byte
",3,,,"{""ok"": false, ""error"": ""import_error"", ""trace"": ""Traceback (most recent call last):\n  File \""C:\\Users\\asus\\AppData\\Local\\Temp\\bench_runner_7bf7u0vj\\runner.py\"", line 9, in <module>\n    from decimal_computer.decimal_gemm import decimal_gemm_naive\n  File \""D:\\decimal_computer\\__init__.py\"", line 1, in <module>\n    from .decimal_gemm import decimal_gemm_naive\n  File \""D:\\decimal_computer\\decimal_gemm.py\"", line 16\n    \""\""\""\n       ^\nSyntaxError: (unicode error) 'utf-8' codec can't decode byte 0x97 in position 38: invalid start byte\n""}
",
4,3,karatsuba,0,0.0,,,"runner_error: Traceback (most recent call last):
  File ""C:\Users\asus\AppData\Local\Temp\bench_runner_mown8g4d\runner.py"", line 9, in <module>
    from decimal_computer.decimal_gemm import decimal_gemm_naive
  File ""D:\decimal_computer\__init__.py"", line 1, in <module>
    from .decimal_gemm import decimal_gemm_naive
  File ""D:\decimal_computer\decimal_gemm.py"", line 16
    """"""
       ^
SyntaxError: (unicode error) 'utf-8' codec can't decode byte 0x97 in position 38: invalid start byte
",3,,,"{""ok"": false, ""error"": ""import_error"", ""trace"": ""Traceback (most recent call last):\n  File \""C:\\Users\\asus\\AppData\\Local\\Temp\\bench_runner_mown8g4d\\runner.py\"", line 9, in <module>\n    from decimal_computer.decimal_gemm import decimal_gemm_naive\n  File \""D:\\decimal_computer\\__init__.py\"", line 1, in <module>\n    from .decimal_gemm import decimal_gemm_naive\n  File \""D:\\decimal_computer\\decimal_gemm.py\"", line 16\n    \""\""\""\n       ^\nSyntaxError: (unicode error) 'utf-8' codec can't decode byte 0x97 in position 38: invalid start byte\n""}
",
4,3,strassen,0,0.0,,,"runner_error: Traceback (most recent call last):
  File ""C:\Users\asus\AppData\Local\Temp\bench_runner_qb8pn7qg\runner.py"", line 9, in <module>
    from decimal_computer.decimal_gemm import decimal_gemm_naive
  File ""D:\decimal_computer\__init__.py"", line 1, in <module>
    from .decimal_gemm import decimal_gemm_naive
  File ""D:\decimal_computer\decimal_gemm.py"", line 16
    """"""
       ^
SyntaxError: (unicode error) 'utf-8' codec can't decode byte 0x97 in position 38: invalid start byte
",3,,,"{""ok"": false, ""error"": ""import_error"", ""trace"": ""Traceback (most recent call last):\n  File \""C:\\Users\\asus\\AppData\\Local\\Temp\\bench_runner_qb8pn7qg\\runner.py\"", line 9, in <module>\n    from decimal_computer.decimal_gemm import decimal_gemm_naive\n  File \""D:\\decimal_computer\\__init__.py\"", line 1, in <module>\n    from .decimal_gemm import decimal_gemm_naive\n  File \""D:\\decimal_computer\\decimal_gemm.py\"", line 16\n    \""\""\""\n       ^\nSyntaxError: (unicode error) 'utf-8' codec can't decode byte 0x97 in position 38: invalid start byte\n""}
",
4,3,schoolbook,0,0.0,,,"runner_error: Traceback (most recent call last):
  File ""C:\Users\asus\AppData\Local\Temp\bench_runner_ef6b1xgu\runner.py"", line 9, in <module>
    from decimal_computer.decimal_gemm import decimal_gemm_naive
  File ""D:\decimal_computer\__init__.py"", line 1, in <module>
    from .decimal_gemm import decimal_gemm_naive
  File ""D:\decimal_computer\decimal_gemm.py"", line 16
    """"""
       ^
SyntaxError: (unicode error) 'utf-8' codec can't decode byte 0x97 in position 38: invalid start byte
",3,,,"{""ok"": false, ""error"": ""import_error"", ""trace"": ""Traceback (most recent call last):\n  File \""C:\\Users\\asus\\AppData\\Local\\Temp\\bench_runner_ef6b1xgu\\runner.py\"", line 9, in <module>\n    from decimal_computer.decimal_gemm import decimal_gemm_naive\n  File \""D:\\decimal_computer\\__init__.py\"", line 1, in <module>\n    from .decimal_gemm import decimal_gemm_naive\n  File \""D:\\decimal_computer\\decimal_gemm.py\"", line 16\n    \""\""\""\n       ^\nSyntaxError: (unicode error) 'utf-8' codec can't decode byte 0x97 in position 38: invalid start byte\n""}
",
4,3,karatsuba,0,0.0,,,"runner_error: Traceback (most recent call last):
  File ""C:\Users\asus\AppData\Local\Temp\bench_runner_4upkhy47\runner.py"", line 9, in <module>
    from decimal_computer.decimal_gemm import decimal_gemm_naive
  File ""D:\decimal_computer\__init__.py"", line 1, in <module>
    from .decimal_gemm import decimal_gemm_naive
  File ""D:\decimal_computer\decimal_gemm.py"", line 16
    """"""
       ^
SyntaxError: (unicode error) 'utf-8' codec can't decode byte 0x97 in position 38: invalid start byte
",3,,,"{""ok"": false, ""error"": ""import_error"", ""trace"": ""Traceback (most recent call last):\n  File \""C:\\Users\\asus\\AppData\\Local\\Temp\\bench_runner_4upkhy47\\runner.py\"", line 9, in <module>\n    from decimal_computer.decimal_gemm import decimal_gemm_naive\n  File \""D:\\decimal_computer\\__init__.py\"", line 1, in <module>\n    from .decimal_gemm import decimal_gemm_naive\n  File \""D:\\decimal_computer\\decimal_gemm.py\"", line 16\n    \""\""\""\n       ^\nSyntaxError: (unicode error) 'utf-8' codec can't decode byte 0x97 in position 38: invalid start byte\n""}
",
4,3,strassen,0,0.0,,,"runner_error: Traceback (most recent call last):
  File ""C:\Users\asus\AppData\Local\Temp\bench_runner_khktfqy6\runner.py"", line 9, in <module>
    from decimal_computer.decimal_gemm import decimal_gemm_naive
  File ""D:\decimal_computer\__init__.py"", line 1, in <module>
    from .decimal_gemm import decimal_gemm_naive
  File ""D:\decimal_computer\decimal_gemm.py"", line 16
    """"""
       ^
SyntaxError: (unicode error) 'utf-8' codec can't decode byte 0x97 in position 38: invalid start byte
",3,,,"{""ok"": false, ""error"": ""import_error"", ""trace"": ""Traceback (most recent call last):\n  File \""C:\\Users\\asus\\AppData\\Local\\Temp\\bench_runner_khktfqy6\\runner.py\"", line 9, in <module>\n    from decimal_computer.decimal_gemm import decimal_gemm_naive\n  File \""D:\\decimal_computer\\__init__.py\"", line 1, in <module>\n    from .decimal_gemm import decimal_gemm_naive\n  File \""D:\\decimal_computer\\decimal_gemm.py\"", line 16\n    \""\""\""\n       ^\nSyntaxError: (unicode error) 'utf-8' codec can't decode byte 0x97 in position 38: invalid start byte\n""}
",
4,3,schoolbook,0,6.089999806135893e-05,64,64,,0,18970431,"[[657481, 764142], [852891, 1189866]]","{""ok"": true, ""elapsed"": 6.089999806135893e-05, ""muls"": 64, ""adds"": 64, ""sample"": [[657481, 764142], [852891, 1189866]], ""checksum"": 18970431}
","[decimal_gemm] SCHOOLBOOK result shape: 4x4
[decimal_gemm]   digit muls: 64 digit adds: 64 time (s): 0.000061
"
4,3,karatsuba,0,6.960000609979033e-05,64,64,,0,17686024,"[[1390007, 838976], [1484667, 691124]]","{""ok"": true, ""elapsed"": 6.960000609979033e-05, ""muls"": 64, ""adds"": 64, ""sample"": [[1390007, 838976], [1484667, 691124]], ""checksum"": 17686024}
","[decimal_gemm] KARATSUBA result shape: 4x4
[decimal_gemm]   digit muls: 64 digit adds: 64 time (s): 0.000070
"
4,3,strassen,0,6.769999163225293e-05,64,64,,0,13459719,"[[612078, 1041144], [842468, 1209658]]","{""ok"": true, ""elapsed"": 6.769999163225293e-05, ""muls"": 64, ""adds"": 64, ""sample"": [[612078, 1041144], [842468, 1209658]], ""checksum"": 13459719}
","[decimal_gemm] STRASSEN result shape: 4x4
[decimal_gemm]   digit muls: 64 digit adds: 64 time (s): 0.000068
"
8,3,schoolbook,0,0.00021499999274965376,512,512,,0,128506207,"[[2691864, 1942003], [2017080, 2002783]]","{""ok"": true, ""elapsed"": 0.00021499999274965376, ""muls"": 512, ""adds"": 512, ""sample"": [[2691864, 1942003], [2017080, 2002783]], ""checksum"": 128506207}
","[decimal_gemm] SCHOOLBOOK result shape: 8x8
[decimal_gemm]   digit muls: 512 digit adds: 512 time (s): 0.000215
"
8,3,karatsuba,0,0.00021690000721719116,512,512,,0,124353075,"[[761963, 2152593], [1990303, 2044211]]","{""ok"": true, ""elapsed"": 0.00021690000721719116, ""muls"": 512, ""adds"": 512, ""sample"": [[761963, 2152593], [1990303, 2044211]], ""checksum"": 124353075}
","[decimal_gemm] KARATSUBA result shape: 8x8
[decimal_gemm]   digit muls: 512 digit adds: 512 time (s): 0.000217
"
8,3,strassen,0,0.00022650000755675137,512,512,,0,119452197,"[[1680184, 1627794], [2926978, 2699285]]","{""ok"": true, ""elapsed"": 0.00022650000755675137, ""muls"": 512, ""adds"": 512, ""sample"": [[1680184, 1627794], [2926978, 2699285]], ""checksum"": 119452197}
","[decimal_gemm] STRASSEN result shape: 8x8
[decimal_gemm]   digit muls: 512 digit adds: 512 time (s): 0.000227
"
16,3,schoolbook,0,0.0009966000070562586,4096,4096,,0,1125288794,"[[3852189, 4546402], [3584683, 4214738]]","{""ok"": true, ""elapsed"": 0.0009966000070562586, ""muls"": 4096, ""adds"": 4096, ""sample"": [[3852189, 4546402], [3584683, 4214738]], ""checksum"": 1125288794}
","[decimal_gemm] SCHOOLBOOK result shape: 16x16
[decimal_gemm]   digit muls: 4096 digit adds: 4096 time (s): 0.000997
"
16,3,karatsuba,0,0.0010405000066384673,4096,4096,,0,983511882,"[[4294858, 4643029], [3845704, 5205707]]","{""ok"": true, ""elapsed"": 0.0010405000066384673, ""muls"": 4096, ""adds"": 4096, ""sample"": [[4294858, 4643029], [3845704, 5205707]], ""checksum"": 983511882}
","[decimal_gemm] KARATSUBA result shape: 16x16
[decimal_gemm]   digit muls: 4096 digit adds: 4096 time (s): 0.001041
"
16,3,strassen,0,0.0009392999927513301,4080,4080,,0,983756684,"[[4604737, 4150643], [3671805, 3461381]]","{""ok"": true, ""elapsed"": 0.0009392999927513301, ""muls"": 4080, ""adds"": 4080, ""sample"": [[4604737, 4150643], [3671805, 3461381]], ""checksum"": 983756684}
","[decimal_gemm] STRASSEN result shape: 16x16
[decimal_gemm]   digit muls: 4080 digit adds: 4080 time (s): 0.000939
"
32,3,schoolbook,0,0.005464500005473383,32704,32704,,0,8312423390,"[[9366749, 11546137], [7004535, 9413912]]","{""ok"": true, ""elapsed"": 0.005464500005473383, ""muls"": 32704, ""adds"": 32704, ""sample"": [[9366749, 11546137], [7004535, 9413912]], ""checksum"": 8312423390}
","[decimal_gemm] SCHOOLBOOK result shape: 32x32
[decimal_gemm]   digit muls: 32704 digit adds: 32704 time (s): 0.005465
"
32,3,karatsuba,0,0.005701399990357459,32768,32768,,0,8619943131,"[[7458359, 8006292], [10782820, 11141851]]","{""ok"": true, ""elapsed"": 0.005701399990357459, ""muls"": 32768, ""adds"": 32768, ""sample"": [[7458359, 8006292], [10782820, 11141851]], ""checksum"": 8619943131}
","[decimal_gemm] KARATSUBA result shape: 32x32
[decimal_gemm]   digit muls: 32768 digit adds: 32768 time (s): 0.005701
"
32,3,strassen,0,0.005547500011743978,32736,32736,,0,8290400049,"[[8561734, 7251874], [10261912, 9497501]]","{""ok"": true, ""elapsed"": 0.005547500011743978, ""muls"": 32736, ""adds"": 32736, ""sample"": [[8561734, 7251874], [10261912, 9497501]], ""checksum"": 8290400049}
","[decimal_gemm] STRASSEN result shape: 32x32
[decimal_gemm]   digit muls: 32736 digit adds: 32736 time (s): 0.005548
"
64,3,schoolbook,0,0.03883499999938067,261888,261888,,0,64208631239,"[[13793572, 15621711], [16802334, 15250500]]","{""ok"": true, ""elapsed"": 0.03883499999938067, ""muls"": 261888, ""adds"": 261888, ""sample"": [[13793572, 15621711], [16802334, 15250500]], ""checksum"": 64208631239}
","[decimal_gemm] SCHOOLBOOK result shape: 64x64
[decimal_gemm]   digit muls: 261888 digit adds: 261888 time (s): 0.038835
"
64,3,karatsuba,0,0.03665599999658298,261824,261824,,0,65943498061,"[[19016842, 17105113], [17374510, 16185805]]","{""ok"": true, ""elapsed"": 0.03665599999658298, ""muls"": 261824, ""adds"": 261824, ""sample"": [[19016842, 17105113], [17374510, 16185805]], ""checksum"": 65943498061}
","[decimal_gemm] KARATSUBA result shape: 64x64
[decimal_gemm]   digit muls: 261824 digit adds: 261824 time (s): 0.036656
"
64,3,strassen,0,0.03760520000651013,262016,262016,,0,66138636817,"[[17107306, 14673998], [15255025, 12197991]]","{""ok"": true, ""elapsed"": 0.03760520000651013, ""muls"": 262016, ""adds"": 262016, ""sample"": [[17107306, 14673998], [15255025, 12197991]], ""checksum"": 66138636817}
","[decimal_gemm] STRASSEN result shape: 64x64
[decimal_gemm]   digit muls: 262016 digit adds: 262016 time (s): 0.037605
"
128,3,schoolbook,0,0.2503435999969952,2094592,2094592,,0,523198678101,"[[28710624, 28425233], [34309060, 33339429]]","{""ok"": true, ""elapsed"": 0.2503435999969952, ""muls"": 2094592, ""adds"": 2094592, ""sample"": [[28710624, 28425233], [34309060, 33339429]], ""checksum"": 523198678101}
","[decimal_gemm] SCHOOLBOOK result shape: 128x128
[decimal_gemm]   digit muls: 2094592 digit adds: 2094592 time (s): 0.250344
"
128,3,karatsuba,0,0.24255530000664294,2095616,2095616,,0,522229116565,"[[32707835, 29981220], [34323802, 33331903]]","{""ok"": true, ""elapsed"": 0.24255530000664294, ""muls"": 2095616, ""adds"": 2095616, ""sample"": [[32707835, 29981220], [34323802, 33331903]], ""checksum"": 522229116565}
","[decimal_gemm] KARATSUBA result shape: 128x128
[decimal_gemm]   digit muls: 2095616 digit adds: 2095616 time (s): 0.242555
"
128,3,strassen,0,0.2743595999927493,2094720,2094720,,0,525893247451,"[[29680418, 28938124], [29387214, 30739495]]","{""ok"": true, ""elapsed"": 0.2743595999927493, ""muls"": 2094720, ""adds"": 2094720, ""sample"": [[29680418, 28938124], [29387214, 30739495]], ""checksum"": 525893247451}
","[decimal_gemm] STRASSEN result shape: 128x128
[decimal_gemm]   digit muls: 2094720 digit adds: 2094720 time (s): 0.274360
"
256,3,schoolbook,0,1.890003099993919,16760064,16760064,,0,4196280329817,"[[55698992, 62401235], [62602124, 66449373]]","{""ok"": true, ""elapsed"": 1.890003099993919, ""muls"": 16760064, ""adds"": 16760064, ""sample"": [[55698992, 62401235], [62602124, 66449373]], ""checksum"": 4196280329817}
","[decimal_gemm] SCHOOLBOOK result shape: 256x256
[decimal_gemm]   digit muls: 16760064 digit adds: 16760064 time (s): 1.890003
"
256,3,karatsuba,0,1.8514511000103084,16760576,16760576,,0,4187740640495,"[[63275202, 71755132], [61971354, 68362369]]","{""ok"": true, ""elapsed"": 1.8514511000103084, ""muls"": 16760576, ""adds"": 16760576, ""sample"": [[63275202, 71755132], [61971354, 68362369]], ""checksum"": 4187740640495}
","[decimal_gemm] KARATSUBA result shape: 256x256
[decimal_gemm]   digit muls: 16760576 digit adds: 16760576 time (s): 1.851451
"
256,3,strassen,0,1.957338099993649,16760320,16760320,,0,4186801046137,"[[59671969, 58491721], [65155990, 63896253]]","{""ok"": true, ""elapsed"": 1.957338099993649, ""muls"": 16760320, ""adds"": 16760320, ""sample"": [[59671969, 58491721], [65155990, 63896253]], ""checksum"": 4186801046137}
","[decimal_gemm] STRASSEN result shape: 256x256
[decimal_gemm]   digit muls: 16760320 digit adds: 16760320 time (s): 1.957338
"
256,20,schoolbook,0,2.823474700009683,16777216,16777216,,0,41792166711584981462670507079834976571085548596,"[[659347806737567970780414562973036604924874, 614756378538077063970473042268999187790865], [624898861876103447126419711761991433703355, 598916316203943041999844699499568331945000]]","{""ok"": true, ""elapsed"": 2.823474700009683, ""muls"": 16777216, ""adds"": 16777216, ""sample"": [[659347806737567970780414562973036604924874, 614756378538077063970473042268999187790865], [624898861876103447126419711761991433703355, 598916316203943041999844699499568331945000]], ""checksum"": 41792166711584981462670507079834976571085548596}
","[decimal_gemm] SCHOOLBOOK result shape: 256x256
[decimal_gemm]   digit muls: 16777216 digit adds: 16777216 time (s): 2.823475
"
256,20,karatsuba,0,3.1562673000007635,16777216,16777216,,0,41954138418013054424712300770501359159846596489,"[[639482751613083348075381831780945332802987, 658240648981783613490771565793288207725392], [583291681865468432397227360009181350604071, 608351729356251839491890578587924128886727]]","{""ok"": true, ""elapsed"": 3.1562673000007635, ""muls"": 16777216, ""adds"": 16777216, ""sample"": [[639482751613083348075381831780945332802987, 658240648981783613490771565793288207725392], [583291681865468432397227360009181350604071, 608351729356251839491890578587924128886727]], ""checksum"": 41954138418013054424712300770501359159846596489}
","[decimal_gemm] KARATSUBA result shape: 256x256
[decimal_gemm]   digit muls: 16777216 digit adds: 16777216 time (s): 3.156267
"
256,20,strassen,0,2.9966986999934306,16777216,16777216,,0,41989181221691774157000553832868869094113553272,"[[716066012384924475384989256299417992863457, 673062124761142910237767677211824582765432], [668878043171979532398532684826428214942047, 645004356100658354282238112497996520069125]]","{""ok"": true, ""elapsed"": 2.9966986999934306, ""muls"": 16777216, ""adds"": 16777216, ""sample"": [[716066012384924475384989256299417992863457, 673062124761142910237767677211824582765432], [668878043171979532398532684826428214942047, 645004356100658354282238112497996520069125]], ""checksum"": 41989181221691774157000553832868869094113553272}
","[decimal_gemm] STRASSEN result shape: 256x256
[decimal_gemm]   digit muls: 16777216 digit adds: 16777216 time (s): 2.996699
"
32,3,schoolbook,0,0.005179600004339591,32768,32768,,0,7940704860,"[[9011278, 6261589], [9189667, 7719333]]","{""ok"": true, ""elapsed"": 0.005179600004339591, ""muls"": 32768, ""adds"": 32768, ""sample"": [[9011278, 6261589], [9189667, 7719333]], ""checksum"": 7940704860}
","[decimal_gemm] SCHOOLBOOK result shape: 32x32
[decimal_gemm]   digit muls: 32768 digit adds: 32768 time (s): 0.005180
"
32,3,schoolbook,1,0.00539299999945797,32768,32768,,0,8104965283,"[[9142019, 7899141], [9151332, 8462517]]","{""ok"": true, ""elapsed"": 0.00539299999945797, ""muls"": 32768, ""adds"": 32768, ""sample"": [[9142019, 7899141], [9151332, 8462517]], ""checksum"": 8104965283}
","[decimal_gemm] SCHOOLBOOK result shape: 32x32
[decimal_gemm]   digit muls: 32768 digit adds: 32768 time (s): 0.005393
"
32,3,schoolbook,2,0.00529159999859985,32736,32736,,0,8326321127,"[[6308552, 7762252], [6019899, 6872483]]","{""ok"": true, ""elapsed"": 0.00529159999859985, ""muls"": 32736, ""adds"": 32736, ""sample"": [[6308552, 7762252], [6019899, 6872483]], ""checksum"": 8326321127}
","[decimal_gemm] SCHOOLBOOK result shape: 32x32
[decimal_gemm]   digit muls: 32736 digit adds: 32736 time (s): 0.005292
"
32,3,karatsuba,0,0.0054912000050535426,32768,32768,,0,8283495388,"[[6132272, 7918859], [10002490, 11760289]]","{""ok"": true, ""elapsed"": 0.0054912000050535426, ""muls"": 32768, ""adds"": 32768, ""sample"": [[6132272, 7918859], [10002490, 11760289]], ""checksum"": 8283495388}
","[decimal_gemm] KARATSUBA result shape: 32x32
[decimal_gemm]   digit muls: 32768 digit adds: 32768 time (s): 0.005491
"
32,3,karatsuba,1,0.005315600006724708,32672,32672,,0,8206316532,"[[6386423, 5727725], [6166895, 5770127]]","{""ok"": true, ""elapsed"": 0.005315600006724708, ""muls"": 32672, ""adds"": 32672, ""sample"": [[6386423, 5727725], [6166895, 5770127]], ""checksum"": 8206316532}
","[decimal_gemm] KARATSUBA result shape: 32x32
[decimal_gemm]   digit muls: 32672 digit adds: 32672 time (s): 0.005316
"
32,3,karatsuba,2,0.0053081999940332025,32704,32704,,0,7857921772,"[[8299178, 7953293], [6859067, 6435327]]","{""ok"": true, ""elapsed"": 0.0053081999940332025, ""muls"": 32704, ""adds"": 32704, ""sample"": [[8299178, 7953293], [6859067, 6435327]], ""checksum"": 7857921772}
","[decimal_gemm] KARATSUBA result shape: 32x32
[decimal_gemm]   digit muls: 32704 digit adds: 32704 time (s): 0.005308
"
32,3,strassen,0,0.005150299999513663,32768,32768,,0,7712517546,"[[6496910, 6827339], [7376136, 7438760]]","{""ok"": true, ""elapsed"": 0.005150299999513663, ""muls"": 32768, ""adds"": 32768, ""sample"": [[6496910, 6827339], [7376136, 7438760]], ""checksum"": 7712517546}
","[decimal_gemm] STRASSEN result shape: 32x32
[decimal_gemm]   digit muls: 32768 digit adds: 32768 time (s): 0.005150
"
32,3,strassen,1,0.005251599999610335,32704,32704,,0,7616883320,"[[9386695, 8121366], [8700998, 8540583]]","{""ok"": true, ""elapsed"": 0.005251599999610335, ""muls"": 32704, ""adds"": 32704, ""sample"": [[9386695, 8121366], [8700998, 8540583]], ""checksum"": 7616883320}
","[decimal_gemm] STRASSEN result shape: 32x32
[decimal_gemm]   digit muls: 32704 digit adds: 32704 time (s): 0.005252
"
32,3,strassen,2,0.005251800001133233,32736,32736,,0,8040631177,"[[8454786, 8879875], [8453101, 9906035]]","{""ok"": true, ""elapsed"": 0.005251800001133233, ""muls"": 32736, ""adds"": 32736, ""sample"": [[8454786, 8879875], [8453101, 9906035]], ""checksum"": 8040631177}
","[decimal_gemm] STRASSEN result shape: 32x32
[decimal_gemm]   digit muls: 32736 digit adds: 32736 time (s): 0.005252
"
64,3,schoolbook,0,0.03440289999707602,261952,261952,,0,65354564005,"[[13233113, 9936281], [16817249, 13721474]]","{""ok"": true, ""elapsed"": 0.03440289999707602, ""muls"": 261952, ""adds"": 261952, ""sample"": [[13233113, 9936281], [16817249, 13721474]], ""checksum"": 65354564005}
","[decimal_gemm] SCHOOLBOOK result shape: 64x64
[decimal_gemm]   digit muls: 261952 digit adds: 261952 time (s): 0.034403
"
64,3,schoolbook,1,0.03502690000459552,261888,261888,,0,66136502950,"[[14424752, 15733231], [16187346, 16335950]]","{""ok"": true, ""elapsed"": 0.03502690000459552, ""muls"": 261888, ""adds"": 261888, ""sample"": [[14424752, 15733231], [16187346, 16335950]], ""checksum"": 66136502950}
","[decimal_gemm] SCHOOLBOOK result shape: 64x64
[decimal_gemm]   digit muls: 261888 digit adds: 261888 time (s): 0.035027
"
64,3,schoolbook,2,0.03569710000010673,262016,262016,,0,66132237231,"[[15561819, 15960071], [15087505, 13597853]]","{""ok"": true, ""elapsed"": 0.03569710000010673, ""muls"": 262016, ""adds"": 262016, ""sample"": [[15561819, 15960071], [15087505, 13597853]], ""checksum"": 66132237231}
","[decimal_gemm] SCHOOLBOOK result shape: 64x64
[decimal_gemm]   digit muls: 262016 digit adds: 262016 time (s): 0.035697
"
64,3,karatsuba,0,0.03479190000507515,261888,261888,,0,65500664864,"[[18598025, 19925973], [15579144, 17779401]]","{""ok"": true, ""elapsed"": 0.03479190000507515, ""muls"": 261888, ""adds"": 261888, ""sample"": [[18598025, 19925973], [15579144, 17779401]], ""checksum"": 65500664864}
","[decimal_gemm] KARATSUBA result shape: 64x64
[decimal_gemm]   digit muls: 261888 digit adds: 261888 time (s): 0.034792
"
64,3,karatsuba,1,0.033786700005293824,262016,262016,,0,65175099247,"[[15969250, 14458175], [17438170, 16795471]]","{""ok"": true, ""elapsed"": 0.033786700005293824, ""muls"": 262016, ""adds"": 262016, ""sample"": [[15969250, 14458175], [17438170, 16795471]], ""checksum"": 65175099247}
","[decimal_gemm] KARATSUBA result shape: 64x64
[decimal_gemm]   digit muls: 262016 digit adds: 262016 time (s): 0.033787
"
64,3,karatsuba,2,0.03450249999877997,262080,262080,,0,64774719756,"[[18236557, 18532812], [15279028, 16653662]]","{""ok"": true, ""elapsed"": 0.03450249999877997, ""muls"": 262080, ""adds"": 262080, ""sample"": [[18236557, 18532812], [15279028, 16653662]], ""checksum"": 64774719756}
","[decimal_gemm] KARATSUBA result shape: 64x64
[decimal_gemm]   digit muls: 262080 digit adds: 262080 time (s): 0.034502
"
64,3,strassen,0,0.03393879999930505,261824,261824,,0,63276930858,"[[16420259, 16832931], [16378540, 16651366]]","{""ok"": true, ""elapsed"": 0.03393879999930505, ""muls"": 261824, ""adds"": 261824, ""sample"": [[16420259, 16832931], [16378540, 16651366]], ""checksum"": 63276930858}
","[decimal_gemm] STRASSEN result shape: 64x64
[decimal_gemm]   digit muls: 261824 digit adds: 261824 time (s): 0.033939
"
64,3,strassen,1,0.034359200013568625,261632,261632,,0,65810598052,"[[17517036, 14623891], [16298745, 15501655]]","{""ok"": true, ""elapsed"": 0.034359200013568625, ""muls"": 261632, ""adds"": 261632, ""sample"": [[17517036, 14623891], [16298745, 15501655]], ""checksum"": 65810598052}
","[decimal_gemm] STRASSEN result shape: 64x64
[decimal_gemm]   digit muls: 261632 digit adds: 261632 time (s): 0.034359
"
64,3,strassen,2,0.04152689999318682,261952,261952,,0,65889291348,"[[14491373, 12656055], [17180582, 14005999]]","{""ok"": true, ""elapsed"": 0.04152689999318682, ""muls"": 261952, ""adds"": 261952, ""sample"": [[14491373, 12656055], [17180582, 14005999]], ""checksum"": 65889291348}
","[decimal_gemm] STRASSEN result shape: 64x64
[decimal_gemm]   digit muls: 261952 digit adds: 261952 time (s): 0.041527
"
128,3,schoolbook,0,0.2422565000015311,2094976,2094976,,0,523137693858,"[[30054533, 29913441], [30763560, 29322281]]","{""ok"": true, ""elapsed"": 0.2422565000015311, ""muls"": 2094976, ""adds"": 2094976, ""sample"": [[30054533, 29913441], [30763560, 29322281]], ""checksum"": 523137693858}
","[decimal_gemm] SCHOOLBOOK result shape: 128x128
[decimal_gemm]   digit muls: 2094976 digit adds: 2094976 time (s): 0.242257
"
128,3,schoolbook,1,0.2455130000016652,2095616,2095616,,0,521390696486,"[[29700254, 31355697], [27713223, 29286047]]","{""ok"": true, ""elapsed"": 0.2455130000016652, ""muls"": 2095616, ""adds"": 2095616, ""sample"": [[29700254, 31355697], [27713223, 29286047]], ""checksum"": 521390696486}
","[decimal_gemm] SCHOOLBOOK result shape: 128x128
[decimal_gemm]   digit muls: 2095616 digit adds: 2095616 time (s): 0.245513
"
128,3,schoolbook,2,0.25533359999826644,2094464,2094464,,0,521883356828,"[[32951491, 30877305], [32342570, 31405718]]","{""ok"": true, ""elapsed"": 0.25533359999826644, ""muls"": 2094464, ""adds"": 2094464, ""sample"": [[32951491, 30877305], [32342570, 31405718]], ""checksum"": 521883356828}
","[decimal_gemm] SCHOOLBOOK result shape: 128x128
[decimal_gemm]   digit muls: 2094464 digit adds: 2094464 time (s): 0.255334
"
128,3,karatsuba,0,0.24111850000917912,2094848,2094848,,0,522226784881,"[[34596987, 31099395], [36861844, 32415819]]","{""ok"": true, ""elapsed"": 0.24111850000917912, ""muls"": 2094848, ""adds"": 2094848, ""sample"": [[34596987, 31099395], [36861844, 32415819]], ""checksum"": 522226784881}
","[decimal_gemm] KARATSUBA result shape: 128x128
[decimal_gemm]   digit muls: 2094848 digit adds: 2094848 time (s): 0.241119
"
128,3,karatsuba,1,0.24785070000507403,2095104,2095104,,0,521421297719,"[[28198551, 35013427], [29708117, 34561712]]","{""ok"": true, ""elapsed"": 0.24785070000507403, ""muls"": 2095104, ""adds"": 2095104, ""sample"": [[28198551, 35013427], [29708117, 34561712]], ""checksum"": 521421297719}
","[decimal_gemm] KARATSUBA result shape: 128x128
[decimal_gemm]   digit muls: 2095104 digit adds: 2095104 time (s): 0.247851
"
128,3,karatsuba,2,0.2661426999984542,2094080,2094080,,0,516069284321,"[[34358095, 31505523], [33272692, 32613063]]","{""ok"": true, ""elapsed"": 0.2661426999984542, ""muls"": 2094080, ""adds"": 2094080, ""sample"": [[34358095, 31505523], [33272692, 32613063]], ""checksum"": 516069284321}
","[decimal_gemm] KARATSUBA result shape: 128x128
[decimal_gemm]   digit muls: 2094080 digit adds: 2094080 time (s): 0.266143
"
128,3,strassen,0,0.2762646999908611,2095616,2095616,,0,526850050873,"[[33187261, 30106305], [34706062, 31723770]]","{""ok"": true, ""elapsed"": 0.2762646999908611, ""muls"": 2095616, ""adds"": 2095616, ""sample"": [[33187261, 30106305], [34706062, 31723770]], ""checksum"": 526850050873}
","[decimal_gemm] STRASSEN result shape: 128x128
[decimal_gemm]   digit muls: 2095616 digit adds: 2095616 time (s): 0.276265
"
128,3,strassen,1,0.26400619999913033,2095744,2095744,,0,526669623351,"[[28664893, 32418047], [28352247, 31269488]]","{""ok"": true, ""elapsed"": 0.26400619999913033, ""muls"": 2095744, ""adds"": 2095744, ""sample"": [[28664893, 32418047], [28352247, 31269488]], ""checksum"": 526669623351}
","[decimal_gemm] STRASSEN result shape: 128x128
[decimal_gemm]   digit muls: 2095744 digit adds: 2095744 time (s): 0.264006
"
128,3,strassen,2,0.26813109999056906,2095232,2095232,,0,523779535978,"[[32574105, 31408986], [31743511, 28544434]]","{""ok"": true, ""elapsed"": 0.26813109999056906, ""muls"": 2095232, ""adds"": 2095232, ""sample"": [[32574105, 31408986], [31743511, 28544434]], ""checksum"": 523779535978}
","[decimal_gemm] STRASSEN result shape: 128x128
[decimal_gemm]   digit muls: 2095232 digit adds: 2095232 time (s): 0.268131
"
256,3,schoolbook,0,1.922879500009003,16759808,16759808,,0,4182719206671,"[[61363211, 67538266], [65390479, 65646790]]","{""ok"": true, ""elapsed"": 1.922879500009003, ""muls"": 16759808, ""adds"": 16759808, ""sample"": [[61363211, 67538266], [65390479, 65646790]], ""checksum"": 4182719206671}
","[decimal_gemm] SCHOOLBOOK result shape: 256x256
[decimal_gemm]   digit muls: 16759808 digit adds: 16759808 time (s): 1.922880
"
256,3,schoolbook,1,1.8744828999915626,16761344,16761344,,0,4173491659557,"[[60005456, 64684097], [65776859, 66883773]]","{""ok"": true, ""elapsed"": 1.8744828999915626, ""muls"": 16761344, ""adds"": 16761344, ""sample"": [[60005456, 64684097], [65776859, 66883773]], ""checksum"": 4173491659557}
","[decimal_gemm] SCHOOLBOOK result shape: 256x256
[decimal_gemm]   digit muls: 16761344 digit adds: 16761344 time (s): 1.874483
"
256,3,schoolbook,2,2.0506317999970634,16759808,16759808,,0,4171290828976,"[[66294080, 67774668], [60062539, 60983320]]","{""ok"": true, ""elapsed"": 2.0506317999970634, ""muls"": 16759808, ""adds"": 16759808, ""sample"": [[66294080, 67774668], [60062539, 60983320]], ""checksum"": 4171290828976}
","[decimal_gemm] SCHOOLBOOK result shape: 256x256
[decimal_gemm]   digit muls: 16759808 digit adds: 16759808 time (s): 2.050632
"
256,3,karatsuba,0,1.9968241000024136,16756480,16756480,,0,4194258420095,"[[68050465, 65763297], [68862687, 65847857]]","{""ok"": true, ""elapsed"": 1.9968241000024136, ""muls"": 16756480, ""adds"": 16756480, ""sample"": [[68050465, 65763297], [68862687, 65847857]], ""checksum"": 4194258420095}
","[decimal_gemm] KARATSUBA result shape: 256x256
[decimal_gemm]   digit muls: 16756480 digit adds: 16756480 time (s): 1.996824
"
256,3,karatsuba,1,1.8125285999994958,16761600,16761600,,0,4196218934613,"[[65719342, 60120546], [62102568, 58622840]]","{""ok"": true, ""elapsed"": 1.8125285999994958, ""muls"": 16761600, ""adds"": 16761600, ""sample"": [[65719342, 60120546], [62102568, 58622840]], ""checksum"": 4196218934613}
","[decimal_gemm] KARATSUBA result shape: 256x256
[decimal_gemm]   digit muls: 16761600 digit adds: 16761600 time (s): 1.812529
"
256,3,karatsuba,2,1.8680200999951921,16759808,16759808,,0,4188558848109,"[[69361646, 63740195], [63987678, 62463773]]","{""ok"": true, ""elapsed"": 1.8680200999951921, ""muls"": 16759808, ""adds"": 16759808, ""sample"": [[69361646, 63740195], [63987678, 62463773]], ""checksum"": 4188558848109}
","[decimal_gemm] KARATSUBA result shape: 256x256
[decimal_gemm]   digit muls: 16759808 digit adds: 16759808 time (s): 1.868020
"
256,3,strassen,0,1.9820219000102952,16759040,16759040,,0,4210458323465,"[[71541671, 66330982], [69268252, 64659592]]","{""ok"": true, ""elapsed"": 1.9820219000102952, ""muls"": 16759040, ""adds"": 16759040, ""sample"": [[71541671, 66330982], [69268252, 64659592]], ""checksum"": 4210458323465}
","[decimal_gemm] STRASSEN result shape: 256x256
[decimal_gemm]   digit muls: 16759040 digit adds: 16759040 time (s): 1.982022
"
256,3,strassen,1,1.9503328999999212,16763136,16763136,,0,4195458714118,"[[66900459, 69833439], [58569867, 61909641]]","{""ok"": true, ""elapsed"": 1.9503328999999212, ""muls"": 16763136, ""adds"": 16763136, ""sample"": [[66900459, 69833439], [58569867, 61909641]], ""checksum"": 4195458714118}
","[decimal_gemm] STRASSEN result shape: 256x256
[decimal_gemm]   digit muls: 16763136 digit adds: 16763136 time (s): 1.950333
"
256,3,strassen,2,1.8153354999958538,16759808,16759808,,0,4189277045086,"[[65372635, 68996290], [67082029, 67997464]]","{""ok"": true, ""elapsed"": 1.8153354999958538, ""muls"": 16759808, ""adds"": 16759808, ""sample"": [[65372635, 68996290], [67082029, 67997464]], ""checksum"": 4189277045086}
","[decimal_gemm] STRASSEN result shape: 256x256
[decimal_gemm]   digit muls: 16759808 digit adds: 16759808 time (s): 1.815335
"
64,3,schoolbook,0,0.033791200010455213,261952,261952,,0,67094151219,"[[13477460, 14267103], [19397852, 19282353]]","{""ok"": true, ""elapsed"": 0.033791200010455213, ""muls"": 261952, ""adds"": 261952, ""sample"": [[13477460, 14267103], [19397852, 19282353]], ""checksum"": 67094151219}
","[decimal_gemm] SCHOOLBOOK result shape: 64x64
[decimal_gemm]   digit muls: 261952 digit adds: 261952 time (s): 0.033791
"
64,3,schoolbook,1,0.037072899998747744,261504,261504,,0,65697877134,"[[16603918, 18452279], [17446493, 18771185]]","{""ok"": true, ""elapsed"": 0.037072899998747744, ""muls"": 261504, ""adds"": 261504, ""sample"": [[16603918, 18452279], [17446493, 18771185]], ""checksum"": 65697877134}
","[decimal_gemm] SCHOOLBOOK result shape: 64x64
[decimal_gemm]   digit muls: 261504 digit adds: 261504 time (s): 0.037073
"
64,3,schoolbook,2,0.033821099990746006,261888,261888,,0,66551192061,"[[14171892, 17187398], [12112043, 14247994]]","{""ok"": true, ""elapsed"": 0.033821099990746006, ""muls"": 261888, ""adds"": 261888, ""sample"": [[14171892, 17187398], [12112043, 14247994]], ""checksum"": 66551192061}
","[decimal_gemm] SCHOOLBOOK result shape: 64x64
[decimal_gemm]   digit muls: 261888 digit adds: 261888 time (s): 0.033821
"
64,3,karatsuba,0,0.037132500001462176,261760,261760,,0,64588408780,"[[16207214, 16122247], [18164285, 17771526]]","{""ok"": true, ""elapsed"": 0.037132500001462176, ""muls"": 261760, ""adds"": 261760, ""sample"": [[16207214, 16122247], [18164285, 17771526]], ""checksum"": 64588408780}
","[decimal_gemm] KARATSUBA result shape: 64x64
[decimal_gemm]   digit muls: 261760 digit adds: 261760 time (s): 0.037133
"
64,3,karatsuba,1,0.03493720000551548,262016,262016,,0,64555303029,"[[15683609, 17335835], [12110144, 13554100]]","{""ok"": true, ""elapsed"": 0.03493720000551548, ""muls"": 262016, ""adds"": 262016, ""sample"": [[15683609, 17335835], [12110144, 13554100]], ""checksum"": 64555303029}
","[decimal_gemm] KARATSUBA result shape: 64x64
[decimal_gemm]   digit muls: 262016 digit adds: 262016 time (s): 0.034937
"
64,3,karatsuba,2,0.035194700001738966,261696,261696,,0,65690978957,"[[15099403, 16567118], [16144890, 17502654]]","{""ok"": true, ""elapsed"": 0.035194700001738966, ""muls"": 261696, ""adds"": 261696, ""sample"": [[15099403, 16567118], [16144890, 17502654]], ""checksum"": 65690978957}
","[decimal_gemm] KARATSUBA result shape: 64x64
[decimal_gemm]   digit muls: 261696 digit adds: 261696 time (s): 0.035195
"
64,3,strassen,0,0.03435909999825526,261952,261952,,0,64949465119,"[[16695647, 14149514], [14777765, 14604226]]","{""ok"": true, ""elapsed"": 0.03435909999825526, ""muls"": 261952, ""adds"": 261952, ""sample"": [[16695647, 14149514], [14777765, 14604226]], ""checksum"": 64949465119}
","[decimal_gemm] STRASSEN result shape: 64x64
[decimal_gemm]   digit muls: 261952 digit adds: 261952 time (s): 0.034359
"
64,3,strassen,1,0.03706260000762995,262016,262016,,0,66265877548,"[[13257665, 15979345], [15176887, 15662406]]","{""ok"": true, ""elapsed"": 0.03706260000762995, ""muls"": 262016, ""adds"": 262016, ""sample"": [[13257665, 15979345], [15176887, 15662406]], ""checksum"": 66265877548}
","[decimal_gemm] STRASSEN result shape: 64x64
[decimal_gemm]   digit muls: 262016 digit adds: 262016 time (s): 0.037063
"
64,3,strassen,2,0.03421459998935461,261888,261888,,0,67460203458,"[[14867429, 18711864], [13431860, 15546002]]","{""ok"": true, ""elapsed"": 0.03421459998935461, ""muls"": 261888, ""adds"": 261888, ""sample"": [[14867429, 18711864], [13431860, 15546002]], ""checksum"": 67460203458}
","[decimal_gemm] STRASSEN result shape: 64x64
[decimal_gemm]   digit muls: 261888 digit adds: 261888 time (s): 0.034215
"
64,8,schoolbook,0,0.038990700006252155,262144,262144,,0,660128602559857599680,"[[149822406733826219, 141377319159492560], [146056325645767146, 141764132303554029]]","{""ok"": true, ""elapsed"": 0.038990700006252155, ""muls"": 262144, ""adds"": 262144, ""sample"": [[149822406733826219, 141377319159492560], [146056325645767146, 141764132303554029]], ""checksum"": 660128602559857599680}
","[decimal_gemm] SCHOOLBOOK result shape: 64x64
[decimal_gemm]   digit muls: 262144 digit adds: 262144 time (s): 0.038991
"
64,8,schoolbook,1,0.039063799995346926,262144,262144,,0,642822184344280328498,"[[129114678620426669, 127023999835754040], [139045718222042662, 140506174046387638]]","{""ok"": true, ""elapsed"": 0.039063799995346926, ""muls"": 262144, ""adds"": 262144, ""sample"": [[129114678620426669, 127023999835754040], [139045718222042662, 140506174046387638]], ""checksum"": 642822184344280328498}
","[decimal_gemm] SCHOOLBOOK result shape: 64x64
[decimal_gemm]   digit muls: 262144 digit adds: 262144 time (s): 0.039064
"
64,8,schoolbook,2,0.043282900005578995,262144,262144,,0,657298277218562504746,"[[180321710623283865, 169244778269782673], [200201550817766229, 183508842364095599]]","{""ok"": true, ""elapsed"": 0.043282900005578995, ""muls"": 262144, ""adds"": 262144, ""sample"": [[180321710623283865, 169244778269782673], [200201550817766229, 183508842364095599]], ""checksum"": 657298277218562504746}
","[decimal_gemm] SCHOOLBOOK result shape: 64x64
[decimal_gemm]   digit muls: 262144 digit adds: 262144 time (s): 0.043283
"
64,8,karatsuba,0,0.040445000006002374,262144,262144,,0,654845609237552858201,"[[133325778804869341, 179317899363748666], [123147476263059101, 141030119638203677]]","{""ok"": true, ""elapsed"": 0.040445000006002374, ""muls"": 262144, ""adds"": 262144, ""sample"": [[133325778804869341, 179317899363748666], [123147476263059101, 141030119638203677]], ""checksum"": 654845609237552858201}
","[decimal_gemm] KARATSUBA result shape: 64x64
[decimal_gemm]   digit muls: 262144 digit adds: 262144 time (s): 0.040445
"
64,8,karatsuba,1,0.0414050999970641,262144,262144,,0,638193841902832459532,"[[136244338769073968, 156290634782641866], [163508477457428837, 171443867151852699]]","{""ok"": true, ""elapsed"": 0.0414050999970641, ""muls"": 262144, ""adds"": 262144, ""sample"": [[136244338769073968, 156290634782641866], [163508477457428837, 171443867151852699]], ""checksum"": 638193841902832459532}
","[decimal_gemm] KARATSUBA result shape: 64x64
[decimal_gemm]   digit muls: 262144 digit adds: 262144 time (s): 0.041405
"
64,8,karatsuba,2,0.04140149999875575,262144,262144,,0,639637220855574382094,"[[159001035381880809, 141351289039625115], [162087941425131891, 146858990060991230]]","{""ok"": true, ""elapsed"": 0.04140149999875575, ""muls"": 262144, ""adds"": 262144, ""sample"": [[159001035381880809, 141351289039625115], [162087941425131891, 146858990060991230]], ""checksum"": 639637220855574382094}
","[decimal_gemm] KARATSUBA result shape: 64x64
[decimal_gemm]   digit muls: 262144 digit adds: 262144 time (s): 0.041401
"
64,8,strassen,0,0.04011340001306962,262144,262144,,0,659925290622802557572,"[[156572223391849150, 147716268606132748], [159512221501033419, 140747379794593027]]","{""ok"": true, ""elapsed"": 0.04011340001306962, ""muls"": 262144, ""adds"": 262144, ""sample"": [[156572223391849150, 147716268606132748], [159512221501033419, 140747379794593027]], ""checksum"": 659925290622802557572}
","[decimal_gemm] STRASSEN result shape: 64x64
[decimal_gemm]   digit muls: 262144 digit adds: 262144 time (s): 0.040113
"
64,8,strassen,1,0.04216230000020005,262144,262144,,0,655213128619231965909,"[[131177185138589946, 172059796657228687], [148116360936161850, 174719613975915281]]","{""ok"": true, ""elapsed"": 0.04216230000020005, ""muls"": 262144, ""adds"": 262144, ""sample"": [[131177185138589946, 172059796657228687], [148116360936161850, 174719613975915281]], ""checksum"": 655213128619231965909}
","[decimal_gemm] STRASSEN result shape: 64x64
[decimal_gemm]   digit muls: 262144 digit adds: 262144 time (s): 0.042162
"
64,8,strassen,2,0.05229289999988396,262144,262144,,0,669795370946929250795,"[[161582412127175315, 161910362471055919], [193871943099831422, 187355189438408505]]","{""ok"": true, ""elapsed"": 0.05229289999988396, ""muls"": 262144, ""adds"": 262144, ""sample"": [[161582412127175315, 161910362471055919], [193871943099831422, 187355189438408505]], ""checksum"": 669795370946929250795}
","[decimal_gemm] STRASSEN result shape: 64x64
[decimal_gemm]   digit muls: 262144 digit adds: 262144 time (s): 0.052293
"
64,16,schoolbook,0,0.055448899991461076,262144,262144,,0,6441263093508261908309782329393403445,"[[2009392508655227948870185932929694, 1626298569887496016761192018359044], [1618369329904891707323578108971154, 1399031825705575495589423622629576]]","{""ok"": true, ""elapsed"": 0.055448899991461076, ""muls"": 262144, ""adds"": 262144, ""sample"": [[2009392508655227948870185932929694, 1626298569887496016761192018359044], [1618369329904891707323578108971154, 1399031825705575495589423622629576]], ""checksum"": 6441263093508261908309782329393403445}
","[decimal_gemm] SCHOOLBOOK result shape: 64x64
[decimal_gemm]   digit muls: 262144 digit adds: 262144 time (s): 0.055449
"
64,16,schoolbook,1,0.05598420000751503,262144,262144,,0,6597654532209210105210672474897821341,"[[1669703993750683450248354956347668, 1729409712216522096099147728185947], [1506559603068093924286036787447594, 1615825089753682390998539704324528]]","{""ok"": true, ""elapsed"": 0.05598420000751503, ""muls"": 262144, ""adds"": 262144, ""sample"": [[1669703993750683450248354956347668, 1729409712216522096099147728185947], [1506559603068093924286036787447594, 1615825089753682390998539704324528]], ""checksum"": 6597654532209210105210672474897821341}
","[decimal_gemm] SCHOOLBOOK result shape: 64x64
[decimal_gemm]   digit muls: 262144 digit adds: 262144 time (s): 0.055984
"
64,16,schoolbook,2,0.05552380000881385,262144,262144,,0,6464820399446944244811394711356425915,"[[1620563666090496835929631456898465, 1292702940621730154368128650037532], [1692450825093401753769030704531863, 1257263140528771956618250084803325]]","{""ok"": true, ""elapsed"": 0.05552380000881385, ""muls"": 262144, ""adds"": 262144, ""sample"": [[1620563666090496835929631456898465, 1292702940621730154368128650037532], [1692450825093401753769030704531863, 1257263140528771956618250084803325]], ""checksum"": 6464820399446944244811394711356425915}
","[decimal_gemm] SCHOOLBOOK result shape: 64x64
[decimal_gemm]   digit muls: 262144 digit adds: 262144 time (s): 0.055524
"
64,16,karatsuba,0,0.05800650001037866,262144,262144,,0,6293678057458980461643122724286700461,"[[1487556662925233536795861211246493, 1548065174440890763876428014939794], [1701668813002554905387592073975684, 1797577177990289923940189565267156]]","{""ok"": true, ""elapsed"": 0.05800650001037866, ""muls"": 262144, ""adds"": 262144, ""sample"": [[1487556662925233536795861211246493, 1548065174440890763876428014939794], [1701668813002554905387592073975684, 1797577177990289923940189565267156]], ""checksum"": 6293678057458980461643122724286700461}
","[decimal_gemm] KARATSUBA result shape: 64x64
[decimal_gemm]   digit muls: 262144 digit adds: 262144 time (s): 0.058007
"
64,16,karatsuba,1,0.05508600000757724,262144,262144,,0,6587916696881941226044461687539116199,"[[1452895649822030834323151498438458, 1403602804873923916214333426924864], [1591228580641234696220989846109851, 1602017669793453354696332814754286]]","{""ok"": true, ""elapsed"": 0.05508600000757724, ""muls"": 262144, ""adds"": 262144, ""sample"": [[1452895649822030834323151498438458, 1403602804873923916214333426924864], [1591228580641234696220989846109851, 1602017669793453354696332814754286]], ""checksum"": 6587916696881941226044461687539116199}
","[decimal_gemm] KARATSUBA result shape: 64x64
[decimal_gemm]   digit muls: 262144 digit adds: 262144 time (s): 0.055086
"
64,16,karatsuba,2,0.05680959999153856,262144,262144,,0,6653340685571953748797213454708242627,"[[1595310033804110041861873824564497, 1525405074856212564026694857989782], [1874875557417955650381417955184860, 1688874946585561033986167375012202]]","{""ok"": true, ""elapsed"": 0.05680959999153856, ""muls"": 262144, ""adds"": 262144, ""sample"": [[1595310033804110041861873824564497, 1525405074856212564026694857989782], [1874875557417955650381417955184860, 1688874946585561033986167375012202]], ""checksum"": 6653340685571953748797213454708242627}
","[decimal_gemm] KARATSUBA result shape: 64x64
[decimal_gemm]   digit muls: 262144 digit adds: 262144 time (s): 0.056810
"
64,16,strassen,0,0.06297069998981897,262144,262144,,0,6610740772492752220504372570197621600,"[[1465334974027241350711358030232777, 1405996874250117236220873230509647], [1944299976740656052924250790323477, 1729661591770460832043024120839122]]","{""ok"": true, ""elapsed"": 0.06297069998981897, ""muls"": 262144, ""adds"": 262144, ""sample"": [[1465334974027241350711358030232777, 1405996874250117236220873230509647], [1944299976740656052924250790323477, 1729661591770460832043024120839122]], ""checksum"": 6610740772492752220504372570197621600}
","[decimal_gemm] STRASSEN result shape: 64x64
[decimal_gemm]   digit muls: 262144 digit adds: 262144 time (s): 0.062971
"
64,16,strassen,1,0.060094000000390224,262144,262144,,0,6438753219270369789025404545054768183,"[[1454144462427194715060507769427356, 1583652654791291464913542312104873], [1347499070970131353163918677480603, 1353410989926063036082131372895167]]","{""ok"": true, ""elapsed"": 0.060094000000390224, ""muls"": 262144, ""adds"": 262144, ""sample"": [[1454144462427194715060507769427356, 1583652654791291464913542312104873], [1347499070970131353163918677480603, 1353410989926063036082131372895167]], ""checksum"": 6438753219270369789025404545054768183}
","[decimal_gemm] STRASSEN result shape: 64x64
[decimal_gemm]   digit muls: 262144 digit adds: 262144 time (s): 0.060094
"
64,16,strassen,2,0.05819189999601804,262144,262144,,0,6547876991155255895031375899012324364,"[[1294640776551456794091550524172618, 1484688499538196277631239547243511], [1483317793593470714208141451653457, 1557827901871108176358635988603173]]","{""ok"": true, ""elapsed"": 0.05819189999601804, ""muls"": 262144, ""adds"": 262144, ""sample"": [[1294640776551456794091550524172618, 1484688499538196277631239547243511], [1483317793593470714208141451653457, 1557827901871108176358635988603173]], ""checksum"": 6547876991155255895031375899012324364}
","[decimal_gemm] STRASSEN result shape: 64x64
[decimal_gemm]   digit muls: 262144 digit adds: 262144 time (s): 0.058192
"
128,3,schoolbook,0,0.2708789999887813,2095872,2095872,,0,523728764493,"[[32892579, 34282414], [32194030, 33485534]]","{""ok"": true, ""elapsed"": 0.2708789999887813, ""muls"": 2095872, ""adds"": 2095872, ""sample"": [[32892579, 34282414], [32194030, 33485534]], ""checksum"": 523728764493}
","[decimal_gemm] SCHOOLBOOK result shape: 128x128
[decimal_gemm]   digit muls: 2095872 digit adds: 2095872 time (s): 0.270879
"
128,3,schoolbook,1,0.2431382999930065,2094592,2094592,,0,519353193622,"[[32478151, 33708682], [33272441, 34936895]]","{""ok"": true, ""elapsed"": 0.2431382999930065, ""muls"": 2094592, ""adds"": 2094592, ""sample"": [[32478151, 33708682], [33272441, 34936895]], ""checksum"": 519353193622}
","[decimal_gemm] SCHOOLBOOK result shape: 128x128
[decimal_gemm]   digit muls: 2094592 digit adds: 2094592 time (s): 0.243138
"
128,3,schoolbook,2,0.24760339999920689,2094848,2094848,,0,522872130315,"[[30890495, 31284488], [34068740, 33792608]]","{""ok"": true, ""elapsed"": 0.24760339999920689, ""muls"": 2094848, ""adds"": 2094848, ""sample"": [[30890495, 31284488], [34068740, 33792608]], ""checksum"": 522872130315}
","[decimal_gemm] SCHOOLBOOK result shape: 128x128
[decimal_gemm]   digit muls: 2094848 digit adds: 2094848 time (s): 0.247603
"
128,3,karatsuba,0,0.2529846999968868,2093824,2093824,,0,523649142990,"[[32458956, 35629895], [28918836, 30979674]]","{""ok"": true, ""elapsed"": 0.2529846999968868, ""muls"": 2093824, ""adds"": 2093824, ""sample"": [[32458956, 35629895], [28918836, 30979674]], ""checksum"": 523649142990}
","[decimal_gemm] KARATSUBA result shape: 128x128
[decimal_gemm]   digit muls: 2093824 digit adds: 2093824 time (s): 0.252985
"
128,3,karatsuba,1,0.2711302999960026,2095360,2095360,,0,525378060085,"[[31383494, 35196360], [35149886, 36793418]]","{""ok"": true, ""elapsed"": 0.2711302999960026, ""muls"": 2095360, ""adds"": 2095360, ""sample"": [[31383494, 35196360], [35149886, 36793418]], ""checksum"": 525378060085}
","[decimal_gemm] KARATSUBA result shape: 128x128
[decimal_gemm]   digit muls: 2095360 digit adds: 2095360 time (s): 0.271130
"
128,3,karatsuba,2,0.2596916000038618,2095488,2095488,,0,528983753960,"[[31666936, 31961737], [28452002, 28864917]]","{""ok"": true, ""elapsed"": 0.2596916000038618, ""muls"": 2095488, ""adds"": 2095488, ""sample"": [[31666936, 31961737], [28452002, 28864917]], ""checksum"": 528983753960}
","[decimal_gemm] KARATSUBA result shape: 128x128
[decimal_gemm]   digit muls: 2095488 digit adds: 2095488 time (s): 0.259692
"
128,3,strassen,0,0.25755179999396205,2095744,2095744,,0,519757725437,"[[31675329, 34583720], [30397277, 31883860]]","{""ok"": true, ""elapsed"": 0.25755179999396205, ""muls"": 2095744, ""adds"": 2095744, ""sample"": [[31675329, 34583720], [30397277, 31883860]], ""checksum"": 519757725437}
","[decimal_gemm] STRASSEN result shape: 128x128
[decimal_gemm]   digit muls: 2095744 digit adds: 2095744 time (s): 0.257552
"
128,3,strassen,1,0.2702936999994563,2094848,2094848,,0,516922893097,"[[27383997, 31574912], [25690805, 29937530]]","{""ok"": true, ""elapsed"": 0.2702936999994563, ""muls"": 2094848, ""adds"": 2094848, ""sample"": [[27383997, 31574912], [25690805, 29937530]], ""checksum"": 516922893097}
","[decimal_gemm] STRASSEN result shape: 128x128
[decimal_gemm]   digit muls: 2094848 digit adds: 2094848 time (s): 0.270294
"
128,3,strassen,2,0.2667714999988675,2095488,2095488,,0,523268095727,"[[33364131, 30561778], [28349943, 26431432]]","{""ok"": true, ""elapsed"": 0.2667714999988675, ""muls"": 2095488, ""adds"": 2095488, ""sample"": [[33364131, 30561778], [28349943, 26431432]], ""checksum"": 523268095727}
","[decimal_gemm] STRASSEN result shape: 128x128
[decimal_gemm]   digit muls: 2095488 digit adds: 2095488 time (s): 0.266771
"
128,8,schoolbook,0,0.27724809999926947,2097152,2097152,,0,5232141622098400198650,"[[326624683807908442, 335142693895979588], [329558244468825983, 349009648638971664]]","{""ok"": true, ""elapsed"": 0.27724809999926947, ""muls"": 2097152, ""adds"": 2097152, ""sample"": [[326624683807908442, 335142693895979588], [329558244468825983, 349009648638971664]], ""checksum"": 5232141622098400198650}
","[decimal_gemm] SCHOOLBOOK result shape: 128x128
[decimal_gemm]   digit muls: 2097152 digit adds: 2097152 time (s): 0.277248
"
128,8,schoolbook,1,0.27355110000644345,2097152,2097152,,0,5287639570377191820377,"[[343027761930005094, 350082252380181629], [329384077009253069, 350417898970758082]]","{""ok"": true, ""elapsed"": 0.27355110000644345, ""muls"": 2097152, ""adds"": 2097152, ""sample"": [[343027761930005094, 350082252380181629], [329384077009253069, 350417898970758082]], ""checksum"": 5287639570377191820377}
","[decimal_gemm] SCHOOLBOOK result shape: 128x128
[decimal_gemm]   digit muls: 2097152 digit adds: 2097152 time (s): 0.273551
"
128,8,schoolbook,2,0.26782019999518525,2097152,2097152,,0,5197367285691612653718,"[[314149978941758725, 327658134190167286], [337769491311588477, 344612043823111938]]","{""ok"": true, ""elapsed"": 0.26782019999518525, ""muls"": 2097152, ""adds"": 2097152, ""sample"": [[314149978941758725, 327658134190167286], [337769491311588477, 344612043823111938]], ""checksum"": 5197367285691612653718}
","[decimal_gemm] SCHOOLBOOK result shape: 128x128
[decimal_gemm]   digit muls: 2097152 digit adds: 2097152 time (s): 0.267820
"
128,8,karatsuba,0,0.26635849999729544,2097152,2097152,,0,5209816626688214010955,"[[322378775398023140, 336444110484974539], [330347701472294367, 314492675628787913]]","{""ok"": true, ""elapsed"": 0.26635849999729544, ""muls"": 2097152, ""adds"": 2097152, ""sample"": [[322378775398023140, 336444110484974539], [330347701472294367, 314492675628787913]], ""checksum"": 5209816626688214010955}
","[decimal_gemm] KARATSUBA result shape: 128x128
[decimal_gemm]   digit muls: 2097152 digit adds: 2097152 time (s): 0.266358
"
128,8,karatsuba,1,0.2649074000073597,2097152,2097152,,0,5270505501395050450461,"[[265291228993292098, 261839092294359890], [330744840783011191, 349821998298646288]]","{""ok"": true, ""elapsed"": 0.2649074000073597, ""muls"": 2097152, ""adds"": 2097152, ""sample"": [[265291228993292098, 261839092294359890], [330744840783011191, 349821998298646288]], ""checksum"": 5270505501395050450461}
","[decimal_gemm] KARATSUBA result shape: 128x128
[decimal_gemm]   digit muls: 2097152 digit adds: 2097152 time (s): 0.264907
"
128,8,karatsuba,2,0.2664548000029754,2097152,2097152,,0,5274910468906143286439,"[[304599147886718337, 308295472467995949], [324369228578228222, 328756861483934160]]","{""ok"": true, ""elapsed"": 0.2664548000029754, ""muls"": 2097152, ""adds"": 2097152, ""sample"": [[304599147886718337, 308295472467995949], [324369228578228222, 328756861483934160]], ""checksum"": 5274910468906143286439}
","[decimal_gemm] KARATSUBA result shape: 128x128
[decimal_gemm]   digit muls: 2097152 digit adds: 2097152 time (s): 0.266455
"
128,8,strassen,0,0.2726619000022765,2097152,2097152,,0,5273462527802247804668,"[[341087804559079887, 371931527107211417], [320350223565884252, 351352947580511139]]","{""ok"": true, ""elapsed"": 0.2726619000022765, ""muls"": 2097152, ""adds"": 2097152, ""sample"": [[341087804559079887, 371931527107211417], [320350223565884252, 351352947580511139]], ""checksum"": 5273462527802247804668}
","[decimal_gemm] STRASSEN result shape: 128x128
[decimal_gemm]   digit muls: 2097152 digit adds: 2097152 time (s): 0.272662
"
128,8,strassen,1,0.265052899994771,2097152,2097152,,0,5194946346161441405042,"[[311583079812310741, 322855833891925907], [316797739493207805, 330823325355458464]]","{""ok"": true, ""elapsed"": 0.265052899994771, ""muls"": 2097152, ""adds"": 2097152, ""sample"": [[311583079812310741, 322855833891925907], [316797739493207805, 330823325355458464]], ""checksum"": 5194946346161441405042}
","[decimal_gemm] STRASSEN result shape: 128x128
[decimal_gemm]   digit muls: 2097152 digit adds: 2097152 time (s): 0.265053
"
128,8,strassen,2,0.2694413999997778,2097152,2097152,,0,5249197953422515199280,"[[310595739414050725, 301951442012166945], [347288866368921129, 329138925751204931]]","{""ok"": true, ""elapsed"": 0.2694413999997778, ""muls"": 2097152, ""adds"": 2097152, ""sample"": [[310595739414050725, 301951442012166945], [347288866368921129, 329138925751204931]], ""checksum"": 5249197953422515199280}
","[decimal_gemm] STRASSEN result shape: 128x128
[decimal_gemm]   digit muls: 2097152 digit adds: 2097152 time (s): 0.269441
"
128,16,schoolbook,0,0.36071689998789225,2097152,2097152,,0,52182400923735119542910223150105984359,"[[2921818754182742242862977620365472, 2958799094517899772476106495271392], [3127348259372790336514784332307917, 3194440801350436473737977166356330]]","{""ok"": true, ""elapsed"": 0.36071689998789225, ""muls"": 2097152, ""adds"": 2097152, ""sample"": [[2921818754182742242862977620365472, 2958799094517899772476106495271392], [3127348259372790336514784332307917, 3194440801350436473737977166356330]], ""checksum"": 52182400923735119542910223150105984359}
","[decimal_gemm] SCHOOLBOOK result shape: 128x128
[decimal_gemm]   digit muls: 2097152 digit adds: 2097152 time (s): 0.360717
"
128,16,schoolbook,1,0.3578216000023531,2097152,2097152,,0,52284625093581582682656587410079190003,"[[3584776484572044779719896149613482, 3093633978001630710374983208387929], [3674149185341492853654477940116708, 3196009075244583459539800008744206]]","{""ok"": true, ""elapsed"": 0.3578216000023531, ""muls"": 2097152, ""adds"": 2097152, ""sample"": [[3584776484572044779719896149613482, 3093633978001630710374983208387929], [3674149185341492853654477940116708, 3196009075244583459539800008744206]], ""checksum"": 52284625093581582682656587410079190003}
","[decimal_gemm] SCHOOLBOOK result shape: 128x128
[decimal_gemm]   digit muls: 2097152 digit adds: 2097152 time (s): 0.357822
"
128,16,schoolbook,2,0.34988850000081584,2097152,2097152,,0,52308107375954799040912863244316883174,"[[2777097877946285034535767698880749, 2762929345952537477910121911275203], [2815420270723876046104169844986594, 2671567034626978254328644204913885]]","{""ok"": true, ""elapsed"": 0.34988850000081584, ""muls"": 2097152, ""adds"": 2097152, ""sample"": [[2777097877946285034535767698880749, 2762929345952537477910121911275203], [2815420270723876046104169844986594, 2671567034626978254328644204913885]], ""checksum"": 52308107375954799040912863244316883174}
","[decimal_gemm] SCHOOLBOOK result shape: 128x128
[decimal_gemm]   digit muls: 2097152 digit adds: 2097152 time (s): 0.349889
"
128,16,karatsuba,0,0.3588568999985,2097152,2097152,,0,52196395601220739563657924115855664174,"[[3352714173279651303946138594391700, 3396074646808960403301848976098254], [2953650150400474559763630103011665, 3177059765654163608811452730881933]]","{""ok"": true, ""elapsed"": 0.3588568999985, ""muls"": 2097152, ""adds"": 2097152, ""sample"": [[3352714173279651303946138594391700, 3396074646808960403301848976098254], [2953650150400474559763630103011665, 3177059765654163608811452730881933]], ""checksum"": 52196395601220739563657924115855664174}
","[decimal_gemm] KARATSUBA result shape: 128x128
[decimal_gemm]   digit muls: 2097152 digit adds: 2097152 time (s): 0.358857
"
128,16,karatsuba,1,0.3528379000053974,2097152,2097152,,0,52584408861911416653528409293340080482,"[[3327658012917769324025831124334799, 3780236164101188910171948697619189], [3224999941947097701578920881557162, 3472471340888893536880642413614441]]","{""ok"": true, ""elapsed"": 0.3528379000053974, ""muls"": 2097152, ""adds"": 2097152, ""sample"": [[3327658012917769324025831124334799, 3780236164101188910171948697619189], [3224999941947097701578920881557162, 3472471340888893536880642413614441]], ""checksum"": 52584408861911416653528409293340080482}
","[decimal_gemm] KARATSUBA result shape: 128x128
[decimal_gemm]   digit muls: 2097152 digit adds: 2097152 time (s): 0.352838
"
128,16,karatsuba,2,0.36045979999471456,2097152,2097152,,0,51641360108149000604890053176879384644,"[[3115217249905035427762740869723769, 3108565751789613334810889326654671], [3359283497000086500266000649741616, 3514732532475171605486105038847918]]","{""ok"": true, ""elapsed"": 0.36045979999471456, ""muls"": 2097152, ""adds"": 2097152, ""sample"": [[3115217249905035427762740869723769, 3108565751789613334810889326654671], [3359283497000086500266000649741616, 3514732532475171605486105038847918]], ""checksum"": 51641360108149000604890053176879384644}
","[decimal_gemm] KARATSUBA result shape: 128x128
[decimal_gemm]   digit muls: 2097152 digit adds: 2097152 time (s): 0.360460
"
128,16,strassen,0,0.3516118999978062,2097152,2097152,,0,52025930903170220042089865973083387340,"[[2809526433753113980090068472188867, 3074003069745103686722858170780944], [3167955817642058370957273450260355, 3423554913732904729941754990009537]]","{""ok"": true, ""elapsed"": 0.3516118999978062, ""muls"": 2097152, ""adds"": 2097152, ""sample"": [[2809526433753113980090068472188867, 3074003069745103686722858170780944], [3167955817642058370957273450260355, 3423554913732904729941754990009537]], ""checksum"": 52025930903170220042089865973083387340}
","[decimal_gemm] STRASSEN result shape: 128x128
[decimal_gemm]   digit muls: 2097152 digit adds: 2097152 time (s): 0.351612
"
128,16,strassen,1,0.34910920000402257,2097152,2097152,,0,52324885337849749576950878240779740743,"[[3578363572370037699472550264366720, 3536941274993861374415429043483252], [3014057676081179701392630861167869, 3272343521295949914808424812147121]]","{""ok"": true, ""elapsed"": 0.34910920000402257, ""muls"": 2097152, ""adds"": 2097152, ""sample"": [[3578363572370037699472550264366720, 3536941274993861374415429043483252], [3014057676081179701392630861167869, 3272343521295949914808424812147121]], ""checksum"": 52324885337849749576950878240779740743}
","[decimal_gemm] STRASSEN result shape: 128x128
[decimal_gemm]   digit muls: 2097152 digit adds: 2097152 time (s): 0.349109
"
128,16,strassen,2,0.37266039999667555,2097152,2097152,,0,52172586164386295261362046576101908632,"[[3329997131345545667588379941298375, 3678384459378771832154925358374964], [3382864813611384861151594618479081, 3489545442317068748958057307473930]]","{""ok"": true, ""elapsed"": 0.37266039999667555, ""muls"": 2097152, ""adds"": 2097152, ""sample"": [[3329997131345545667588379941298375, 3678384459378771832154925358374964], [3382864813611384861151594618479081, 3489545442317068748958057307473930]], ""checksum"": 52172586164386295261362046576101908632}
","[decimal_gemm] STRASSEN result shape: 128x128
[decimal_gemm]   digit muls: 2097152 digit adds: 2097152 time (s): 0.372660
"
256,3,schoolbook,0,1.8200485999986995,16759552,16759552,,0,4193067431420,"[[56638827, 60949086], [65045608, 66872418]]","{""ok"": true, ""elapsed"": 1.8200485999986995, ""muls"": 16759552, ""adds"": 16759552, ""sample"": [[56638827, 60949086], [65045608, 66872418]], ""checksum"": 4193067431420}
","[decimal_gemm] SCHOOLBOOK result shape: 256x256
[decimal_gemm]   digit muls: 16759552 digit adds: 16759552 time (s): 1.820049
"
256,3,schoolbook,1,1.8321062000031816,16761856,16761856,,0,4175608280491,"[[64333017, 65101379], [65428070, 65303483]]","{""ok"": true, ""elapsed"": 1.8321062000031816, ""muls"": 16761856, ""adds"": 16761856, ""sample"": [[64333017, 65101379], [65428070, 65303483]], ""checksum"": 4175608280491}
","[decimal_gemm] SCHOOLBOOK result shape: 256x256
[decimal_gemm]   digit muls: 16761856 digit adds: 16761856 time (s): 1.832106
"
256,3,schoolbook,2,1.941644599995925,16762368,16762368,,0,4171691414846,"[[64706497, 61260764], [68294501, 64738136]]","{""ok"": true, ""elapsed"": 1.941644599995925, ""muls"": 16762368, ""adds"": 16762368, ""sample"": [[64706497, 61260764], [68294501, 64738136]], ""checksum"": 4171691414846}
","[decimal_gemm] SCHOOLBOOK result shape: 256x256
[decimal_gemm]   digit muls: 16762368 digit adds: 16762368 time (s): 1.941645
"
256,3,karatsuba,0,1.8698663000104716,16759552,16759552,,0,4175126043357,"[[58936866, 63290529], [65058783, 67973547]]","{""ok"": true, ""elapsed"": 1.8698663000104716, ""muls"": 16759552, ""adds"": 16759552, ""sample"": [[58936866, 63290529], [65058783, 67973547]], ""checksum"": 4175126043357}
","[decimal_gemm] KARATSUBA result shape: 256x256
[decimal_gemm]   digit muls: 16759552 digit adds: 16759552 time (s): 1.869866
"
256,3,karatsuba,1,1.8245431000104873,16758528,16758528,,0,4187426296537,"[[64196814, 68122413], [66483003, 67340094]]","{""ok"": true, ""elapsed"": 1.8245431000104873, ""muls"": 16758528, ""adds"": 16758528, ""sample"": [[64196814, 68122413], [66483003, 67340094]], ""checksum"": 4187426296537}
","[decimal_gemm] KARATSUBA result shape: 256x256
[decimal_gemm]   digit muls: 16758528 digit adds: 16758528 time (s): 1.824543
"
256,3,karatsuba,2,1.813948499999242,16761856,16761856,,0,4198918906700,"[[63334022, 60475452], [66375419, 63807554]]","{""ok"": true, ""elapsed"": 1.813948499999242, ""muls"": 16761856, ""adds"": 16761856, ""sample"": [[63334022, 60475452], [66375419, 63807554]], ""checksum"": 4198918906700}
","[decimal_gemm] KARATSUBA result shape: 256x256
[decimal_gemm]   digit muls: 16761856 digit adds: 16761856 time (s): 1.813948
"
256,3,strassen,0,1.8901021000056062,16762880,16762880,,0,4195707724319,"[[62006468, 64067533], [64649485, 67277331]]","{""ok"": true, ""elapsed"": 1.8901021000056062, ""muls"": 16762880, ""adds"": 16762880, ""sample"": [[62006468, 64067533], [64649485, 67277331]], ""checksum"": 4195707724319}
","[decimal_gemm] STRASSEN result shape: 256x256
[decimal_gemm]   digit muls: 16762880 digit adds: 16762880 time (s): 1.890102
"
256,3,strassen,1,1.8614486000005854,16758784,16758784,,0,4188970634063,"[[59875963, 57342820], [69732960, 62186457]]","{""ok"": true, ""elapsed"": 1.8614486000005854, ""muls"": 16758784, ""adds"": 16758784, ""sample"": [[59875963, 57342820], [69732960, 62186457]], ""checksum"": 4188970634063}
","[decimal_gemm] STRASSEN result shape: 256x256
[decimal_gemm]   digit muls: 16758784 digit adds: 16758784 time (s): 1.861449
"
256,3,strassen,2,1.852926599996863,16758272,16758272,,0,4194835693916,"[[66289534, 64507833], [62448087, 61686085]]","{""ok"": true, ""elapsed"": 1.852926599996863, ""muls"": 16758272, ""adds"": 16758272, ""sample"": [[66289534, 64507833], [62448087, 61686085]], ""checksum"": 4194835693916}
","[decimal_gemm] STRASSEN result shape: 256x256
[decimal_gemm]   digit muls: 16758272 digit adds: 16758272 time (s): 1.852927
"
256,8,schoolbook,0,2.1032179000030737,16777216,16777216,,0,41760891325564497085370,"[[605349167745222068, 635344616787376490], [657200535014588446, 628773407564828340]]","{""ok"": true, ""elapsed"": 2.1032179000030737, ""muls"": 16777216, ""adds"": 16777216, ""sample"": [[605349167745222068, 635344616787376490], [657200535014588446, 628773407564828340]], ""checksum"": 41760891325564497085370}
","[decimal_gemm] SCHOOLBOOK result shape: 256x256
[decimal_gemm]   digit muls: 16777216 digit adds: 16777216 time (s): 2.103218
"
256,8,schoolbook,1,1.9455177999916486,16777216,16777216,,0,42084163645941805016547,"[[691411122780168953, 641824980450759260], [655168906310163403, 616359176554975119]]","{""ok"": true, ""elapsed"": 1.9455177999916486, ""muls"": 16777216, ""adds"": 16777216, ""sample"": [[691411122780168953, 641824980450759260], [655168906310163403, 616359176554975119]], ""checksum"": 42084163645941805016547}
","[decimal_gemm] SCHOOLBOOK result shape: 256x256
[decimal_gemm]   digit muls: 16777216 digit adds: 16777216 time (s): 1.945518
"
256,8,schoolbook,2,1.955057700004545,16777216,16777216,,0,42106506919425058972635,"[[639406397900979899, 623256456436096314], [670288488985640146, 616194418491017354]]","{""ok"": true, ""elapsed"": 1.955057700004545, ""muls"": 16777216, ""adds"": 16777216, ""sample"": [[639406397900979899, 623256456436096314], [670288488985640146, 616194418491017354]], ""checksum"": 42106506919425058972635}
","[decimal_gemm] SCHOOLBOOK result shape: 256x256
[decimal_gemm]   digit muls: 16777216 digit adds: 16777216 time (s): 1.955058
"
256,8,karatsuba,0,1.9518734000012046,16777216,16777216,,0,41898317140521986444827,"[[656491758050932081, 582712145054919510], [618394131323976082, 572408674165304696]]","{""ok"": true, ""elapsed"": 1.9518734000012046, ""muls"": 16777216, ""adds"": 16777216, ""sample"": [[656491758050932081, 582712145054919510], [618394131323976082, 572408674165304696]], ""checksum"": 41898317140521986444827}
","[decimal_gemm] KARATSUBA result shape: 256x256
[decimal_gemm]   digit muls: 16777216 digit adds: 16777216 time (s): 1.951873
"
256,8,karatsuba,1,1.9790045999980066,16777216,16777216,,0,41912281444118240501455,"[[683592013001446933, 592420554600327448], [698217223085187357, 657723778768942803]]","{""ok"": true, ""elapsed"": 1.9790045999980066, ""muls"": 16777216, ""adds"": 16777216, ""sample"": [[683592013001446933, 592420554600327448], [698217223085187357, 657723778768942803]], ""checksum"": 41912281444118240501455}
","[decimal_gemm] KARATSUBA result shape: 256x256
[decimal_gemm]   digit muls: 16777216 digit adds: 16777216 time (s): 1.979005
"
256,8,karatsuba,2,2.065652700010105,16777216,16777216,,0,41917577188127171168943,"[[600780445671670128, 595074585184964402], [561193526941775695, 569351478195754564]]","{""ok"": true, ""elapsed"": 2.065652700010105, ""muls"": 16777216, ""adds"": 16777216, ""sample"": [[600780445671670128, 595074585184964402], [561193526941775695, 569351478195754564]], ""checksum"": 41917577188127171168943}
","[decimal_gemm] KARATSUBA result shape: 256x256
[decimal_gemm]   digit muls: 16777216 digit adds: 16777216 time (s): 2.065653
"
256,8,strassen,0,2.085992599997553,16777216,16777216,,0,42006714121604739618377,"[[604096974523527670, 661165562969828821], [679349173521068380, 716965584718721456]]","{""ok"": true, ""elapsed"": 2.085992599997553, ""muls"": 16777216, ""adds"": 16777216, ""sample"": [[604096974523527670, 661165562969828821], [679349173521068380, 716965584718721456]], ""checksum"": 42006714121604739618377}
","[decimal_gemm] STRASSEN result shape: 256x256
[decimal_gemm]   digit muls: 16777216 digit adds: 16777216 time (s): 2.085993
"
256,8,strassen,1,1.9848224000015762,16777216,16777216,,0,41993477460982600618812,"[[619261526229412072, 658579800823137764], [631470257703438910, 662993700085546952]]","{""ok"": true, ""elapsed"": 1.9848224000015762, ""muls"": 16777216, ""adds"": 16777216, ""sample"": [[619261526229412072, 658579800823137764], [631470257703438910, 662993700085546952]], ""checksum"": 41993477460982600618812}
","[decimal_gemm] STRASSEN result shape: 256x256
[decimal_gemm]   digit muls: 16777216 digit adds: 16777216 time (s): 1.984822
"
256,8,strassen,2,2.057760000010603,16777216,16777216,,0,42006038597127323640947,"[[636148250842501864, 612559213071064136], [662652880280930216, 640442988817933118]]","{""ok"": true, ""elapsed"": 2.057760000010603, ""muls"": 16777216, ""adds"": 16777216, ""sample"": [[636148250842501864, 612559213071064136], [662652880280930216, 640442988817933118]], ""checksum"": 42006038597127323640947}
","[decimal_gemm] STRASSEN result shape: 256x256
[decimal_gemm]   digit muls: 16777216 digit adds: 16777216 time (s): 2.057760
"
256,16,schoolbook,0,2.5342235999996774,16777216,16777216,,0,417619570792866405158209323415707463680,"[[5911133733926869448705254919172047, 6111498866319236502546310025416893], [5960174811523352208237011822440494, 6337056538178095055824694725782841]]","{""ok"": true, ""elapsed"": 2.5342235999996774, ""muls"": 16777216, ""adds"": 16777216, ""sample"": [[5911133733926869448705254919172047, 6111498866319236502546310025416893], [5960174811523352208237011822440494, 6337056538178095055824694725782841]], ""checksum"": 417619570792866405158209323415707463680}
","[decimal_gemm] SCHOOLBOOK result shape: 256x256
[decimal_gemm]   digit muls: 16777216 digit adds: 16777216 time (s): 2.534224
"
256,16,schoolbook,1,2.59459799999604,16777216,16777216,,0,417068276066892555212983740421226005554,"[[6817772211931638620698041688774939, 6783134408878056941966067674528205], [6889998408431200633101932045283520, 6807067336605967155374996035893358]]","{""ok"": true, ""elapsed"": 2.59459799999604, ""muls"": 16777216, ""adds"": 16777216, ""sample"": [[6817772211931638620698041688774939, 6783134408878056941966067674528205], [6889998408431200633101932045283520, 6807067336605967155374996035893358]], ""checksum"": 417068276066892555212983740421226005554}
","[decimal_gemm] SCHOOLBOOK result shape: 256x256
[decimal_gemm]   digit muls: 16777216 digit adds: 16777216 time (s): 2.594598
"
256,16,schoolbook,2,2.686282700000447,16777216,16777216,,0,419383459317458194987734790509644682566,"[[6543444260581498600357375130090786, 6407540596916137981539737520618971], [6293336838470604056374989935882618, 6365025840289079214460417838446968]]","{""ok"": true, ""elapsed"": 2.686282700000447, ""muls"": 16777216, ""adds"": 16777216, ""sample"": [[6543444260581498600357375130090786, 6407540596916137981539737520618971], [6293336838470604056374989935882618, 6365025840289079214460417838446968]], ""checksum"": 419383459317458194987734790509644682566}
","[decimal_gemm] SCHOOLBOOK result shape: 256x256
[decimal_gemm]   digit muls: 16777216 digit adds: 16777216 time (s): 2.686283
"
256,16,karatsuba,0,2.598662400007015,16777216,16777216,,0,417147600591491033102308534886513565510,"[[6317277944076445080437130292501413, 5973871114829526149848122276508834], [6237448879233888619222475463750651, 6201733934673023549289680842411871]]","{""ok"": true, ""elapsed"": 2.598662400007015, ""muls"": 16777216, ""adds"": 16777216, ""sample"": [[6317277944076445080437130292501413, 5973871114829526149848122276508834], [6237448879233888619222475463750651, 6201733934673023549289680842411871]], ""checksum"": 417147600591491033102308534886513565510}
","[decimal_gemm] KARATSUBA result shape: 256x256
[decimal_gemm]   digit muls: 16777216 digit adds: 16777216 time (s): 2.598662
"
256,16,karatsuba,1,2.5598985999968136,16777216,16777216,,0,418130394373651488651750164784958440936,"[[6300447440944801061668601008239797, 6381517485849550769031452255173985], [6113590485504478203481568650808402, 6172293279551349683100771332771471]]","{""ok"": true, ""elapsed"": 2.5598985999968136, ""muls"": 16777216, ""adds"": 16777216, ""sample"": [[6300447440944801061668601008239797, 6381517485849550769031452255173985], [6113590485504478203481568650808402, 6172293279551349683100771332771471]], ""checksum"": 418130394373651488651750164784958440936}
","[decimal_gemm] KARATSUBA result shape: 256x256
[decimal_gemm]   digit muls: 16777216 digit adds: 16777216 time (s): 2.559899
"
256,16,karatsuba,2,3.1811259999958565,16777216,16777216,,0,418542777728229758519999380773970741882,"[[5629171239141788096390809561109521, 5652575120768815967381930129151738], [6409980687548438422137826430784507, 6447900027756482675515191189750430]]","{""ok"": true, ""elapsed"": 3.1811259999958565, ""muls"": 16777216, ""adds"": 16777216, ""sample"": [[5629171239141788096390809561109521, 5652575120768815967381930129151738], [6409980687548438422137826430784507, 6447900027756482675515191189750430]], ""checksum"": 418542777728229758519999380773970741882}
","[decimal_gemm] KARATSUBA result shape: 256x256
[decimal_gemm]   digit muls: 16777216 digit adds: 16777216 time (s): 3.181126
"
256,16,strassen,0,2.585337199998321,16777216,16777216,,0,417083285613083705497794865026646062684,"[[6089577884263872425848277283114493, 6663509269482695859561286007618534], [6120625986466059529139411432083307, 6617495941420545241189533950994822]]","{""ok"": true, ""elapsed"": 2.585337199998321, ""muls"": 16777216, ""adds"": 16777216, ""sample"": [[6089577884263872425848277283114493, 6663509269482695859561286007618534], [6120625986466059529139411432083307, 6617495941420545241189533950994822]], ""checksum"": 417083285613083705497794865026646062684}
","[decimal_gemm] STRASSEN result shape: 256x256
[decimal_gemm]   digit muls: 16777216 digit adds: 16777216 time (s): 2.585337
"
256,16,strassen,1,2.603802400000859,16777216,16777216,,0,422304364604414955790604929323771233966,"[[5697854872553041313160267868393972, 5697598541499223801241428832475882], [5913093378279073652662440827702901, 5970703134359875888110504168009133]]","{""ok"": true, ""elapsed"": 2.603802400000859, ""muls"": 16777216, ""adds"": 16777216, ""sample"": [[5697854872553041313160267868393972, 5697598541499223801241428832475882], [5913093378279073652662440827702901, 5970703134359875888110504168009133]], ""checksum"": 422304364604414955790604929323771233966}
","[decimal_gemm] STRASSEN result shape: 256x256
[decimal_gemm]   digit muls: 16777216 digit adds: 16777216 time (s): 2.603802
"
256,16,strassen,2,2.759167800002615,16777216,16777216,,0,419557118803850294374310532134268592379,"[[6603219011034112118043803987114850, 6197672204072050849539041835314848], [6552898685212559912862188783849004, 6126049813887044446596936423049975]]","{""ok"": true, ""elapsed"": 2.759167800002615, ""muls"": 16777216, ""adds"": 16777216, ""sample"": [[6603219011034112118043803987114850, 6197672204072050849539041835314848], [6552898685212559912862188783849004, 6126049813887044446596936423049975]], ""checksum"": 419557118803850294374310532134268592379}
","[decimal_gemm] STRASSEN result shape: 256x256
[decimal_gemm]   digit muls: 16777216 digit adds: 16777216 time (s): 2.759168
"
64,8,schoolbook,0,0.03937220000079833,262144,262144,,0,657325866342260002345,"[[163452691198142435, 145705942098537093], [181632180053297247, 171597648698985756]]","{""ok"": true, ""elapsed"": 0.03937220000079833, ""muls"": 262144, ""adds"": 262144, ""sample"": [[163452691198142435, 145705942098537093], [181632180053297247, 171597648698985756]], ""checksum"": 657325866342260002345}
","[decimal_gemm] SCHOOLBOOK result shape: 64x64
[decimal_gemm]   digit muls: 262144 digit adds: 262144 time (s): 0.039372
"
64,8,schoolbook,1,0.039107599994167686,262144,262144,,0,662461809148736373105,"[[157677699509472874, 159337870250674034], [171556129387172451, 173389430638655971]]","{""ok"": true, ""elapsed"": 0.039107599994167686, ""muls"": 262144, ""adds"": 262144, ""sample"": [[157677699509472874, 159337870250674034], [171556129387172451, 173389430638655971]], ""checksum"": 662461809148736373105}
","[decimal_gemm] SCHOOLBOOK result shape: 64x64
[decimal_gemm]   digit muls: 262144 digit adds: 262144 time (s): 0.039108
"
64,8,karatsuba,0,0.03900910000083968,262144,262144,,0,661342551158948427280,"[[172914513974223950, 154710101456910459], [153124173617681357, 150614021849821926]]","{""ok"": true, ""elapsed"": 0.03900910000083968, ""muls"": 262144, ""adds"": 262144, ""sample"": [[172914513974223950, 154710101456910459], [153124173617681357, 150614021849821926]], ""checksum"": 661342551158948427280}
","[decimal_gemm] KARATSUBA result shape: 64x64
[decimal_gemm]   digit muls: 262144 digit adds: 262144 time (s): 0.039009
"
64,8,karatsuba,1,0.04092520000995137,262144,262144,,0,656136262641509897021,"[[158142957933611050, 167599039676081225], [155130575848375157, 192627956505819567]]","{""ok"": true, ""elapsed"": 0.04092520000995137, ""muls"": 262144, ""adds"": 262144, ""sample"": [[158142957933611050, 167599039676081225], [155130575848375157, 192627956505819567]], ""checksum"": 656136262641509897021}
","[decimal_gemm] KARATSUBA result shape: 64x64
[decimal_gemm]   digit muls: 262144 digit adds: 262144 time (s): 0.040925
"
64,8,strassen,0,0.03896000000531785,262144,262144,,0,645916406118432421357,"[[146085554948633530, 166189280158830024], [153608188431263047, 176811552945658714]]","{""ok"": true, ""elapsed"": 0.03896000000531785, ""muls"": 262144, ""adds"": 262144, ""sample"": [[146085554948633530, 166189280158830024], [153608188431263047, 176811552945658714]], ""checksum"": 645916406118432421357}
","[decimal_gemm] STRASSEN result shape: 64x64
[decimal_gemm]   digit muls: 262144 digit adds: 262144 time (s): 0.038960
"
64,8,strassen,1,0.039496800003689714,262144,262144,,0,659191033986658060418,"[[195267256158059529, 182305152975149376], [174106055978932110, 161773314634077203]]","{""ok"": true, ""elapsed"": 0.039496800003689714, ""muls"": 262144, ""adds"": 262144, ""sample"": [[195267256158059529, 182305152975149376], [174106055978932110, 161773314634077203]], ""checksum"": 659191033986658060418}
","[decimal_gemm] STRASSEN result shape: 64x64
[decimal_gemm]   digit muls: 262144 digit adds: 262144 time (s): 0.039497
"
128,8,schoolbook,0,0.27601709999726154,2097152,2097152,,0,5252068293016396912875,"[[299562307288049973, 313136715162375377], [311502639403058559, 296366610039568913]]","{""ok"": true, ""elapsed"": 0.27601709999726154, ""muls"": 2097152, ""adds"": 2097152, ""sample"": [[299562307288049973, 313136715162375377], [311502639403058559, 296366610039568913]], ""checksum"": 5252068293016396912875}
","[decimal_gemm] SCHOOLBOOK result shape: 128x128
[decimal_gemm]   digit muls: 2097152 digit adds: 2097152 time (s): 0.276017
"
128,8,schoolbook,1,0.2709815999987768,2097152,2097152,,0,5274997620496382672909,"[[307045255883928787, 311515609668970787], [315556166691295675, 323814314014474147]]","{""ok"": true, ""elapsed"": 0.2709815999987768, ""muls"": 2097152, ""adds"": 2097152, ""sample"": [[307045255883928787, 311515609668970787], [315556166691295675, 323814314014474147]], ""checksum"": 5274997620496382672909}
","[decimal_gemm] SCHOOLBOOK result shape: 128x128
[decimal_gemm]   digit muls: 2097152 digit adds: 2097152 time (s): 0.270982
"
128,8,karatsuba,0,0.27533689999836497,2097152,2097152,,0,5257409438987468682793,"[[329111475239814416, 312106103299678925], [346954058579873767, 338237424576225595]]","{""ok"": true, ""elapsed"": 0.27533689999836497, ""muls"": 2097152, ""adds"": 2097152, ""sample"": [[329111475239814416, 312106103299678925], [346954058579873767, 338237424576225595]], ""checksum"": 5257409438987468682793}
","[decimal_gemm] KARATSUBA result shape: 128x128
[decimal_gemm]   digit muls: 2097152 digit adds: 2097152 time (s): 0.275337
"
128,8,karatsuba,1,0.27159069999470375,2097152,2097152,,0,5226606576147644341723,"[[283811224812920497, 274583972056696658], [296181295114009426, 292060142366359701]]","{""ok"": true, ""elapsed"": 0.27159069999470375, ""muls"": 2097152, ""adds"": 2097152, ""sample"": [[283811224812920497, 274583972056696658], [296181295114009426, 292060142366359701]], ""checksum"": 5226606576147644341723}
","[decimal_gemm] KARATSUBA result shape: 128x128
[decimal_gemm]   digit muls: 2097152 digit adds: 2097152 time (s): 0.271591
"
128,8,strassen,0,0.2658588999911444,2097152,2097152,,0,5223488270546883501647,"[[347860986027572199, 340825443942032448], [328435503532101874, 348224906647034067]]","{""ok"": true, ""elapsed"": 0.2658588999911444, ""muls"": 2097152, ""adds"": 2097152, ""sample"": [[347860986027572199, 340825443942032448], [328435503532101874, 348224906647034067]], ""checksum"": 5223488270546883501647}
","[decimal_gemm] STRASSEN result shape: 128x128
[decimal_gemm]   digit muls: 2097152 digit adds: 2097152 time (s): 0.265859
"
128,8,strassen,1,0.27413019999221433,2097152,2097152,,0,5203639586601293638423,"[[317834696613941532, 321635680826386297], [290457692082513504, 286402996242949329]]","{""ok"": true, ""elapsed"": 0.27413019999221433, ""muls"": 2097152, ""adds"": 2097152, ""sample"": [[317834696613941532, 321635680826386297], [290457692082513504, 286402996242949329]], ""checksum"": 5203639586601293638423}
","[decimal_gemm] STRASSEN result shape: 128x128
[decimal_gemm]   digit muls: 2097152 digit adds: 2097152 time (s): 0.274130
"
256,8,schoolbook,0,2.050881000002846,16777216,16777216,,0,41810764635819076871605,"[[630860988206229850, 657212198635823262], [610820230659071838, 636825033792840628]]","{""ok"": true, ""elapsed"": 2.050881000002846, ""muls"": 16777216, ""adds"": 16777216, ""sample"": [[630860988206229850, 657212198635823262], [610820230659071838, 636825033792840628]], ""checksum"": 41810764635819076871605}
","[decimal_gemm] SCHOOLBOOK result shape: 256x256
[decimal_gemm]   digit muls: 16777216 digit adds: 16777216 time (s): 2.050881
"
256,8,schoolbook,1,2.170005799998762,16777216,16777216,,0,41831216294448375963139,"[[559814792478014353, 595936572795896905], [587684401405927560, 571819863793051160]]","{""ok"": true, ""elapsed"": 2.170005799998762, ""muls"": 16777216, ""adds"": 16777216, ""sample"": [[559814792478014353, 595936572795896905], [587684401405927560, 571819863793051160]], ""checksum"": 41831216294448375963139}
","[decimal_gemm] SCHOOLBOOK result shape: 256x256
[decimal_gemm]   digit muls: 16777216 digit adds: 16777216 time (s): 2.170006
"
256,8,karatsuba,0,2.076078400001279,16777216,16777216,,0,42034032326305317082930,"[[685060178383830461, 655149738429766355], [620890898674414497, 604531457141302815]]","{""ok"": true, ""elapsed"": 2.076078400001279, ""muls"": 16777216, ""adds"": 16777216, ""sample"": [[685060178383830461, 655149738429766355], [620890898674414497, 604531457141302815]], ""checksum"": 42034032326305317082930}
","[decimal_gemm] KARATSUBA result shape: 256x256
[decimal_gemm]   digit muls: 16777216 digit adds: 16777216 time (s): 2.076078
"
256,8,karatsuba,1,1.9307871000055457,16777216,16777216,,0,41891542631106088919230,"[[656976464222271582, 616055741808688062], [683707378937297313, 666912641128377275]]","{""ok"": true, ""elapsed"": 1.9307871000055457, ""muls"": 16777216, ""adds"": 16777216, ""sample"": [[656976464222271582, 616055741808688062], [683707378937297313, 666912641128377275]], ""checksum"": 41891542631106088919230}
","[decimal_gemm] KARATSUBA result shape: 256x256
[decimal_gemm]   digit muls: 16777216 digit adds: 16777216 time (s): 1.930787
"
256,8,strassen,0,2.1290818999987096,16777216,16777216,,0,41918133052605749612232,"[[561409126662653065, 579887203325997051], [631944733839942926, 602160231725267466]]","{""ok"": true, ""elapsed"": 2.1290818999987096, ""muls"": 16777216, ""adds"": 16777216, ""sample"": [[561409126662653065, 579887203325997051], [631944733839942926, 602160231725267466]], ""checksum"": 41918133052605749612232}
","[decimal_gemm] STRASSEN result shape: 256x256
[decimal_gemm]   digit muls: 16777216 digit adds: 16777216 time (s): 2.129082
"
256,8,strassen,1,2.08358789999329,16777216,16777216,,0,41705842397075192085913,"[[623678102529524566, 621327085257885348], [582683427515656216, 632059309140731041]]","{""ok"": true, ""elapsed"": 2.08358789999329, ""muls"": 16777216, ""adds"": 16777216, ""sample"": [[623678102529524566, 621327085257885348], [582683427515656216, 632059309140731041]], ""checksum"": 41705842397075192085913}
","[decimal_gemm] STRASSEN result shape: 256x256
[decimal_gemm]   digit muls: 16777216 digit adds: 16777216 time (s): 2.083588
"
512,8,schoolbook,0,16.49540149999666,134217728,134217728,,0,335847311192281159784990,"[[1242034566618622413, 1327007386251950682], [1219225705039325997, 1219786036640329808]]","{""ok"": true, ""elapsed"": 16.49540149999666, ""muls"": 134217728, ""adds"": 134217728, ""sample"": [[1242034566618622413, 1327007386251950682], [1219225705039325997, 1219786036640329808]], ""checksum"": 335847311192281159784990}
","[decimal_gemm] SCHOOLBOOK result shape: 512x512
[decimal_gemm]   digit muls: 134217728 digit adds: 134217728 time (s): 16.495401
"
512,8,schoolbook,1,16.05137210000248,134217728,134217728,,0,334628381926415261175755,"[[1318636990239788214, 1274507452918096209], [1351042332531481212, 1306225859106897137]]","{""ok"": true, ""elapsed"": 16.05137210000248, ""muls"": 134217728, ""adds"": 134217728, ""sample"": [[1318636990239788214, 1274507452918096209], [1351042332531481212, 1306225859106897137]], ""checksum"": 334628381926415261175755}
","[decimal_gemm] SCHOOLBOOK result shape: 512x512
[decimal_gemm]   digit muls: 134217728 digit adds: 134217728 time (s): 16.051372
"
512,8,karatsuba,0,16.058410999990883,134217728,134217728,,0,336083935823114863582781,"[[1353177332568220907, 1356255796516598295], [1332430199848546474, 1315626482236367843]]","{""ok"": true, ""elapsed"": 16.058410999990883, ""muls"": 134217728, ""adds"": 134217728, ""sample"": [[1353177332568220907, 1356255796516598295], [1332430199848546474, 1315626482236367843]], ""checksum"": 336083935823114863582781}
","[decimal_gemm] KARATSUBA result shape: 512x512
[decimal_gemm]   digit muls: 134217728 digit adds: 134217728 time (s): 16.058411
"
512,8,karatsuba,1,15.528099300005124,134217728,134217728,,0,336013417512978958973612,"[[1289567659859131071, 1281319998366078177], [1321399821037228613, 1282578980576815363]]","{""ok"": true, ""elapsed"": 15.528099300005124, ""muls"": 134217728, ""adds"": 134217728, ""sample"": [[1289567659859131071, 1281319998366078177], [1321399821037228613, 1282578980576815363]], ""checksum"": 336013417512978958973612}
","[decimal_gemm] KARATSUBA result shape: 512x512
[decimal_gemm]   digit muls: 134217728 digit adds: 134217728 time (s): 15.528099
"
512,8,strassen,0,16.145747799993842,134217728,134217728,,0,335469512763299797801756,"[[1215601616960868709, 1226419046300546474], [1247438396516916384, 1244599096785015610]]","{""ok"": true, ""elapsed"": 16.145747799993842, ""muls"": 134217728, ""adds"": 134217728, ""sample"": [[1215601616960868709, 1226419046300546474], [1247438396516916384, 1244599096785015610]], ""checksum"": 335469512763299797801756}
","[decimal_gemm] STRASSEN result shape: 512x512
[decimal_gemm]   digit muls: 134217728 digit adds: 134217728 time (s): 16.145748
"
512,8,strassen,1,15.533293100001174,134217728,134217728,,0,335188426335428496155059,"[[1281929163783854707, 1308914108727713049], [1292378368929625966, 1327576813741347427]]","{""ok"": true, ""elapsed"": 15.533293100001174, ""muls"": 134217728, ""adds"": 134217728, ""sample"": [[1281929163783854707, 1308914108727713049], [1292378368929625966, 1327576813741347427]], ""checksum"": 335188426335428496155059}
","[decimal_gemm] STRASSEN result shape: 512x512
[decimal_gemm]   digit muls: 134217728 digit adds: 134217728 time (s): 15.533293
"
4,4,schoolbook,0,6.61999947624281e-05,64,64,,0,1078191221,"[[83789989, 109224309], [35859714, 42695374]]","{""ok"": true, ""elapsed"": 6.61999947624281e-05, ""muls"": 64, ""adds"": 64, ""sample"": [[83789989, 109224309], [35859714, 42695374]], ""checksum"": 1078191221}
","[decimal_gemm] SCHOOLBOOK result shape: 4x4
[decimal_gemm]   digit muls: 64 digit adds: 64 time (s): 0.000066
"
4,4,schoolbook,1,7.160000677686185e-05,64,64,,0,1977091011,"[[122887449, 116392425], [121467243, 65056075]]","{""ok"": true, ""elapsed"": 7.160000677686185e-05, ""muls"": 64, ""adds"": 64, ""sample"": [[122887449, 116392425], [121467243, 65056075]], ""checksum"": 1977091011}
","[decimal_gemm] SCHOOLBOOK result shape: 4x4
[decimal_gemm]   digit muls: 64 digit adds: 64 time (s): 0.000072
"
4,4,schoolbook,2,6.330000178422779e-05,64,64,,0,1597988185,"[[62160202, 52029695], [70195949, 84799259]]","{""ok"": true, ""elapsed"": 6.330000178422779e-05, ""muls"": 64, ""adds"": 64, ""sample"": [[62160202, 52029695], [70195949, 84799259]], ""checksum"": 1597988185}
","[decimal_gemm] SCHOOLBOOK result shape: 4x4
[decimal_gemm]   digit muls: 64 digit adds: 64 time (s): 0.000063
"
4,4,karatsuba,0,7.500000356230885e-05,64,64,,0,1284823160,"[[50705241, 53916671], [140743918, 163839400]]","{""ok"": true, ""elapsed"": 7.500000356230885e-05, ""muls"": 64, ""adds"": 64, ""sample"": [[50705241, 53916671], [140743918, 163839400]], ""checksum"": 1284823160}
","[decimal_gemm] KARATSUBA result shape: 4x4
[decimal_gemm]   digit muls: 64 digit adds: 64 time (s): 0.000075
"
4,4,karatsuba,1,7.110000296961516e-05,64,64,,0,1573759906,"[[156273593, 190819158], [26145398, 37443032]]","{""ok"": true, ""elapsed"": 7.110000296961516e-05, ""muls"": 64, ""adds"": 64, ""sample"": [[156273593, 190819158], [26145398, 37443032]], ""checksum"": 1573759906}
","[decimal_gemm] KARATSUBA result shape: 4x4
[decimal_gemm]   digit muls: 64 digit adds: 64 time (s): 0.000071
"
4,4,karatsuba,2,7.870000263210386e-05,64,64,,0,1818786744,"[[103024280, 83316338], [86133110, 80561786]]","{""ok"": true, ""elapsed"": 7.870000263210386e-05, ""muls"": 64, ""adds"": 64, ""sample"": [[103024280, 83316338], [86133110, 80561786]], ""checksum"": 1818786744}
","[decimal_gemm] KARATSUBA result shape: 4x4
[decimal_gemm]   digit muls: 64 digit adds: 64 time (s): 0.000079
"
4,4,strassen,0,7.100000220816582e-05,64,64,,0,1890478072,"[[92130848, 185799436], [30886156, 92095629]]","{""ok"": true, ""elapsed"": 7.100000220816582e-05, ""muls"": 64, ""adds"": 64, ""sample"": [[92130848, 185799436], [30886156, 92095629]], ""checksum"": 1890478072}
","[decimal_gemm] STRASSEN result shape: 4x4
[decimal_gemm]   digit muls: 64 digit adds: 64 time (s): 0.000071
"
4,4,strassen,1,7.330000516958535e-05,64,64,,0,2007266708,"[[168151268, 214783916], [159866643, 189150716]]","{""ok"": true, ""elapsed"": 7.330000516958535e-05, ""muls"": 64, ""adds"": 64, ""sample"": [[168151268, 214783916], [159866643, 189150716]], ""checksum"": 2007266708}
","[decimal_gemm] STRASSEN result shape: 4x4
[decimal_gemm]   digit muls: 64 digit adds: 64 time (s): 0.000073
"
4,4,strassen,2,7.320000440813601e-05,64,64,,0,1809212050,"[[84291952, 69712591], [159145124, 170493352]]","{""ok"": true, ""elapsed"": 7.320000440813601e-05, ""muls"": 64, ""adds"": 64, ""sample"": [[84291952, 69712591], [159145124, 170493352]], ""checksum"": 1809212050}
","[decimal_gemm] STRASSEN result shape: 4x4
[decimal_gemm]   digit muls: 64 digit adds: 64 time (s): 0.000073
"
4,8,schoolbook,0,8.519999391864985e-05,64,64,,0,182789233973472144,"[[8180232225969359, 11832723906706543], [12639040748485236, 14979231716324104]]","{""ok"": true, ""elapsed"": 8.519999391864985e-05, ""muls"": 64, ""adds"": 64, ""sample"": [[8180232225969359, 11832723906706543], [12639040748485236, 14979231716324104]], ""checksum"": 182789233973472144}
","[decimal_gemm] SCHOOLBOOK result shape: 4x4
[decimal_gemm]   digit muls: 64 digit adds: 64 time (s): 0.000085
"
4,8,schoolbook,1,9.159999899566174e-05,64,64,,0,187820115416909753,"[[13717179571475856, 16506258648349803], [12474154730385852, 13842605034882117]]","{""ok"": true, ""elapsed"": 9.159999899566174e-05, ""muls"": 64, ""adds"": 64, ""sample"": [[13717179571475856, 16506258648349803], [12474154730385852, 13842605034882117]], ""checksum"": 187820115416909753}
","[decimal_gemm] SCHOOLBOOK result shape: 4x4
[decimal_gemm]   digit muls: 64 digit adds: 64 time (s): 0.000092
"
4,8,schoolbook,2,0.00010730000212788582,64,64,,0,154376475042546204,"[[10992247677037305, 8261595832584642], [9609610123807149, 4824413539770251]]","{""ok"": true, ""elapsed"": 0.00010730000212788582, ""muls"": 64, ""adds"": 64, ""sample"": [[10992247677037305, 8261595832584642], [9609610123807149, 4824413539770251]], ""checksum"": 154376475042546204}
","[decimal_gemm] SCHOOLBOOK result shape: 4x4
[decimal_gemm]   digit muls: 64 digit adds: 64 time (s): 0.000107
"
4,8,karatsuba,0,9.57999873207882e-05,64,64,,0,156133155656300951,"[[8685146002526680, 15598140186819156], [10045056336860389, 11658664453467425]]","{""ok"": true, ""elapsed"": 9.57999873207882e-05, ""muls"": 64, ""adds"": 64, ""sample"": [[8685146002526680, 15598140186819156], [10045056336860389, 11658664453467425]], ""checksum"": 156133155656300951}
","[decimal_gemm] KARATSUBA result shape: 4x4
[decimal_gemm]   digit muls: 64 digit adds: 64 time (s): 0.000096
"
4,8,karatsuba,1,8.38999985717237e-05,64,64,,0,160851770267212255,"[[3936725898419366, 16109505968821836], [3702722739715444, 14244289726561372]]","{""ok"": true, ""elapsed"": 8.38999985717237e-05, ""muls"": 64, ""adds"": 64, ""sample"": [[3936725898419366, 16109505968821836], [3702722739715444, 14244289726561372]], ""checksum"": 160851770267212255}
","[decimal_gemm] KARATSUBA result shape: 4x4
[decimal_gemm]   digit muls: 64 digit adds: 64 time (s): 0.000084
"
4,8,karatsuba,2,8.519999391864985e-05,64,64,,0,218795226340315300,"[[16371516523682786, 12970477377057798], [19031964802469998, 18188109276189269]]","{""ok"": true, ""elapsed"": 8.519999391864985e-05, ""muls"": 64, ""adds"": 64, ""sample"": [[16371516523682786, 12970477377057798], [19031964802469998, 18188109276189269]], ""checksum"": 218795226340315300}
","[decimal_gemm] KARATSUBA result shape: 4x4
[decimal_gemm]   digit muls: 64 digit adds: 64 time (s): 0.000085
"
4,8,strassen,0,8.92000098247081e-05,64,64,,0,135775636441895068,"[[9936047600957388, 15028309000771696], [2277793279920845, 3336075209384592]]","{""ok"": true, ""elapsed"": 8.92000098247081e-05, ""muls"": 64, ""adds"": 64, ""sample"": [[9936047600957388, 15028309000771696], [2277793279920845, 3336075209384592]], ""checksum"": 135775636441895068}
","[decimal_gemm] STRASSEN result shape: 4x4
[decimal_gemm]   digit muls: 64 digit adds: 64 time (s): 0.000089
"
4,8,strassen,1,9.390000195708126e-05,64,64,,0,205437281288206555,"[[5573385933488190, 12278690859133865], [14023260943452326, 19913666442024341]]","{""ok"": true, ""elapsed"": 9.390000195708126e-05, ""muls"": 64, ""adds"": 64, ""sample"": [[5573385933488190, 12278690859133865], [14023260943452326, 19913666442024341]], ""checksum"": 205437281288206555}
","[decimal_gemm] STRASSEN result shape: 4x4
[decimal_gemm]   digit muls: 64 digit adds: 64 time (s): 0.000094
"
4,8,strassen,2,8.710000838618726e-05,64,64,,0,164487245460109594,"[[10829034386843281, 12764949601204282], [4943000083981247, 5895332568299663]]","{""ok"": true, ""elapsed"": 8.710000838618726e-05, ""muls"": 64, ""adds"": 64, ""sample"": [[10829034386843281, 12764949601204282], [4943000083981247, 5895332568299663]], ""checksum"": 164487245460109594}
","[decimal_gemm] STRASSEN result shape: 4x4
[decimal_gemm]   digit muls: 64 digit adds: 64 time (s): 0.000087
"
4,16,schoolbook,0,0.00015520000306423753,64,64,,0,1197651005317794027511719536044386,"[[87951409449123988324263500363897, 43170473627216796482904774355301], [129633516044520478400309496477667, 60227733379236269411874703175138]]","{""ok"": true, ""elapsed"": 0.00015520000306423753, ""muls"": 64, ""adds"": 64, ""sample"": [[87951409449123988324263500363897, 43170473627216796482904774355301], [129633516044520478400309496477667, 60227733379236269411874703175138]], ""checksum"": 1197651005317794027511719536044386}
","[decimal_gemm] SCHOOLBOOK result shape: 4x4
[decimal_gemm]   digit muls: 64 digit adds: 64 time (s): 0.000155
"
4,16,schoolbook,1,0.00010989999282173812,64,64,,0,1709224634223082531194322002317757,"[[100041787909613377836804889461212, 92371031247960396376015097579320], [96189687550694033538357624708398, 88743597430714559145682537432253]]","{""ok"": true, ""elapsed"": 0.00010989999282173812, ""muls"": 64, ""adds"": 64, ""sample"": [[100041787909613377836804889461212, 92371031247960396376015097579320], [96189687550694033538357624708398, 88743597430714559145682537432253]], ""checksum"": 1709224634223082531194322002317757}
","[decimal_gemm] SCHOOLBOOK result shape: 4x4
[decimal_gemm]   digit muls: 64 digit adds: 64 time (s): 0.000110
"
4,16,schoolbook,2,0.00011819999781437218,64,64,,0,1063738750137284374419936771516810,"[[106231043409764560779389461062143, 116790994082006536737469926710974], [49730908193168512309103057072861, 50671960661176092144055166705756]]","{""ok"": true, ""elapsed"": 0.00011819999781437218, ""muls"": 64, ""adds"": 64, ""sample"": [[106231043409764560779389461062143, 116790994082006536737469926710974], [49730908193168512309103057072861, 50671960661176092144055166705756]], ""checksum"": 1063738750137284374419936771516810}
","[decimal_gemm] SCHOOLBOOK result shape: 4x4
[decimal_gemm]   digit muls: 64 digit adds: 64 time (s): 0.000118
"
4,16,karatsuba,0,0.0001382000045850873,64,64,,0,1403076929438272653109937528849973,"[[80109939515110743194997451295495, 133367460915918818486741198832082], [98461876270046864925451250765210, 147635590711286291559995877648816]]","{""ok"": true, ""elapsed"": 0.0001382000045850873, ""muls"": 64, ""adds"": 64, ""sample"": [[80109939515110743194997451295495, 133367460915918818486741198832082], [98461876270046864925451250765210, 147635590711286291559995877648816]], ""checksum"": 1403076929438272653109937528849973}
","[decimal_gemm] KARATSUBA result shape: 4x4
[decimal_gemm]   digit muls: 64 digit adds: 64 time (s): 0.000138
"
4,16,karatsuba,1,0.00012290000449866056,64,64,,0,1680184671273059558578982464249156,"[[158043570922722249119856545207087, 108440586520075937004816028287145], [143015822711753096562292472596191, 88653036964609792450237942547392]]","{""ok"": true, ""elapsed"": 0.00012290000449866056, ""muls"": 64, ""adds"": 64, ""sample"": [[158043570922722249119856545207087, 108440586520075937004816028287145], [143015822711753096562292472596191, 88653036964609792450237942547392]], ""checksum"": 1680184671273059558578982464249156}
","[decimal_gemm] KARATSUBA result shape: 4x4
[decimal_gemm]   digit muls: 64 digit adds: 64 time (s): 0.000123
"
4,16,karatsuba,2,0.00014289999671746045,64,64,,0,1331846276858378816731940524977018,"[[124433765957148299792717264009266, 89997991276123978817020966641154], [96108792218674169417538597283921, 81421800448797443011084444299682]]","{""ok"": true, ""elapsed"": 0.00014289999671746045, ""muls"": 64, ""adds"": 64, ""sample"": [[124433765957148299792717264009266, 89997991276123978817020966641154], [96108792218674169417538597283921, 81421800448797443011084444299682]], ""checksum"": 1331846276858378816731940524977018}
","[decimal_gemm] KARATSUBA result shape: 4x4
[decimal_gemm]   digit muls: 64 digit adds: 64 time (s): 0.000143
"
4,16,strassen,0,0.00012799999967683107,64,64,,0,2367163209896123235407345603335087,"[[131100505955508350332162412250346, 88662826161401166393652311381188], [130436318728797045114286652025788, 97492755244060027734260924851092]]","{""ok"": true, ""elapsed"": 0.00012799999967683107, ""muls"": 64, ""adds"": 64, ""sample"": [[131100505955508350332162412250346, 88662826161401166393652311381188], [130436318728797045114286652025788, 97492755244060027734260924851092]], ""checksum"": 2367163209896123235407345603335087}
","[decimal_gemm] STRASSEN result shape: 4x4
[decimal_gemm]   digit muls: 64 digit adds: 64 time (s): 0.000128
"
4,16,strassen,1,0.00012409999908413738,64,64,,0,1647634317158595831276613566691341,"[[97375679870155690977186289699783, 72055655951055795600769124851482], [52424599757657483506171657028850, 38432212377801519602603920816973]]","{""ok"": true, ""elapsed"": 0.00012409999908413738, ""muls"": 64, ""adds"": 64, ""sample"": [[97375679870155690977186289699783, 72055655951055795600769124851482], [52424599757657483506171657028850, 38432212377801519602603920816973]], ""checksum"": 1647634317158595831276613566691341}
","[decimal_gemm] STRASSEN result shape: 4x4
[decimal_gemm]   digit muls: 64 digit adds: 64 time (s): 0.000124
"
4,16,strassen,2,0.0001227000029757619,64,64,,0,1870684014832015145519763008853570,"[[103990579122130158195904739709879, 161249689176439861316115316618771], [56406627998208077258794574394777, 79654893202930859752530889510289]]","{""ok"": true, ""elapsed"": 0.0001227000029757619, ""muls"": 64, ""adds"": 64, ""sample"": [[103990579122130158195904739709879, 161249689176439861316115316618771], [56406627998208077258794574394777, 79654893202930859752530889510289]], ""checksum"": 1870684014832015145519763008853570}
","[decimal_gemm] STRASSEN result shape: 4x4
[decimal_gemm]   digit muls: 64 digit adds: 64 time (s): 0.000123
"
8,4,schoolbook,0,0.0002447000006213784,512,512,,0,15783914563,"[[248053194, 177721223], [253718632, 191456789]]","{""ok"": true, ""elapsed"": 0.0002447000006213784, ""muls"": 512, ""adds"": 512, ""sample"": [[248053194, 177721223], [253718632, 191456789]], ""checksum"": 15783914563}
","[decimal_gemm] SCHOOLBOOK result shape: 8x8
[decimal_gemm]   digit muls: 512 digit adds: 512 time (s): 0.000245
"
8,4,schoolbook,1,0.00022739999985788018,512,512,,0,12379593300,"[[84380919, 140683576], [145412788, 203822593]]","{""ok"": true, ""elapsed"": 0.00022739999985788018, ""muls"": 512, ""adds"": 512, ""sample"": [[84380919, 140683576], [145412788, 203822593]], ""checksum"": 12379593300}
","[decimal_gemm] SCHOOLBOOK result shape: 8x8
[decimal_gemm]   digit muls: 512 digit adds: 512 time (s): 0.000227
"
8,4,schoolbook,2,0.00023289999808184803,512,512,,0,11530492380,"[[152759476, 90914516], [134213372, 124419141]]","{""ok"": true, ""elapsed"": 0.00023289999808184803, ""muls"": 512, ""adds"": 512, ""sample"": [[152759476, 90914516], [134213372, 124419141]], ""checksum"": 11530492380}
","[decimal_gemm] SCHOOLBOOK result shape: 8x8
[decimal_gemm]   digit muls: 512 digit adds: 512 time (s): 0.000233
"
8,4,karatsuba,0,0.0002249000099254772,512,512,,0,12705179311,"[[199368188, 185604313], [277698359, 292355964]]","{""ok"": true, ""elapsed"": 0.0002249000099254772, ""muls"": 512, ""adds"": 512, ""sample"": [[199368188, 185604313], [277698359, 292355964]], ""checksum"": 12705179311}
","[decimal_gemm] KARATSUBA result shape: 8x8
[decimal_gemm]   digit muls: 512 digit adds: 512 time (s): 0.000225
"
8,4,karatsuba,1,0.00022739999985788018,512,512,,0,11733438612,"[[91659524, 149685766], [119030248, 168132309]]","{""ok"": true, ""elapsed"": 0.00022739999985788018, ""muls"": 512, ""adds"": 512, ""sample"": [[91659524, 149685766], [119030248, 168132309]], ""checksum"": 11733438612}
","[decimal_gemm] KARATSUBA result shape: 8x8
[decimal_gemm]   digit muls: 512 digit adds: 512 time (s): 0.000227
"
8,4,karatsuba,2,0.00024390000908169895,512,512,,0,13148361603,"[[166786923, 173979218], [198856625, 251599734]]","{""ok"": true, ""elapsed"": 0.00024390000908169895, ""muls"": 512, ""adds"": 512, ""sample"": [[166786923, 173979218], [198856625, 251599734]], ""checksum"": 13148361603}
","[decimal_gemm] KARATSUBA result shape: 8x8
[decimal_gemm]   digit muls: 512 digit adds: 512 time (s): 0.000244
"
8,4,strassen,0,0.0002393000031588599,512,512,,0,12538275567,"[[201392742, 153726094], [188897622, 176041922]]","{""ok"": true, ""elapsed"": 0.0002393000031588599, ""muls"": 512, ""adds"": 512, ""sample"": [[201392742, 153726094], [188897622, 176041922]], ""checksum"": 12538275567}
","[decimal_gemm] STRASSEN result shape: 8x8
[decimal_gemm]   digit muls: 512 digit adds: 512 time (s): 0.000239
"
8,4,strassen,1,0.00022729999909643084,512,512,,0,12106557393,"[[181349732, 151154294], [171614411, 117693352]]","{""ok"": true, ""elapsed"": 0.00022729999909643084, ""muls"": 512, ""adds"": 512, ""sample"": [[181349732, 151154294], [171614411, 117693352]], ""checksum"": 12106557393}
","[decimal_gemm] STRASSEN result shape: 8x8
[decimal_gemm]   digit muls: 512 digit adds: 512 time (s): 0.000227
"
8,4,strassen,2,0.00022259999241214246,512,512,,0,13497589705,"[[155402736, 175266367], [148099567, 205716697]]","{""ok"": true, ""elapsed"": 0.00022259999241214246, ""muls"": 512, ""adds"": 512, ""sample"": [[155402736, 175266367], [148099567, 205716697]], ""checksum"": 13497589705}
","[decimal_gemm] STRASSEN result shape: 8x8
[decimal_gemm]   digit muls: 512 digit adds: 512 time (s): 0.000223
"
8,8,schoolbook,0,0.00028750000637955964,512,512,,0,1326613077329400020,"[[17009306634962419, 18059295566839374], [29663905321572385, 37177332147274702]]","{""ok"": true, ""elapsed"": 0.00028750000637955964, ""muls"": 512, ""adds"": 512, ""sample"": [[17009306634962419, 18059295566839374], [29663905321572385, 37177332147274702]], ""checksum"": 1326613077329400020}
","[decimal_gemm] SCHOOLBOOK result shape: 8x8
[decimal_gemm]   digit muls: 512 digit adds: 512 time (s): 0.000288
"
8,8,schoolbook,1,0.00029460000223480165,512,512,,0,1341821518233965154,"[[16934274487911678, 14364334294615753], [17549079894566761, 17783927674682550]]","{""ok"": true, ""elapsed"": 0.00029460000223480165, ""muls"": 512, ""adds"": 512, ""sample"": [[16934274487911678, 14364334294615753], [17549079894566761, 17783927674682550]], ""checksum"": 1341821518233965154}
","[decimal_gemm] SCHOOLBOOK result shape: 8x8
[decimal_gemm]   digit muls: 512 digit adds: 512 time (s): 0.000295
"
8,8,schoolbook,2,0.0003183000080753118,512,512,,0,1375764550222656132,"[[8191904281791392, 19149311546599489], [9169536688884725, 23199016640873904]]","{""ok"": true, ""elapsed"": 0.0003183000080753118, ""muls"": 512, ""adds"": 512, ""sample"": [[8191904281791392, 19149311546599489], [9169536688884725, 23199016640873904]], ""checksum"": 1375764550222656132}
","[decimal_gemm] SCHOOLBOOK result shape: 8x8
[decimal_gemm]   digit muls: 512 digit adds: 512 time (s): 0.000318
"
8,8,karatsuba,0,0.000304899993352592,512,512,,0,1334985091286317772,"[[20145349161863031, 15186203429784506], [28107737719923274, 22699859594142579]]","{""ok"": true, ""elapsed"": 0.000304899993352592, ""muls"": 512, ""adds"": 512, ""sample"": [[20145349161863031, 15186203429784506], [28107737719923274, 22699859594142579]], ""checksum"": 1334985091286317772}
","[decimal_gemm] KARATSUBA result shape: 8x8
[decimal_gemm]   digit muls: 512 digit adds: 512 time (s): 0.000305
"
8,8,karatsuba,1,0.0002792000013869256,512,512,,0,1533161562253938802,"[[18342670047477827, 17163910611891954], [19465896867971656, 16870526706384011]]","{""ok"": true, ""elapsed"": 0.0002792000013869256, ""muls"": 512, ""adds"": 512, ""sample"": [[18342670047477827, 17163910611891954], [19465896867971656, 16870526706384011]], ""checksum"": 1533161562253938802}
","[decimal_gemm] KARATSUBA result shape: 8x8
[decimal_gemm]   digit muls: 512 digit adds: 512 time (s): 0.000279
"
8,8,karatsuba,2,0.0002860000095097348,512,512,,0,1486905261677422836,"[[24063729251882907, 34719079926188249], [15485557121288123, 24067836330860817]]","{""ok"": true, ""elapsed"": 0.0002860000095097348, ""muls"": 512, ""adds"": 512, ""sample"": [[24063729251882907, 34719079926188249], [15485557121288123, 24067836330860817]], ""checksum"": 1486905261677422836}
","[decimal_gemm] KARATSUBA result shape: 8x8
[decimal_gemm]   digit muls: 512 digit adds: 512 time (s): 0.000286
"
8,8,strassen,0,0.000298400002066046,512,512,,0,1606109165297343707,"[[19774631701984615, 18730541452963634], [25374542280234944, 24201508711367728]]","{""ok"": true, ""elapsed"": 0.000298400002066046, ""muls"": 512, ""adds"": 512, ""sample"": [[19774631701984615, 18730541452963634], [25374542280234944, 24201508711367728]], ""checksum"": 1606109165297343707}
","[decimal_gemm] STRASSEN result shape: 8x8
[decimal_gemm]   digit muls: 512 digit adds: 512 time (s): 0.000298
"
8,8,strassen,1,0.0003159000043524429,512,512,,0,1245171496203636191,"[[18194163730534327, 23802268150895432], [22011276779438487, 22139151390350078]]","{""ok"": true, ""elapsed"": 0.0003159000043524429, ""muls"": 512, ""adds"": 512, ""sample"": [[18194163730534327, 23802268150895432], [22011276779438487, 22139151390350078]], ""checksum"": 1245171496203636191}
","[decimal_gemm] STRASSEN result shape: 8x8
[decimal_gemm]   digit muls: 512 digit adds: 512 time (s): 0.000316
"
8,8,strassen,2,0.000364200008334592,512,512,,0,1230954478802899156,"[[7137506961012586, 11567805469359970], [9960283194031924, 22703079031801539]]","{""ok"": true, ""elapsed"": 0.000364200008334592, ""muls"": 512, ""adds"": 512, ""sample"": [[7137506961012586, 11567805469359970], [9960283194031924, 22703079031801539]], ""checksum"": 1230954478802899156}
","[decimal_gemm] STRASSEN result shape: 8x8
[decimal_gemm]   digit muls: 512 digit adds: 512 time (s): 0.000364
"
8,16,schoolbook,0,0.0004481000069063157,512,512,,0,14746597023087650951124462797000812,"[[255990130971640732318358209971874, 247055342894398790373837381960199], [267071037317972867631403815522179, 197138562899349716245818460226014]]","{""ok"": true, ""elapsed"": 0.0004481000069063157, ""muls"": 512, ""adds"": 512, ""sample"": [[255990130971640732318358209971874, 247055342894398790373837381960199], [267071037317972867631403815522179, 197138562899349716245818460226014]], ""checksum"": 14746597023087650951124462797000812}
","[decimal_gemm] SCHOOLBOOK result shape: 8x8
[decimal_gemm]   digit muls: 512 digit adds: 512 time (s): 0.000448
"
8,16,schoolbook,1,0.0005228000081842765,512,512,,0,14014229607377120670195170785106126,"[[239945925417604966041715407454900, 231868139403162809672904179804903], [235842186318552605367969644110058, 225887472252974675740380054601913]]","{""ok"": true, ""elapsed"": 0.0005228000081842765, ""muls"": 512, ""adds"": 512, ""sample"": [[239945925417604966041715407454900, 231868139403162809672904179804903], [235842186318552605367969644110058, 225887472252974675740380054601913]], ""checksum"": 14014229607377120670195170785106126}
","[decimal_gemm] SCHOOLBOOK result shape: 8x8
[decimal_gemm]   digit muls: 512 digit adds: 512 time (s): 0.000523
"
8,16,schoolbook,2,0.0004783000040333718,512,512,,0,11229529945889883696323891789515712,"[[159439213333400140613588734281224, 274258630542392880849383190520220], [125588979884507757288649164368729, 310214837894330808829436159480413]]","{""ok"": true, ""elapsed"": 0.0004783000040333718, ""muls"": 512, ""adds"": 512, ""sample"": [[159439213333400140613588734281224, 274258630542392880849383190520220], [125588979884507757288649164368729, 310214837894330808829436159480413]], ""checksum"": 11229529945889883696323891789515712}
","[decimal_gemm] SCHOOLBOOK result shape: 8x8
[decimal_gemm]   digit muls: 512 digit adds: 512 time (s): 0.000478
"
8,16,karatsuba,0,0.0004440000047907233,512,512,,0,12515426396362068970685247083551577,"[[303035945301049621004287783357588, 173375612521928599402610200838003], [374400954251877248014947061183820, 208175740865209717744305249230914]]","{""ok"": true, ""elapsed"": 0.0004440000047907233, ""muls"": 512, ""adds"": 512, ""sample"": [[303035945301049621004287783357588, 173375612521928599402610200838003], [374400954251877248014947061183820, 208175740865209717744305249230914]], ""checksum"": 12515426396362068970685247083551577}
","[decimal_gemm] KARATSUBA result shape: 8x8
[decimal_gemm]   digit muls: 512 digit adds: 512 time (s): 0.000444
"
8,16,karatsuba,1,0.00046889999066479504,512,512,,0,13706962593297729375618896918461051,"[[212742780980527108096932362670978, 302939157967887590555738928768131], [125136803344902905740977229951931, 221236488232315575197417969850204]]","{""ok"": true, ""elapsed"": 0.00046889999066479504, ""muls"": 512, ""adds"": 512, ""sample"": [[212742780980527108096932362670978, 302939157967887590555738928768131], [125136803344902905740977229951931, 221236488232315575197417969850204]], ""checksum"": 13706962593297729375618896918461051}
","[decimal_gemm] KARATSUBA result shape: 8x8
[decimal_gemm]   digit muls: 512 digit adds: 512 time (s): 0.000469
"
8,16,karatsuba,2,0.0005756999889854342,512,512,,0,10606307601156316287716057386120301,"[[204023163009797289222848561632724, 221365840058734934049983156688495], [171484223587389000543805605967023, 240201335308281565759202208702461]]","{""ok"": true, ""elapsed"": 0.0005756999889854342, ""muls"": 512, ""adds"": 512, ""sample"": [[204023163009797289222848561632724, 221365840058734934049983156688495], [171484223587389000543805605967023, 240201335308281565759202208702461]], ""checksum"": 10606307601156316287716057386120301}
","[decimal_gemm] KARATSUBA result shape: 8x8
[decimal_gemm]   digit muls: 512 digit adds: 512 time (s): 0.000576
"
8,16,strassen,0,0.00046889999066479504,512,512,,0,14117742285614020531702167787469822,"[[235713707629427970811720131783457, 223010114058923750530387188945753], [195763335681785839054235867134422, 256214117206955370970652899363435]]","{""ok"": true, ""elapsed"": 0.00046889999066479504, ""muls"": 512, ""adds"": 512, ""sample"": [[235713707629427970811720131783457, 223010114058923750530387188945753], [195763335681785839054235867134422, 256214117206955370970652899363435]], ""checksum"": 14117742285614020531702167787469822}
","[decimal_gemm] STRASSEN result shape: 8x8
[decimal_gemm]   digit muls: 512 digit adds: 512 time (s): 0.000469
"
8,16,strassen,1,0.00045059999683871865,512,512,,0,14261854529643140977025750367648615,"[[224848125515032667876772950460911, 232026044705147094123124078165224], [213083810657633501634719807413812, 247777063409104297968028070577741]]","{""ok"": true, ""elapsed"": 0.00045059999683871865, ""muls"": 512, ""adds"": 512, ""sample"": [[224848125515032667876772950460911, 232026044705147094123124078165224], [213083810657633501634719807413812, 247777063409104297968028070577741]], ""checksum"": 14261854529643140977025750367648615}
","[decimal_gemm] STRASSEN result shape: 8x8
[decimal_gemm]   digit muls: 512 digit adds: 512 time (s): 0.000451
"
8,16,strassen,2,0.0004856000014115125,512,512,,0,12779835418440458294758806621282492,"[[102494576056734568491227727035648, 189595146074521949367513103779675], [106923507271416474302911776265445, 230767881123086436019899387121707]]","{""ok"": true, ""elapsed"": 0.0004856000014115125, ""muls"": 512, ""adds"": 512, ""sample"": [[102494576056734568491227727035648, 189595146074521949367513103779675], [106923507271416474302911776265445, 230767881123086436019899387121707]], ""checksum"": 12779835418440458294758806621282492}
","[decimal_gemm] STRASSEN result shape: 8x8
[decimal_gemm]   digit muls: 512 digit adds: 512 time (s): 0.000486
"
16,4,schoolbook,0,0.0012126999936299399,4096,4096,,0,105230557124,"[[576127218, 434350927], [345642864, 250773128]]","{""ok"": true, ""elapsed"": 0.0012126999936299399, ""muls"": 4096, ""adds"": 4096, ""sample"": [[576127218, 434350927], [345642864, 250773128]], ""checksum"": 105230557124}
","[decimal_gemm] SCHOOLBOOK result shape: 16x16
[decimal_gemm]   digit muls: 4096 digit adds: 4096 time (s): 0.001213
"
16,4,schoolbook,1,0.001061300004948862,4096,4096,,0,100328051476,"[[434178846, 432606934], [434023978, 408514961]]","{""ok"": true, ""elapsed"": 0.001061300004948862, ""muls"": 4096, ""adds"": 4096, ""sample"": [[434178846, 432606934], [434023978, 408514961]], ""checksum"": 100328051476}
","[decimal_gemm] SCHOOLBOOK result shape: 16x16
[decimal_gemm]   digit muls: 4096 digit adds: 4096 time (s): 0.001061
"
16,4,schoolbook,2,0.0011276000004727393,4096,4096,,0,106780857275,"[[413071681, 286593309], [393142753, 358568508]]","{""ok"": true, ""elapsed"": 0.0011276000004727393, ""muls"": 4096, ""adds"": 4096, ""sample"": [[413071681, 286593309], [393142753, 358568508]], ""checksum"": 106780857275}
","[decimal_gemm] SCHOOLBOOK result shape: 16x16
[decimal_gemm]   digit muls: 4096 digit adds: 4096 time (s): 0.001128
"
16,4,karatsuba,0,0.001068400000804104,4096,4096,,0,110688966113,"[[581031645, 544158149], [535727578, 458742019]]","{""ok"": true, ""elapsed"": 0.001068400000804104, ""muls"": 4096, ""adds"": 4096, ""sample"": [[581031645, 544158149], [535727578, 458742019]], ""checksum"": 110688966113}
","[decimal_gemm] KARATSUBA result shape: 16x16
[decimal_gemm]   digit muls: 4096 digit adds: 4096 time (s): 0.001068
"
16,4,karatsuba,1,0.001086299991584383,4096,4096,,0,103777681461,"[[283389353, 164401160], [515540480, 308238139]]","{""ok"": true, ""elapsed"": 0.001086299991584383, ""muls"": 4096, ""adds"": 4096, ""sample"": [[283389353, 164401160], [515540480, 308238139]], ""checksum"": 103777681461}
","[decimal_gemm] KARATSUBA result shape: 16x16
[decimal_gemm]   digit muls: 4096 digit adds: 4096 time (s): 0.001086
"
16,4,karatsuba,2,0.0010685999877750874,4096,4096,,0,101972839618,"[[295871142, 319498228], [201327697, 256285400]]","{""ok"": true, ""elapsed"": 0.0010685999877750874, ""muls"": 4096, ""adds"": 4096, ""sample"": [[295871142, 319498228], [201327697, 256285400]], ""checksum"": 101972839618}
","[decimal_gemm] KARATSUBA result shape: 16x16
[decimal_gemm]   digit muls: 4096 digit adds: 4096 time (s): 0.001069
"
16,4,strassen,0,0.0010886000090977177,4096,4096,,0,105092051149,"[[483210393, 438734113], [390997009, 352794560]]","{""ok"": true, ""elapsed"": 0.0010886000090977177, ""muls"": 4096, ""adds"": 4096, ""sample"": [[483210393, 438734113], [390997009, 352794560]], ""checksum"": 105092051149}
","[decimal_gemm] STRASSEN result shape: 16x16
[decimal_gemm]   digit muls: 4096 digit adds: 4096 time (s): 0.001089
"
16,4,strassen,1,0.0010776999988593161,4096,4096,,0,108270286643,"[[352711776, 438032807], [370417141, 384898299]]","{""ok"": true, ""elapsed"": 0.0010776999988593161, ""muls"": 4096, ""adds"": 4096, ""sample"": [[352711776, 438032807], [370417141, 384898299]], ""checksum"": 108270286643}
","[decimal_gemm] STRASSEN result shape: 16x16
[decimal_gemm]   digit muls: 4096 digit adds: 4096 time (s): 0.001078
"
16,4,strassen,2,0.001076100001228042,4080,4080,,0,103023116351,"[[336621665, 317050647], [411230686, 427627637]]","{""ok"": true, ""elapsed"": 0.001076100001228042, ""muls"": 4080, ""adds"": 4080, ""sample"": [[336621665, 317050647], [411230686, 427627637]], ""checksum"": 103023116351}
","[decimal_gemm] STRASSEN result shape: 16x16
[decimal_gemm]   digit muls: 4080 digit adds: 4080 time (s): 0.001076
"
16,8,schoolbook,0,0.001408099997206591,4096,4096,,0,9859278407552531912,"[[30011335323255698, 23140344697435524], [30160514139136112, 20911424232053430]]","{""ok"": true, ""elapsed"": 0.001408099997206591, ""muls"": 4096, ""adds"": 4096, ""sample"": [[30011335323255698, 23140344697435524], [30160514139136112, 20911424232053430]], ""checksum"": 9859278407552531912}
","[decimal_gemm] SCHOOLBOOK result shape: 16x16
[decimal_gemm]   digit muls: 4096 digit adds: 4096 time (s): 0.001408
"
16,8,schoolbook,1,0.0013545999972848222,4096,4096,,0,9044420647170172804,"[[28990514045527250, 40971630001621666], [27594872649352291, 39757934621370040]]","{""ok"": true, ""elapsed"": 0.0013545999972848222, ""muls"": 4096, ""adds"": 4096, ""sample"": [[28990514045527250, 40971630001621666], [27594872649352291, 39757934621370040]], ""checksum"": 9044420647170172804}
","[decimal_gemm] SCHOOLBOOK result shape: 16x16
[decimal_gemm]   digit muls: 4096 digit adds: 4096 time (s): 0.001355
"
16,8,schoolbook,2,0.0013866000081179664,4096,4096,,0,10589226410170829883,"[[49918465777150179, 38220256457061504], [52209422561854842, 37211098286449865]]","{""ok"": true, ""elapsed"": 0.0013866000081179664, ""muls"": 4096, ""adds"": 4096, ""sample"": [[49918465777150179, 38220256457061504], [52209422561854842, 37211098286449865]], ""checksum"": 10589226410170829883}
","[decimal_gemm] SCHOOLBOOK result shape: 16x16
[decimal_gemm]   digit muls: 4096 digit adds: 4096 time (s): 0.001387
"
16,8,karatsuba,0,0.0015555999998468906,4096,4096,,0,10442801148137583246,"[[25904778120690690, 34424513018247048], [29722874822693025, 23853748505453933]]","{""ok"": true, ""elapsed"": 0.0015555999998468906, ""muls"": 4096, ""adds"": 4096, ""sample"": [[25904778120690690, 34424513018247048], [29722874822693025, 23853748505453933]], ""checksum"": 10442801148137583246}
","[decimal_gemm] KARATSUBA result shape: 16x16
[decimal_gemm]   digit muls: 4096 digit adds: 4096 time (s): 0.001556
"
16,8,karatsuba,1,0.001370199999655597,4096,4096,,0,9775086345459534441,"[[19748543809925949, 32044305190804609], [33293417167735526, 40844190599016064]]","{""ok"": true, ""elapsed"": 0.001370199999655597, ""muls"": 4096, ""adds"": 4096, ""sample"": [[19748543809925949, 32044305190804609], [33293417167735526, 40844190599016064]], ""checksum"": 9775086345459534441}
","[decimal_gemm] KARATSUBA result shape: 16x16
[decimal_gemm]   digit muls: 4096 digit adds: 4096 time (s): 0.001370
"
16,8,karatsuba,2,0.001364399999147281,4096,4096,,0,10645588409938173021,"[[54172898501469687, 51408894497713862], [45816106802326702, 47490149361498721]]","{""ok"": true, ""elapsed"": 0.001364399999147281, ""muls"": 4096, ""adds"": 4096, ""sample"": [[54172898501469687, 51408894497713862], [45816106802326702, 47490149361498721]], ""checksum"": 10645588409938173021}
","[decimal_gemm] KARATSUBA result shape: 16x16
[decimal_gemm]   digit muls: 4096 digit adds: 4096 time (s): 0.001364
"
16,8,strassen,0,0.0013659999967785552,4096,4096,,0,10920235984354143536,"[[71050982259394377, 47689213863651181], [44719863406676461, 37605872960850993]]","{""ok"": true, ""elapsed"": 0.0013659999967785552, ""muls"": 4096, ""adds"": 4096, ""sample"": [[71050982259394377, 47689213863651181], [44719863406676461, 37605872960850993]], ""checksum"": 10920235984354143536}
","[decimal_gemm] STRASSEN result shape: 16x16
[decimal_gemm]   digit muls: 4096 digit adds: 4096 time (s): 0.001366
"
16,8,strassen,1,0.0014338000037241727,4096,4096,,0,9905928075384099989,"[[23568171974998291, 33268027486298801], [36939847625571326, 38401154326230545]]","{""ok"": true, ""elapsed"": 0.0014338000037241727, ""muls"": 4096, ""adds"": 4096, ""sample"": [[23568171974998291, 33268027486298801], [36939847625571326, 38401154326230545]], ""checksum"": 9905928075384099989}
","[decimal_gemm] STRASSEN result shape: 16x16
[decimal_gemm]   digit muls: 4096 digit adds: 4096 time (s): 0.001434
"
16,8,strassen,2,0.0014075000071898103,4096,4096,,0,10832211014500868628,"[[44672125661525836, 43135426780658329], [38996010489125216, 43529641020823617]]","{""ok"": true, ""elapsed"": 0.0014075000071898103, ""muls"": 4096, ""adds"": 4096, ""sample"": [[44672125661525836, 43135426780658329], [38996010489125216, 43529641020823617]], ""checksum"": 10832211014500868628}
","[decimal_gemm] STRASSEN result shape: 16x16
[decimal_gemm]   digit muls: 4096 digit adds: 4096 time (s): 0.001408
"
16,16,schoolbook,0,0.0020739000028697774,4096,4096,,0,104948995993066398029510457242157798,"[[320200614383561209913978140047623, 365533898417390075608620348253268], [442530793394849313064962588833485, 392326044688546195628840522457974]]","{""ok"": true, ""elapsed"": 0.0020739000028697774, ""muls"": 4096, ""adds"": 4096, ""sample"": [[320200614383561209913978140047623, 365533898417390075608620348253268], [442530793394849313064962588833485, 392326044688546195628840522457974]], ""checksum"": 104948995993066398029510457242157798}
","[decimal_gemm] SCHOOLBOOK result shape: 16x16
[decimal_gemm]   digit muls: 4096 digit adds: 4096 time (s): 0.002074
"
16,16,schoolbook,1,0.001955700005055405,4096,4096,,0,99255998236277180677061965679991839,"[[262038589717191271368641757120342, 264422675301616256662488263539921], [411441532929042611982728994837815, 372202876961483772671806922504316]]","{""ok"": true, ""elapsed"": 0.001955700005055405, ""muls"": 4096, ""adds"": 4096, ""sample"": [[262038589717191271368641757120342, 264422675301616256662488263539921], [411441532929042611982728994837815, 372202876961483772671806922504316]], ""checksum"": 99255998236277180677061965679991839}
","[decimal_gemm] SCHOOLBOOK result shape: 16x16
[decimal_gemm]   digit muls: 4096 digit adds: 4096 time (s): 0.001956
"
16,16,schoolbook,2,0.001938700006576255,4096,4096,,0,107762171087364146392467919843423429,"[[271205442480898323410021346673318, 350000934089632784948764513932765], [238024060216061204089175214540579, 444748107476631637521106420826097]]","{""ok"": true, ""elapsed"": 0.001938700006576255, ""muls"": 4096, ""adds"": 4096, ""sample"": [[271205442480898323410021346673318, 350000934089632784948764513932765], [238024060216061204089175214540579, 444748107476631637521106420826097]], ""checksum"": 107762171087364146392467919843423429}
","[decimal_gemm] SCHOOLBOOK result shape: 16x16
[decimal_gemm]   digit muls: 4096 digit adds: 4096 time (s): 0.001939
"
16,16,karatsuba,0,0.002010099997278303,4096,4096,,0,105707538800322966038491651931292924,"[[529647918610875454552371764278737, 652680130506709461590342659367353], [417971981503875723122475182846424, 489126231310390720595722627531222]]","{""ok"": true, ""elapsed"": 0.002010099997278303, ""muls"": 4096, ""adds"": 4096, ""sample"": [[529647918610875454552371764278737, 652680130506709461590342659367353], [417971981503875723122475182846424, 489126231310390720595722627531222]], ""checksum"": 105707538800322966038491651931292924}
","[decimal_gemm] KARATSUBA result shape: 16x16
[decimal_gemm]   digit muls: 4096 digit adds: 4096 time (s): 0.002010
"
16,16,karatsuba,1,0.001931000006152317,4096,4096,,0,105566607161916875155846734668385950,"[[453967918833578603045747554002079, 530554068537121785976776997818661], [416558571529716265541560088594512, 442267011938530492022213905960977]]","{""ok"": true, ""elapsed"": 0.001931000006152317, ""muls"": 4096, ""adds"": 4096, ""sample"": [[453967918833578603045747554002079, 530554068537121785976776997818661], [416558571529716265541560088594512, 442267011938530492022213905960977]], ""checksum"": 105566607161916875155846734668385950}
","[decimal_gemm] KARATSUBA result shape: 16x16
[decimal_gemm]   digit muls: 4096 digit adds: 4096 time (s): 0.001931
"
16,16,karatsuba,2,0.00190459999430459,4096,4096,,0,110640499605245359258018404045252811,"[[598373197520588176260241916336786, 439482101990504641932995360559623], [401325868548198912007305577672517, 327939613689362824798183622377964]]","{""ok"": true, ""elapsed"": 0.00190459999430459, ""muls"": 4096, ""adds"": 4096, ""sample"": [[598373197520588176260241916336786, 439482101990504641932995360559623], [401325868548198912007305577672517, 327939613689362824798183622377964]], ""checksum"": 110640499605245359258018404045252811}
","[decimal_gemm] KARATSUBA result shape: 16x16
[decimal_gemm]   digit muls: 4096 digit adds: 4096 time (s): 0.001905
"
16,16,strassen,0,0.0020194000098854303,4096,4096,,0,100964570876650463838901601852990496,"[[561048195578418495020791959490101, 461728574553888483545730803561859], [233726060817502522025886189558895, 299759924410359841064593153011736]]","{""ok"": true, ""elapsed"": 0.0020194000098854303, ""muls"": 4096, ""adds"": 4096, ""sample"": [[561048195578418495020791959490101, 461728574553888483545730803561859], [233726060817502522025886189558895, 299759924410359841064593153011736]], ""checksum"": 100964570876650463838901601852990496}
","[decimal_gemm] STRASSEN result shape: 16x16
[decimal_gemm]   digit muls: 4096 digit adds: 4096 time (s): 0.002019
"
16,16,strassen,1,0.0017979999975068495,4096,4096,,0,94571273256656312857459752484643150,"[[528236968066693417096618327898902, 535287907506055953272374151865264], [486888179581128604601944470821150, 432772834536884552144743814721930]]","{""ok"": true, ""elapsed"": 0.0017979999975068495, ""muls"": 4096, ""adds"": 4096, ""sample"": [[528236968066693417096618327898902, 535287907506055953272374151865264], [486888179581128604601944470821150, 432772834536884552144743814721930]], ""checksum"": 94571273256656312857459752484643150}
","[decimal_gemm] STRASSEN result shape: 16x16
[decimal_gemm]   digit muls: 4096 digit adds: 4096 time (s): 0.001798
"
16,16,strassen,2,0.001949500001501292,4096,4096,,0,97927789502170823475317660695132635,"[[304005946809223531454826435991479, 406999906121354101190008351201705], [206708645094714102985860812413014, 268919376744869274525521182721911]]","{""ok"": true, ""elapsed"": 0.001949500001501292, ""muls"": 4096, ""adds"": 4096, ""sample"": [[304005946809223531454826435991479, 406999906121354101190008351201705], [206708645094714102985860812413014, 268919376744869274525521182721911]], ""checksum"": 97927789502170823475317660695132635}
","[decimal_gemm] STRASSEN result shape: 16x16
[decimal_gemm]   digit muls: 4096 digit adds: 4096 time (s): 0.001950
"
32,4,schoolbook,0,0.005619600007776171,32768,32768,,0,816685236225,"[[964058020, 898255420], [1016697395, 954109808]]","{""ok"": true, ""elapsed"": 0.005619600007776171, ""muls"": 32768, ""adds"": 32768, ""sample"": [[964058020, 898255420], [1016697395, 954109808]], ""checksum"": 816685236225}
","[decimal_gemm] SCHOOLBOOK result shape: 32x32
[decimal_gemm]   digit muls: 32768 digit adds: 32768 time (s): 0.005620
"
32,4,schoolbook,1,0.005688700010068715,32768,32768,,0,797049759558,"[[778267383, 840285673], [764195664, 694310517]]","{""ok"": true, ""elapsed"": 0.005688700010068715, ""muls"": 32768, ""adds"": 32768, ""sample"": [[778267383, 840285673], [764195664, 694310517]], ""checksum"": 797049759558}
","[decimal_gemm] SCHOOLBOOK result shape: 32x32
[decimal_gemm]   digit muls: 32768 digit adds: 32768 time (s): 0.005689
"
32,4,schoolbook,2,0.0057416000054217875,32768,32768,,0,845760576913,"[[847937610, 709697909], [915626251, 794720217]]","{""ok"": true, ""elapsed"": 0.0057416000054217875, ""muls"": 32768, ""adds"": 32768, ""sample"": [[847937610, 709697909], [915626251, 794720217]], ""checksum"": 845760576913}
","[decimal_gemm] SCHOOLBOOK result shape: 32x32
[decimal_gemm]   digit muls: 32768 digit adds: 32768 time (s): 0.005742
"
32,4,karatsuba,0,0.005496900004800409,32768,32768,,0,796381943452,"[[664425162, 790907849], [777509321, 999737241]]","{""ok"": true, ""elapsed"": 0.005496900004800409, ""muls"": 32768, ""adds"": 32768, ""sample"": [[664425162, 790907849], [777509321, 999737241]], ""checksum"": 796381943452}
","[decimal_gemm] KARATSUBA result shape: 32x32
[decimal_gemm]   digit muls: 32768 digit adds: 32768 time (s): 0.005497
"
32,4,karatsuba,1,0.005549100009375252,32736,32736,,0,804025001596,"[[900515273, 1056562787], [841622280, 911366062]]","{""ok"": true, ""elapsed"": 0.005549100009375252, ""muls"": 32736, ""adds"": 32736, ""sample"": [[900515273, 1056562787], [841622280, 911366062]], ""checksum"": 804025001596}
","[decimal_gemm] KARATSUBA result shape: 32x32
[decimal_gemm]   digit muls: 32736 digit adds: 32736 time (s): 0.005549
"
32,4,karatsuba,2,0.00563680000777822,32768,32768,,0,752589300644,"[[682049077, 788632727], [786837840, 940559112]]","{""ok"": true, ""elapsed"": 0.00563680000777822, ""muls"": 32768, ""adds"": 32768, ""sample"": [[682049077, 788632727], [786837840, 940559112]], ""checksum"": 752589300644}
","[decimal_gemm] KARATSUBA result shape: 32x32
[decimal_gemm]   digit muls: 32768 digit adds: 32768 time (s): 0.005637
"
32,4,strassen,0,0.0055914999975357205,32768,32768,,0,806559696018,"[[841984419, 708042778], [678254028, 679079108]]","{""ok"": true, ""elapsed"": 0.0055914999975357205, ""muls"": 32768, ""adds"": 32768, ""sample"": [[841984419, 708042778], [678254028, 679079108]], ""checksum"": 806559696018}
","[decimal_gemm] STRASSEN result shape: 32x32
[decimal_gemm]   digit muls: 32768 digit adds: 32768 time (s): 0.005591
"
32,4,strassen,1,0.0057450000022072345,32768,32768,,0,783739256801,"[[1055459563, 995934854], [711755877, 770767401]]","{""ok"": true, ""elapsed"": 0.0057450000022072345, ""muls"": 32768, ""adds"": 32768, ""sample"": [[1055459563, 995934854], [711755877, 770767401]], ""checksum"": 783739256801}
","[decimal_gemm] STRASSEN result shape: 32x32
[decimal_gemm]   digit muls: 32768 digit adds: 32768 time (s): 0.005745
"
32,4,strassen,2,0.005386800010455772,32768,32768,,0,813413565769,"[[794276478, 835130115], [984253710, 981645680]]","{""ok"": true, ""elapsed"": 0.005386800010455772, ""muls"": 32768, ""adds"": 32768, ""sample"": [[794276478, 835130115], [984253710, 981645680]], ""checksum"": 813413565769}
","[decimal_gemm] STRASSEN result shape: 32x32
[decimal_gemm]   digit muls: 32768 digit adds: 32768 time (s): 0.005387
"
32,8,schoolbook,0,0.006578299988177605,32768,32768,,0,81147576047027721153,"[[62816343510798045, 75556484486393897], [62136937680446773, 76097709552562331]]","{""ok"": true, ""elapsed"": 0.006578299988177605, ""muls"": 32768, ""adds"": 32768, ""sample"": [[62816343510798045, 75556484486393897], [62136937680446773, 76097709552562331]], ""checksum"": 81147576047027721153}
","[decimal_gemm] SCHOOLBOOK result shape: 32x32
[decimal_gemm]   digit muls: 32768 digit adds: 32768 time (s): 0.006578
"
32,8,schoolbook,1,0.006782399999792688,32768,32768,,0,82934277333277563525,"[[103356770716430921, 109001490601300773], [79273952868158364, 89629788154491168]]","{""ok"": true, ""elapsed"": 0.006782399999792688, ""muls"": 32768, ""adds"": 32768, ""sample"": [[103356770716430921, 109001490601300773], [79273952868158364, 89629788154491168]], ""checksum"": 82934277333277563525}
","[decimal_gemm] SCHOOLBOOK result shape: 32x32
[decimal_gemm]   digit muls: 32768 digit adds: 32768 time (s): 0.006782
"
32,8,schoolbook,2,0.007412400009343401,32768,32768,,0,80603626226821107571,"[[88031119180703390, 80983732240607592], [79374755208570010, 64072646883435431]]","{""ok"": true, ""elapsed"": 0.007412400009343401, ""muls"": 32768, ""adds"": 32768, ""sample"": [[88031119180703390, 80983732240607592], [79374755208570010, 64072646883435431]], ""checksum"": 80603626226821107571}
","[decimal_gemm] SCHOOLBOOK result shape: 32x32
[decimal_gemm]   digit muls: 32768 digit adds: 32768 time (s): 0.007412
"
32,8,karatsuba,0,0.00863989999925252,32768,32768,,0,80943514540648070662,"[[81469643065386114, 70812910072324447], [84476681058136891, 72391499483234584]]","{""ok"": true, ""elapsed"": 0.00863989999925252, ""muls"": 32768, ""adds"": 32768, ""sample"": [[81469643065386114, 70812910072324447], [84476681058136891, 72391499483234584]], ""checksum"": 80943514540648070662}
","[decimal_gemm] KARATSUBA result shape: 32x32
[decimal_gemm]   digit muls: 32768 digit adds: 32768 time (s): 0.008640
"
32,8,karatsuba,1,0.006705699997837655,32768,32768,,0,79507927357178014710,"[[93868810403589826, 84686058656039803], [91541826287308604, 79307929385813828]]","{""ok"": true, ""elapsed"": 0.006705699997837655, ""muls"": 32768, ""adds"": 32768, ""sample"": [[93868810403589826, 84686058656039803], [91541826287308604, 79307929385813828]], ""checksum"": 79507927357178014710}
","[decimal_gemm] KARATSUBA result shape: 32x32
[decimal_gemm]   digit muls: 32768 digit adds: 32768 time (s): 0.006706
"
32,8,karatsuba,2,0.00640499999281019,32768,32768,,0,83002067122197800202,"[[87795751547832814, 84135591490605805], [65445293505992216, 66605314903478374]]","{""ok"": true, ""elapsed"": 0.00640499999281019, ""muls"": 32768, ""adds"": 32768, ""sample"": [[87795751547832814, 84135591490605805], [65445293505992216, 66605314903478374]], ""checksum"": 83002067122197800202}
","[decimal_gemm] KARATSUBA result shape: 32x32
[decimal_gemm]   digit muls: 32768 digit adds: 32768 time (s): 0.006405
"
32,8,strassen,0,0.006527700010337867,32768,32768,,0,74858726349353661804,"[[70329620259838068, 86473173537934521], [56180745391041293, 73842161709648571]]","{""ok"": true, ""elapsed"": 0.006527700010337867, ""muls"": 32768, ""adds"": 32768, ""sample"": [[70329620259838068, 86473173537934521], [56180745391041293, 73842161709648571]], ""checksum"": 74858726349353661804}
","[decimal_gemm] STRASSEN result shape: 32x32
[decimal_gemm]   digit muls: 32768 digit adds: 32768 time (s): 0.006528
"
32,8,strassen,1,0.007039399992208928,32768,32768,,0,78285481526126056907,"[[70250094334530371, 76341955817136998], [49834514795733192, 66650163159858274]]","{""ok"": true, ""elapsed"": 0.007039399992208928, ""muls"": 32768, ""adds"": 32768, ""sample"": [[70250094334530371, 76341955817136998], [49834514795733192, 66650163159858274]], ""checksum"": 78285481526126056907}
","[decimal_gemm] STRASSEN result shape: 32x32
[decimal_gemm]   digit muls: 32768 digit adds: 32768 time (s): 0.007039
"
32,8,strassen,2,0.007015800001681782,32768,32768,,0,83854345341657186606,"[[79063006083821738, 82192313857077519], [89388244697020897, 97415628534570265]]","{""ok"": true, ""elapsed"": 0.007015800001681782, ""muls"": 32768, ""adds"": 32768, ""sample"": [[79063006083821738, 82192313857077519], [89388244697020897, 97415628534570265]], ""checksum"": 83854345341657186606}
","[decimal_gemm] STRASSEN result shape: 32x32
[decimal_gemm]   digit muls: 32768 digit adds: 32768 time (s): 0.007016
"
32,16,schoolbook,0,0.009795899997698143,32768,32768,,0,801072389735357677925190523898540421,"[[890130259824040171090461682165104, 958528394206592140464314748848175], [1042089355301367416941692627558836, 1009932386032893258157977640521564]]","{""ok"": true, ""elapsed"": 0.009795899997698143, ""muls"": 32768, ""adds"": 32768, ""sample"": [[890130259824040171090461682165104, 958528394206592140464314748848175], [1042089355301367416941692627558836, 1009932386032893258157977640521564]], ""checksum"": 801072389735357677925190523898540421}
","[decimal_gemm] SCHOOLBOOK result shape: 32x32
[decimal_gemm]   digit muls: 32768 digit adds: 32768 time (s): 0.009796
"
32,16,schoolbook,1,0.009689400001661852,32768,32768,,0,824521888005031064893233075114373324,"[[774764358925190142834645295375250, 825374224893001210952449324211258], [489634853737668530495023914920846, 743729782076933345160929674885282]]","{""ok"": true, ""elapsed"": 0.009689400001661852, ""muls"": 32768, ""adds"": 32768, ""sample"": [[774764358925190142834645295375250, 825374224893001210952449324211258], [489634853737668530495023914920846, 743729782076933345160929674885282]], ""checksum"": 824521888005031064893233075114373324}
","[decimal_gemm] SCHOOLBOOK result shape: 32x32
[decimal_gemm]   digit muls: 32768 digit adds: 32768 time (s): 0.009689
"
32,16,schoolbook,2,0.010048799987998791,32768,32768,,0,807423491088134072357878669515541296,"[[1057591707342458087942868672388320, 850170197658550703072181892325315], [898319290230095910425643690921904, 725795170229437911361003119487338]]","{""ok"": true, ""elapsed"": 0.010048799987998791, ""muls"": 32768, ""adds"": 32768, ""sample"": [[1057591707342458087942868672388320, 850170197658550703072181892325315], [898319290230095910425643690921904, 725795170229437911361003119487338]], ""checksum"": 807423491088134072357878669515541296}
","[decimal_gemm] SCHOOLBOOK result shape: 32x32
[decimal_gemm]   digit muls: 32768 digit adds: 32768 time (s): 0.010049
"
32,16,karatsuba,0,0.009209299998474307,32768,32768,,0,805822146830401185828172814420982533,"[[820147952705819022978980635145570, 912753235540750920869311253858690], [659702376442833801623948030779800, 890036876631516295721959846049526]]","{""ok"": true, ""elapsed"": 0.009209299998474307, ""muls"": 32768, ""adds"": 32768, ""sample"": [[820147952705819022978980635145570, 912753235540750920869311253858690], [659702376442833801623948030779800, 890036876631516295721959846049526]], ""checksum"": 805822146830401185828172814420982533}
","[decimal_gemm] KARATSUBA result shape: 32x32
[decimal_gemm]   digit muls: 32768 digit adds: 32768 time (s): 0.009209
"
32,16,karatsuba,1,0.009422400005860254,32768,32768,,0,802397708105066985256432351302465414,"[[746897468104325207101727003821840, 844740708908663901544512631226642], [901118234105727475951067644496477, 677697554991794958188558096943256]]","{""ok"": true, ""elapsed"": 0.009422400005860254, ""muls"": 32768, ""adds"": 32768, ""sample"": [[746897468104325207101727003821840, 844740708908663901544512631226642], [901118234105727475951067644496477, 677697554991794958188558096943256]], ""checksum"": 802397708105066985256432351302465414}
","[decimal_gemm] KARATSUBA result shape: 32x32
[decimal_gemm]   digit muls: 32768 digit adds: 32768 time (s): 0.009422
"
32,16,karatsuba,2,0.009578899989719503,32768,32768,,0,847565798729395807729529498364914287,"[[941641977502082552502033758714348, 941839613932419787265590531816201], [681661126879128147942154991299723, 795396407512760904489551010842514]]","{""ok"": true, ""elapsed"": 0.009578899989719503, ""muls"": 32768, ""adds"": 32768, ""sample"": [[941641977502082552502033758714348, 941839613932419787265590531816201], [681661126879128147942154991299723, 795396407512760904489551010842514]], ""checksum"": 847565798729395807729529498364914287}
","[decimal_gemm] KARATSUBA result shape: 32x32
[decimal_gemm]   digit muls: 32768 digit adds: 32768 time (s): 0.009579
"
32,16,strassen,0,0.009695500004454516,32768,32768,,0,790991428750500122621150172197478559,"[[942125260309879277482260840876151, 897506633112409845161067902074150], [954422240689906527715387133172052, 773929985894486142067133097560990]]","{""ok"": true, ""elapsed"": 0.009695500004454516, ""muls"": 32768, ""adds"": 32768, ""sample"": [[942125260309879277482260840876151, 897506633112409845161067902074150], [954422240689906527715387133172052, 773929985894486142067133097560990]], ""checksum"": 790991428750500122621150172197478559}
","[decimal_gemm] STRASSEN result shape: 32x32
[decimal_gemm]   digit muls: 32768 digit adds: 32768 time (s): 0.009696
"
32,16,strassen,1,0.009709300007671118,32768,32768,,0,792120989144010883890656473213901662,"[[808463404280215282330582109405293, 629519051772089506474506617791142], [701316986922710780344987162497407, 522351838523360270902282225077225]]","{""ok"": true, ""elapsed"": 0.009709300007671118, ""muls"": 32768, ""adds"": 32768, ""sample"": [[808463404280215282330582109405293, 629519051772089506474506617791142], [701316986922710780344987162497407, 522351838523360270902282225077225]], ""checksum"": 792120989144010883890656473213901662}
","[decimal_gemm] STRASSEN result shape: 32x32
[decimal_gemm]   digit muls: 32768 digit adds: 32768 time (s): 0.009709
"
32,16,strassen,2,0.009159700013697147,32768,32768,,0,824489063220402659041444753074194540,"[[1021894356607362942020720260169025, 887310204938216398380123545733725], [874641911509148697488543472895555, 754012917964716024920278338941524]]","{""ok"": true, ""elapsed"": 0.009159700013697147, ""muls"": 32768, ""adds"": 32768, ""sample"": [[1021894356607362942020720260169025, 887310204938216398380123545733725], [874641911509148697488543472895555, 754012917964716024920278338941524]], ""checksum"": 824489063220402659041444753074194540}
","[decimal_gemm] STRASSEN result shape: 32x32
[decimal_gemm]   digit muls: 32768 digit adds: 32768 time (s): 0.009160
"
64,4,schoolbook,0,0.034593199990922585,262144,262144,,0,6523420769857,"[[1641039477, 1881194387], [1664348644, 1970890786]]","{""ok"": true, ""elapsed"": 0.034593199990922585, ""muls"": 262144, ""adds"": 262144, ""sample"": [[1641039477, 1881194387], [1664348644, 1970890786]], ""checksum"": 6523420769857}
","[decimal_gemm] SCHOOLBOOK result shape: 64x64
[decimal_gemm]   digit muls: 262144 digit adds: 262144 time (s): 0.034593
"
64,4,schoolbook,1,0.036493999999947846,262144,262144,,0,6690348120795,"[[1805237569, 1669200266], [1439456326, 1442772149]]","{""ok"": true, ""elapsed"": 0.036493999999947846, ""muls"": 262144, ""adds"": 262144, ""sample"": [[1805237569, 1669200266], [1439456326, 1442772149]], ""checksum"": 6690348120795}
","[decimal_gemm] SCHOOLBOOK result shape: 64x64
[decimal_gemm]   digit muls: 262144 digit adds: 262144 time (s): 0.036494
"
64,4,schoolbook,2,0.03447040000173729,262080,262080,,0,6499359658576,"[[1674048558, 1701099936], [1869012732, 1722512400]]","{""ok"": true, ""elapsed"": 0.03447040000173729, ""muls"": 262080, ""adds"": 262080, ""sample"": [[1674048558, 1701099936], [1869012732, 1722512400]], ""checksum"": 6499359658576}
","[decimal_gemm] SCHOOLBOOK result shape: 64x64
[decimal_gemm]   digit muls: 262080 digit adds: 262080 time (s): 0.034470
"
64,4,karatsuba,0,0.035719999999855645,262080,262080,,0,6617793170126,"[[1476741789, 1312134964], [1697826354, 1610069513]]","{""ok"": true, ""elapsed"": 0.035719999999855645, ""muls"": 262080, ""adds"": 262080, ""sample"": [[1476741789, 1312134964], [1697826354, 1610069513]], ""checksum"": 6617793170126}
","[decimal_gemm] KARATSUBA result shape: 64x64
[decimal_gemm]   digit muls: 262080 digit adds: 262080 time (s): 0.035720
"
64,4,karatsuba,1,0.03566300000238698,262144,262144,,0,6534862274780,"[[1692572796, 1511366720], [1630982447, 1385755496]]","{""ok"": true, ""elapsed"": 0.03566300000238698, ""muls"": 262144, ""adds"": 262144, ""sample"": [[1692572796, 1511366720], [1630982447, 1385755496]], ""checksum"": 6534862274780}
","[decimal_gemm] KARATSUBA result shape: 64x64
[decimal_gemm]   digit muls: 262144 digit adds: 262144 time (s): 0.035663
"
64,4,karatsuba,2,0.03457709999929648,262144,262144,,0,6480391328872,"[[1706798174, 1733241762], [1521073896, 1522375181]]","{""ok"": true, ""elapsed"": 0.03457709999929648, ""muls"": 262144, ""adds"": 262144, ""sample"": [[1706798174, 1733241762], [1521073896, 1522375181]], ""checksum"": 6480391328872}
","[decimal_gemm] KARATSUBA result shape: 64x64
[decimal_gemm]   digit muls: 262144 digit adds: 262144 time (s): 0.034577
"
64,4,strassen,0,0.03504690001136623,262144,262144,,0,6613802381487,"[[1625941745, 1494331463], [1701957128, 1532751016]]","{""ok"": true, ""elapsed"": 0.03504690001136623, ""muls"": 262144, ""adds"": 262144, ""sample"": [[1625941745, 1494331463], [1701957128, 1532751016]], ""checksum"": 6613802381487}
","[decimal_gemm] STRASSEN result shape: 64x64
[decimal_gemm]   digit muls: 262144 digit adds: 262144 time (s): 0.035047
"
64,4,strassen,1,0.04083769999851938,262144,262144,,0,6574044647797,"[[1722838488, 1567682970], [1794960023, 1507082421]]","{""ok"": true, ""elapsed"": 0.04083769999851938, ""muls"": 262144, ""adds"": 262144, ""sample"": [[1722838488, 1567682970], [1794960023, 1507082421]], ""checksum"": 6574044647797}
","[decimal_gemm] STRASSEN result shape: 64x64
[decimal_gemm]   digit muls: 262144 digit adds: 262144 time (s): 0.040838
"
64,4,strassen,2,0.03886939999938477,262144,262144,,0,6534302186284,"[[1655342507, 1601432961], [1607209478, 1591726973]]","{""ok"": true, ""elapsed"": 0.03886939999938477, ""muls"": 262144, ""adds"": 262144, ""sample"": [[1655342507, 1601432961], [1607209478, 1591726973]], ""checksum"": 6534302186284}
","[decimal_gemm] STRASSEN result shape: 64x64
[decimal_gemm]   digit muls: 262144 digit adds: 262144 time (s): 0.038869
"
64,8,schoolbook,0,0.04141410000738688,262144,262144,,0,657583724333580787405,"[[150759535161456557, 160814856969523496], [136047139178951162, 153119567773352014]]","{""ok"": true, ""elapsed"": 0.04141410000738688, ""muls"": 262144, ""adds"": 262144, ""sample"": [[150759535161456557, 160814856969523496], [136047139178951162, 153119567773352014]], ""checksum"": 657583724333580787405}
","[decimal_gemm] SCHOOLBOOK result shape: 64x64
[decimal_gemm]   digit muls: 262144 digit adds: 262144 time (s): 0.041414
"
64,8,schoolbook,1,0.0394427999999607,262144,262144,,0,643364332445285590592,"[[196496854066254258, 182905890564706249], [180338097316507499, 164930799861622901]]","{""ok"": true, ""elapsed"": 0.0394427999999607, ""muls"": 262144, ""adds"": 262144, ""sample"": [[196496854066254258, 182905890564706249], [180338097316507499, 164930799861622901]], ""checksum"": 643364332445285590592}
","[decimal_gemm] SCHOOLBOOK result shape: 64x64
[decimal_gemm]   digit muls: 262144 digit adds: 262144 time (s): 0.039443
"
64,8,schoolbook,2,0.039271600006031804,262144,262144,,0,645457558134389408331,"[[179519350747271231, 165527307913815181], [175684380310196782, 166288007203831837]]","{""ok"": true, ""elapsed"": 0.039271600006031804, ""muls"": 262144, ""adds"": 262144, ""sample"": [[179519350747271231, 165527307913815181], [175684380310196782, 166288007203831837]], ""checksum"": 645457558134389408331}
","[decimal_gemm] SCHOOLBOOK result shape: 64x64
[decimal_gemm]   digit muls: 262144 digit adds: 262144 time (s): 0.039272
"
64,8,karatsuba,0,0.04223259999707807,262144,262144,,0,663529296438222423509,"[[151362493151602806, 170377638802879879], [155634395563121732, 156294677079375087]]","{""ok"": true, ""elapsed"": 0.04223259999707807, ""muls"": 262144, ""adds"": 262144, ""sample"": [[151362493151602806, 170377638802879879], [155634395563121732, 156294677079375087]], ""checksum"": 663529296438222423509}
","[decimal_gemm] KARATSUBA result shape: 64x64
[decimal_gemm]   digit muls: 262144 digit adds: 262144 time (s): 0.042233
"
64,8,karatsuba,1,0.04178010000032373,262144,262144,,0,664206621266833211720,"[[164623516237764086, 180695743843586681], [156733252368828445, 172583657598263850]]","{""ok"": true, ""elapsed"": 0.04178010000032373, ""muls"": 262144, ""adds"": 262144, ""sample"": [[164623516237764086, 180695743843586681], [156733252368828445, 172583657598263850]], ""checksum"": 664206621266833211720}
","[decimal_gemm] KARATSUBA result shape: 64x64
[decimal_gemm]   digit muls: 262144 digit adds: 262144 time (s): 0.041780
"
64,8,karatsuba,2,0.042110099995625205,262144,262144,,0,651684777337624111194,"[[144028269693932073, 148797205421779307], [143801358758531326, 143282518525704102]]","{""ok"": true, ""elapsed"": 0.042110099995625205, ""muls"": 262144, ""adds"": 262144, ""sample"": [[144028269693932073, 148797205421779307], [143801358758531326, 143282518525704102]], ""checksum"": 651684777337624111194}
","[decimal_gemm] KARATSUBA result shape: 64x64
[decimal_gemm]   digit muls: 262144 digit adds: 262144 time (s): 0.042110
"
64,8,strassen,0,0.040190800005802885,262144,262144,,0,645276114698616670211,"[[142902450196664736, 155416657242837311], [127511765671410405, 153546331544428446]]","{""ok"": true, ""elapsed"": 0.040190800005802885, ""muls"": 262144, ""adds"": 262144, ""sample"": [[142902450196664736, 155416657242837311], [127511765671410405, 153546331544428446]], ""checksum"": 645276114698616670211}
","[decimal_gemm] STRASSEN result shape: 64x64
[decimal_gemm]   digit muls: 262144 digit adds: 262144 time (s): 0.040191
"
64,8,strassen,1,0.04037339999922551,262144,262144,,0,653983283556188788901,"[[161708459549975317, 181045527765719763], [136563855932091368, 155640026970898586]]","{""ok"": true, ""elapsed"": 0.04037339999922551, ""muls"": 262144, ""adds"": 262144, ""sample"": [[161708459549975317, 181045527765719763], [136563855932091368, 155640026970898586]], ""checksum"": 653983283556188788901}
","[decimal_gemm] STRASSEN result shape: 64x64
[decimal_gemm]   digit muls: 262144 digit adds: 262144 time (s): 0.040373
"
64,8,strassen,2,0.041623299999628216,262144,262144,,0,670557706647262343201,"[[172463390902220711, 177575409122381746], [162399320081177390, 163411422299103742]]","{""ok"": true, ""elapsed"": 0.041623299999628216, ""muls"": 262144, ""adds"": 262144, ""sample"": [[172463390902220711, 177575409122381746], [162399320081177390, 163411422299103742]], ""checksum"": 670557706647262343201}
","[decimal_gemm] STRASSEN result shape: 64x64
[decimal_gemm]   digit muls: 262144 digit adds: 262144 time (s): 0.041623
"
64,16,schoolbook,0,0.055262199995922856,262144,262144,,0,6567917731551644431993332628194019938,"[[1809627620623252690648551862346517, 1901683775755763871343499372300444], [1523678858047510850514915413853294, 1617023897130281274687727558124978]]","{""ok"": true, ""elapsed"": 0.055262199995922856, ""muls"": 262144, ""adds"": 262144, ""sample"": [[1809627620623252690648551862346517, 1901683775755763871343499372300444], [1523678858047510850514915413853294, 1617023897130281274687727558124978]], ""checksum"": 6567917731551644431993332628194019938}
","[decimal_gemm] SCHOOLBOOK result shape: 64x64
[decimal_gemm]   digit muls: 262144 digit adds: 262144 time (s): 0.055262
"
64,16,schoolbook,1,0.057517199995345436,262144,262144,,0,6484240031578743153274490176454948233,"[[1619885319646523828241336465370861, 1783320402364683868657477293605697], [1541155907095031568480076982777023, 1542364590756906714483322133347840]]","{""ok"": true, ""elapsed"": 0.057517199995345436, ""muls"": 262144, ""adds"": 262144, ""sample"": [[1619885319646523828241336465370861, 1783320402364683868657477293605697], [1541155907095031568480076982777023, 1542364590756906714483322133347840]], ""checksum"": 6484240031578743153274490176454948233}
","[decimal_gemm] SCHOOLBOOK result shape: 64x64
[decimal_gemm]   digit muls: 262144 digit adds: 262144 time (s): 0.057517
"
64,16,schoolbook,2,0.05887809999694582,262144,262144,,0,6443400519404587919304277134783697230,"[[1347043744895743203657671602329235, 1392176389429545533746445106010291], [1481276875258976226863162548640827, 1411035346424929869985904575765230]]","{""ok"": true, ""elapsed"": 0.05887809999694582, ""muls"": 262144, ""adds"": 262144, ""sample"": [[1347043744895743203657671602329235, 1392176389429545533746445106010291], [1481276875258976226863162548640827, 1411035346424929869985904575765230]], ""checksum"": 6443400519404587919304277134783697230}
","[decimal_gemm] SCHOOLBOOK result shape: 64x64
[decimal_gemm]   digit muls: 262144 digit adds: 262144 time (s): 0.058878
"
64,16,karatsuba,0,0.05530400000861846,262144,262144,,0,6553722822991577589730642575845613245,"[[1769133796851986622747648932150251, 2026027260817754469088501787382198], [1477580936115741391921984214736918, 1767357713798966654481200023761921]]","{""ok"": true, ""elapsed"": 0.05530400000861846, ""muls"": 262144, ""adds"": 262144, ""sample"": [[1769133796851986622747648932150251, 2026027260817754469088501787382198], [1477580936115741391921984214736918, 1767357713798966654481200023761921]], ""checksum"": 6553722822991577589730642575845613245}
","[decimal_gemm] KARATSUBA result shape: 64x64
[decimal_gemm]   digit muls: 262144 digit adds: 262144 time (s): 0.055304
"
64,16,karatsuba,1,0.05697800000780262,262144,262144,,0,6422906685650753345475450124987375142,"[[1534291574400777522331810180371825, 1757098408364749173801201921711966], [1663217193664006463472233714775938, 1873978287907468246053090500814942]]","{""ok"": true, ""elapsed"": 0.05697800000780262, ""muls"": 262144, ""adds"": 262144, ""sample"": [[1534291574400777522331810180371825, 1757098408364749173801201921711966], [1663217193664006463472233714775938, 1873978287907468246053090500814942]], ""checksum"": 6422906685650753345475450124987375142}
","[decimal_gemm] KARATSUBA result shape: 64x64
[decimal_gemm]   digit muls: 262144 digit adds: 262144 time (s): 0.056978
"
64,16,karatsuba,2,0.05993950000265613,262144,262144,,0,6469534135799572141007146481882741207,"[[1497993869192798868728817787095891, 1598636186477671566068753509985147], [1431901348315130533634988890159062, 1516644327009399043915815635736970]]","{""ok"": true, ""elapsed"": 0.05993950000265613, ""muls"": 262144, ""adds"": 262144, ""sample"": [[1497993869192798868728817787095891, 1598636186477671566068753509985147], [1431901348315130533634988890159062, 1516644327009399043915815635736970]], ""checksum"": 6469534135799572141007146481882741207}
","[decimal_gemm] KARATSUBA result shape: 64x64
[decimal_gemm]   digit muls: 262144 digit adds: 262144 time (s): 0.059940
"
64,16,strassen,0,0.05666940000082832,262144,262144,,0,6559131198784786060263726130648136808,"[[1253052471753579511767819150819220, 1552236394538555567230243724250220], [1700081018326450697638523300888898, 1940319580914893096878490275370324]]","{""ok"": true, ""elapsed"": 0.05666940000082832, ""muls"": 262144, ""adds"": 262144, ""sample"": [[1253052471753579511767819150819220, 1552236394538555567230243724250220], [1700081018326450697638523300888898, 1940319580914893096878490275370324]], ""checksum"": 6559131198784786060263726130648136808}
","[decimal_gemm] STRASSEN result shape: 64x64
[decimal_gemm]   digit muls: 262144 digit adds: 262144 time (s): 0.056669
"
64,16,strassen,1,0.05725019999954384,262144,262144,,0,6451264559499302901452066009563796313,"[[1730314885649095429344800158173681, 1767534173197497704225654559973823], [1615278497352499916128766249804472, 1629176005581820135654159172426137]]","{""ok"": true, ""elapsed"": 0.05725019999954384, ""muls"": 262144, ""adds"": 262144, ""sample"": [[1730314885649095429344800158173681, 1767534173197497704225654559973823], [1615278497352499916128766249804472, 1629176005581820135654159172426137]], ""checksum"": 6451264559499302901452066009563796313}
","[decimal_gemm] STRASSEN result shape: 64x64
[decimal_gemm]   digit muls: 262144 digit adds: 262144 time (s): 0.057250
"
64,16,strassen,2,0.05595829999947455,262144,262144,,0,6621867944927947184426836950001085348,"[[1658263512237749377573157916188732, 1713093735186615760556929508232475], [1677313637385510547331102964314611, 1792429149750110261448221713242633]]","{""ok"": true, ""elapsed"": 0.05595829999947455, ""muls"": 262144, ""adds"": 262144, ""sample"": [[1658263512237749377573157916188732, 1713093735186615760556929508232475], [1677313637385510547331102964314611, 1792429149750110261448221713242633]], ""checksum"": 6621867944927947184426836950001085348}
","[decimal_gemm] STRASSEN result shape: 64x64
[decimal_gemm]   digit muls: 262144 digit adds: 262144 time (s): 0.055958
"
128,4,schoolbook,0,0.254831699989154,2096896,2096896,,0,52216792273028,"[[3072860882, 3344851744], [3361588723, 3298697735]]","{""ok"": true, ""elapsed"": 0.254831699989154, ""muls"": 2096896, ""adds"": 2096896, ""sample"": [[3072860882, 3344851744], [3361588723, 3298697735]], ""checksum"": 52216792273028}
","[decimal_gemm] SCHOOLBOOK result shape: 128x128
[decimal_gemm]   digit muls: 2096896 digit adds: 2096896 time (s): 0.254832
"
128,4,schoolbook,1,0.29364210000494495,2097024,2097024,,0,51914031209372,"[[3281811250, 2981594262], [3426928594, 3024974557]]","{""ok"": true, ""elapsed"": 0.29364210000494495, ""muls"": 2097024, ""adds"": 2097024, ""sample"": [[3281811250, 2981594262], [3426928594, 3024974557]], ""checksum"": 51914031209372}
","[decimal_gemm] SCHOOLBOOK result shape: 128x128
[decimal_gemm]   digit muls: 2097024 digit adds: 2097024 time (s): 0.293642
"
128,4,schoolbook,2,0.2471767999959411,2097024,2097024,,0,52083805642489,"[[2931168827, 2866080394], [2943113781, 2871632879]]","{""ok"": true, ""elapsed"": 0.2471767999959411, ""muls"": 2097024, ""adds"": 2097024, ""sample"": [[2931168827, 2866080394], [2943113781, 2871632879]], ""checksum"": 52083805642489}
","[decimal_gemm] SCHOOLBOOK result shape: 128x128
[decimal_gemm]   digit muls: 2097024 digit adds: 2097024 time (s): 0.247177
"
128,4,karatsuba,0,0.25510369999392424,2097024,2097024,,0,52456521749220,"[[3032313902, 3351632582], [3207025588, 3380173426]]","{""ok"": true, ""elapsed"": 0.25510369999392424, ""muls"": 2097024, ""adds"": 2097024, ""sample"": [[3032313902, 3351632582], [3207025588, 3380173426]], ""checksum"": 52456521749220}
","[decimal_gemm] KARATSUBA result shape: 128x128
[decimal_gemm]   digit muls: 2097024 digit adds: 2097024 time (s): 0.255104
"
128,4,karatsuba,1,0.2525833999970928,2097152,2097152,,0,52577069273272,"[[3409722414, 3687021264], [3217456042, 3275887180]]","{""ok"": true, ""elapsed"": 0.2525833999970928, ""muls"": 2097152, ""adds"": 2097152, ""sample"": [[3409722414, 3687021264], [3217456042, 3275887180]], ""checksum"": 52577069273272}
","[decimal_gemm] KARATSUBA result shape: 128x128
[decimal_gemm]   digit muls: 2097152 digit adds: 2097152 time (s): 0.252583
"
128,4,karatsuba,2,0.250077800010331,2097024,2097024,,0,52183267880734,"[[3346334505, 3030270021], [3187789132, 2768411083]]","{""ok"": true, ""elapsed"": 0.250077800010331, ""muls"": 2097024, ""adds"": 2097024, ""sample"": [[3346334505, 3030270021], [3187789132, 2768411083]], ""checksum"": 52183267880734}
","[decimal_gemm] KARATSUBA result shape: 128x128
[decimal_gemm]   digit muls: 2097024 digit adds: 2097024 time (s): 0.250078
"
128,4,strassen,0,0.28700080000271555,2096768,2096768,,0,52445982444427,"[[3350814520, 3508200304], [3191920522, 3303178234]]","{""ok"": true, ""elapsed"": 0.28700080000271555, ""muls"": 2096768, ""adds"": 2096768, ""sample"": [[3350814520, 3508200304], [3191920522, 3303178234]], ""checksum"": 52445982444427}
","[decimal_gemm] STRASSEN result shape: 128x128
[decimal_gemm]   digit muls: 2096768 digit adds: 2096768 time (s): 0.287001
"
128,4,strassen,1,0.28237210000224877,2097152,2097152,,0,52312970925730,"[[2963283585, 3146906388], [3295270771, 3362933095]]","{""ok"": true, ""elapsed"": 0.28237210000224877, ""muls"": 2097152, ""adds"": 2097152, ""sample"": [[2963283585, 3146906388], [3295270771, 3362933095]], ""checksum"": 52312970925730}
","[decimal_gemm] STRASSEN result shape: 128x128
[decimal_gemm]   digit muls: 2097152 digit adds: 2097152 time (s): 0.282372
"
128,4,strassen,2,0.24314459999732208,2096768,2096768,,0,52763693539973,"[[3218119374, 3560530868], [3166203111, 3254855345]]","{""ok"": true, ""elapsed"": 0.24314459999732208, ""muls"": 2096768, ""adds"": 2096768, ""sample"": [[3218119374, 3560530868], [3166203111, 3254855345]], ""checksum"": 52763693539973}
","[decimal_gemm] STRASSEN result shape: 128x128
[decimal_gemm]   digit muls: 2096768 digit adds: 2096768 time (s): 0.243145
"
128,8,schoolbook,0,0.2632415999978548,2097152,2097152,,0,5254178334872335863276,"[[341354546516383914, 349134459108369096], [302062635708642120, 313702834551543118]]","{""ok"": true, ""elapsed"": 0.2632415999978548, ""muls"": 2097152, ""adds"": 2097152, ""sample"": [[341354546516383914, 349134459108369096], [302062635708642120, 313702834551543118]], ""checksum"": 5254178334872335863276}
","[decimal_gemm] SCHOOLBOOK result shape: 128x128
[decimal_gemm]   digit muls: 2097152 digit adds: 2097152 time (s): 0.263242
"
128,8,schoolbook,1,0.28006980000645854,2097152,2097152,,0,5244355815610130742079,"[[295646027835415546, 315652518078563500], [296594429355170727, 344319386442067134]]","{""ok"": true, ""elapsed"": 0.28006980000645854, ""muls"": 2097152, ""adds"": 2097152, ""sample"": [[295646027835415546, 315652518078563500], [296594429355170727, 344319386442067134]], ""checksum"": 5244355815610130742079}
","[decimal_gemm] SCHOOLBOOK result shape: 128x128
[decimal_gemm]   digit muls: 2097152 digit adds: 2097152 time (s): 0.280070
"
128,8,schoolbook,2,0.30070779999368824,2097152,2097152,,0,5266734429272617362994,"[[281205561116057203, 335747459222517525], [295640588450084749, 316876598286651506]]","{""ok"": true, ""elapsed"": 0.30070779999368824, ""muls"": 2097152, ""adds"": 2097152, ""sample"": [[281205561116057203, 335747459222517525], [295640588450084749, 316876598286651506]], ""checksum"": 5266734429272617362994}
","[decimal_gemm] SCHOOLBOOK result shape: 128x128
[decimal_gemm]   digit muls: 2097152 digit adds: 2097152 time (s): 0.300708
"
128,8,karatsuba,0,0.2848272999981418,2097152,2097152,,0,5244832163294997574924,"[[300308606812563727, 291101916304316138], [287875176813346400, 314080590844593069]]","{""ok"": true, ""elapsed"": 0.2848272999981418, ""muls"": 2097152, ""adds"": 2097152, ""sample"": [[300308606812563727, 291101916304316138], [287875176813346400, 314080590844593069]], ""checksum"": 5244832163294997574924}
","[decimal_gemm] KARATSUBA result shape: 128x128
[decimal_gemm]   digit muls: 2097152 digit adds: 2097152 time (s): 0.284827
"
128,8,karatsuba,1,0.3094942000025185,2097152,2097152,,0,5285353217880826760759,"[[257369679542917004, 321543447459862065], [319739845402994057, 387503666608421258]]","{""ok"": true, ""elapsed"": 0.3094942000025185, ""muls"": 2097152, ""adds"": 2097152, ""sample"": [[257369679542917004, 321543447459862065], [319739845402994057, 387503666608421258]], ""checksum"": 5285353217880826760759}
","[decimal_gemm] KARATSUBA result shape: 128x128
[decimal_gemm]   digit muls: 2097152 digit adds: 2097152 time (s): 0.309494
"
128,8,karatsuba,2,0.2925744999956805,2097152,2097152,,0,5250988781081258259425,"[[325081767144686223, 282215366252269066], [299130455779936739, 285764220390033734]]","{""ok"": true, ""elapsed"": 0.2925744999956805, ""muls"": 2097152, ""adds"": 2097152, ""sample"": [[325081767144686223, 282215366252269066], [299130455779936739, 285764220390033734]], ""checksum"": 5250988781081258259425}
","[decimal_gemm] KARATSUBA result shape: 128x128
[decimal_gemm]   digit muls: 2097152 digit adds: 2097152 time (s): 0.292574
"
128,8,strassen,0,0.26703079999424517,2097152,2097152,,0,5227778920964937888825,"[[307060832853781721, 347589424972420058], [316461961848354898, 318778081994395484]]","{""ok"": true, ""elapsed"": 0.26703079999424517, ""muls"": 2097152, ""adds"": 2097152, ""sample"": [[307060832853781721, 347589424972420058], [316461961848354898, 318778081994395484]], ""checksum"": 5227778920964937888825}
","[decimal_gemm] STRASSEN result shape: 128x128
[decimal_gemm]   digit muls: 2097152 digit adds: 2097152 time (s): 0.267031
"
128,8,strassen,1,0.27205299999332055,2097152,2097152,,0,5248020804751515953088,"[[384255226529005015, 346351630005179671], [348509206989893109, 319670600354056231]]","{""ok"": true, ""elapsed"": 0.27205299999332055, ""muls"": 2097152, ""adds"": 2097152, ""sample"": [[384255226529005015, 346351630005179671], [348509206989893109, 319670600354056231]], ""checksum"": 5248020804751515953088}
","[decimal_gemm] STRASSEN result shape: 128x128
[decimal_gemm]   digit muls: 2097152 digit adds: 2097152 time (s): 0.272053
"
128,8,strassen,2,0.26432659999409225,2097152,2097152,,0,5258438743399768149332,"[[274649827692404130, 313697596092845501], [264422216595627783, 299902256503961325]]","{""ok"": true, ""elapsed"": 0.26432659999409225, ""muls"": 2097152, ""adds"": 2097152, ""sample"": [[274649827692404130, 313697596092845501], [264422216595627783, 299902256503961325]], ""checksum"": 5258438743399768149332}
","[decimal_gemm] STRASSEN result shape: 128x128
[decimal_gemm]   digit muls: 2097152 digit adds: 2097152 time (s): 0.264327
"
128,16,schoolbook,0,0.3600966000085464,2097152,2097152,,0,52783227201677377360384368191234809045,"[[2715697804424318832799196387623719, 2889415338514218949022075812680820], [3024069034441776491243704268789978, 3364024061310214634381768026300269]]","{""ok"": true, ""elapsed"": 0.3600966000085464, ""muls"": 2097152, ""adds"": 2097152, ""sample"": [[2715697804424318832799196387623719, 2889415338514218949022075812680820], [3024069034441776491243704268789978, 3364024061310214634381768026300269]], ""checksum"": 52783227201677377360384368191234809045}
","[decimal_gemm] SCHOOLBOOK result shape: 128x128
[decimal_gemm]   digit muls: 2097152 digit adds: 2097152 time (s): 0.360097
"
128,16,schoolbook,1,0.35200269999040756,2097152,2097152,,0,52513482423981340392164211540664813322,"[[3394693615647390742059158444992563, 3132284388939620111821117143695644], [3350624144616025713480734862986067, 3135171159779988012777297539190337]]","{""ok"": true, ""elapsed"": 0.35200269999040756, ""muls"": 2097152, ""adds"": 2097152, ""sample"": [[3394693615647390742059158444992563, 3132284388939620111821117143695644], [3350624144616025713480734862986067, 3135171159779988012777297539190337]], ""checksum"": 52513482423981340392164211540664813322}
","[decimal_gemm] SCHOOLBOOK result shape: 128x128
[decimal_gemm]   digit muls: 2097152 digit adds: 2097152 time (s): 0.352003
"
128,16,schoolbook,2,0.35424020000209566,2097152,2097152,,0,53074765741110525417210620263098309697,"[[3552223795176855461765857489054404, 3116838778768439919782242297421070], [3272412363775592407488003335888103, 2732922908539126165130400610266725]]","{""ok"": true, ""elapsed"": 0.35424020000209566, ""muls"": 2097152, ""adds"": 2097152, ""sample"": [[3552223795176855461765857489054404, 3116838778768439919782242297421070], [3272412363775592407488003335888103, 2732922908539126165130400610266725]], ""checksum"": 53074765741110525417210620263098309697}
","[decimal_gemm] SCHOOLBOOK result shape: 128x128
[decimal_gemm]   digit muls: 2097152 digit adds: 2097152 time (s): 0.354240
"
128,16,karatsuba,0,0.3879605999973137,2097152,2097152,,0,52715127596413289860778471013638474232,"[[3230860081108535667304800876068831, 2848810083772427803549870576996857], [3336686572624673509338910192757865, 3028323618461124824171321993962701]]","{""ok"": true, ""elapsed"": 0.3879605999973137, ""muls"": 2097152, ""adds"": 2097152, ""sample"": [[3230860081108535667304800876068831, 2848810083772427803549870576996857], [3336686572624673509338910192757865, 3028323618461124824171321993962701]], ""checksum"": 52715127596413289860778471013638474232}
","[decimal_gemm] KARATSUBA result shape: 128x128
[decimal_gemm]   digit muls: 2097152 digit adds: 2097152 time (s): 0.387961
"
128,16,karatsuba,1,0.34947529999772087,2097152,2097152,,0,52413064972525798814687361984387434188,"[[3292776963856058890611240219666458, 3130921918265854691820866604740378], [3090158671621617677636316493039730, 3145761774387012501457908661988358]]","{""ok"": true, ""elapsed"": 0.34947529999772087, ""muls"": 2097152, ""adds"": 2097152, ""sample"": [[3292776963856058890611240219666458, 3130921918265854691820866604740378], [3090158671621617677636316493039730, 3145761774387012501457908661988358]], ""checksum"": 52413064972525798814687361984387434188}
","[decimal_gemm] KARATSUBA result shape: 128x128
[decimal_gemm]   digit muls: 2097152 digit adds: 2097152 time (s): 0.349475
"
128,16,karatsuba,2,0.36393210000824183,2097152,2097152,,0,52487166566317051763502348782718512325,"[[3160786399708968262289141570581598, 2982777637796887868078375549596220], [3600166528262575377188615804747938, 3150733924471338631093567658856898]]","{""ok"": true, ""elapsed"": 0.36393210000824183, ""muls"": 2097152, ""adds"": 2097152, ""sample"": [[3160786399708968262289141570581598, 2982777637796887868078375549596220], [3600166528262575377188615804747938, 3150733924471338631093567658856898]], ""checksum"": 52487166566317051763502348782718512325}
","[decimal_gemm] KARATSUBA result shape: 128x128
[decimal_gemm]   digit muls: 2097152 digit adds: 2097152 time (s): 0.363932
"
128,16,strassen,0,0.3587541000015335,2097152,2097152,,0,52949841697413832409805672843373697578,"[[2739330283186318092383405691344214, 2772219937892976094967070848140688], [2889216320218528015438371687649099, 2933628881152508130503009615955241]]","{""ok"": true, ""elapsed"": 0.3587541000015335, ""muls"": 2097152, ""adds"": 2097152, ""sample"": [[2739330283186318092383405691344214, 2772219937892976094967070848140688], [2889216320218528015438371687649099, 2933628881152508130503009615955241]], ""checksum"": 52949841697413832409805672843373697578}
","[decimal_gemm] STRASSEN result shape: 128x128
[decimal_gemm]   digit muls: 2097152 digit adds: 2097152 time (s): 0.358754
"
128,16,strassen,1,0.35375380000914447,2097152,2097152,,0,52513789864565376994498887349268787802,"[[2894931369669113224052267483159984, 3105696676448187934290668384002160], [3097781265841775262801716471531759, 3215173765464739484363749389250780]]","{""ok"": true, ""elapsed"": 0.35375380000914447, ""muls"": 2097152, ""adds"": 2097152, ""sample"": [[2894931369669113224052267483159984, 3105696676448187934290668384002160], [3097781265841775262801716471531759, 3215173765464739484363749389250780]], ""checksum"": 52513789864565376994498887349268787802}
","[decimal_gemm] STRASSEN result shape: 128x128
[decimal_gemm]   digit muls: 2097152 digit adds: 2097152 time (s): 0.353754
"
128,16,strassen,2,0.37073020001116674,2097152,2097152,,0,52023581514535940264062958369687776588,"[[3103278352154657630968072617286440, 3112850718118040523793983705405018], [3328791798580718754952374354730762, 3369230778167193452730554805722347]]","{""ok"": true, ""elapsed"": 0.37073020001116674, ""muls"": 2097152, ""adds"": 2097152, ""sample"": [[3103278352154657630968072617286440, 3112850718118040523793983705405018], [3328791798580718754952374354730762, 3369230778167193452730554805722347]], ""checksum"": 52023581514535940264062958369687776588}
","[decimal_gemm] STRASSEN result shape: 128x128
[decimal_gemm]   digit muls: 2097152 digit adds: 2097152 time (s): 0.370730
"
4,4,schoolbook,0,6.860001303721219e-05,64,64,,0,1432962103,"[[136572640, 89058466], [110166887, 86734077]]","{""ok"": true, ""elapsed"": 6.860001303721219e-05, ""muls"": 64, ""adds"": 64, ""sample"": [[136572640, 89058466], [110166887, 86734077]], ""checksum"": 1432962103}
","[decimal_gemm] SCHOOLBOOK result shape: 4x4
[decimal_gemm]   digit muls: 64 digit adds: 64 time (s): 0.000069
"
4,4,schoolbook,1,6.489999941550195e-05,64,64,,0,2056701472,"[[223480745, 162159760], [200251876, 158857599]]","{""ok"": true, ""elapsed"": 6.489999941550195e-05, ""muls"": 64, ""adds"": 64, ""sample"": [[223480745, 162159760], [200251876, 158857599]], ""checksum"": 2056701472}
","[decimal_gemm] SCHOOLBOOK result shape: 4x4
[decimal_gemm]   digit muls: 64 digit adds: 64 time (s): 0.000065
"
4,4,schoolbook,2,6.660001236014068e-05,64,64,,0,1240973914,"[[80557346, 56866355], [91605006, 70712789]]","{""ok"": true, ""elapsed"": 6.660001236014068e-05, ""muls"": 64, ""adds"": 64, ""sample"": [[80557346, 56866355], [91605006, 70712789]], ""checksum"": 1240973914}
","[decimal_gemm] SCHOOLBOOK result shape: 4x4
[decimal_gemm]   digit muls: 64 digit adds: 64 time (s): 0.000067
"
4,4,karatsuba,0,7.489998824894428e-05,64,64,,0,1589995845,"[[55912130, 117609233], [47317351, 78837664]]","{""ok"": true, ""elapsed"": 7.489998824894428e-05, ""muls"": 64, ""adds"": 64, ""sample"": [[55912130, 117609233], [47317351, 78837664]], ""checksum"": 1589995845}
","[decimal_gemm] KARATSUBA result shape: 4x4
[decimal_gemm]   digit muls: 64 digit adds: 64 time (s): 0.000075
"
4,4,karatsuba,1,7.779999577905983e-05,64,64,,0,1298749395,"[[170068150, 79779270], [98448963, 52339216]]","{""ok"": true, ""elapsed"": 7.779999577905983e-05, ""muls"": 64, ""adds"": 64, ""sample"": [[170068150, 79779270], [98448963, 52339216]], ""checksum"": 1298749395}
","[decimal_gemm] KARATSUBA result shape: 4x4
[decimal_gemm]   digit muls: 64 digit adds: 64 time (s): 0.000078
"
4,4,karatsuba,2,7.320000440813601e-05,64,64,,0,2071282080,"[[170953838, 152390203], [65088438, 85535408]]","{""ok"": true, ""elapsed"": 7.320000440813601e-05, ""muls"": 64, ""adds"": 64, ""sample"": [[170953838, 152390203], [65088438, 85535408]], ""checksum"": 2071282080}
","[decimal_gemm] KARATSUBA result shape: 4x4
[decimal_gemm]   digit muls: 64 digit adds: 64 time (s): 0.000073
"
4,4,strassen,0,7.470000127796084e-05,64,64,,0,1613616828,"[[182268111, 87981917], [89863291, 41350060]]","{""ok"": true, ""elapsed"": 7.470000127796084e-05, ""muls"": 64, ""adds"": 64, ""sample"": [[182268111, 87981917], [89863291, 41350060]], ""checksum"": 1613616828}
","[decimal_gemm] STRASSEN result shape: 4x4
[decimal_gemm]   digit muls: 64 digit adds: 64 time (s): 0.000075
"
4,4,strassen,1,7.280000136233866e-05,64,64,,0,1350003288,"[[59379089, 68684248], [81522044, 87068645]]","{""ok"": true, ""elapsed"": 7.280000136233866e-05, ""muls"": 64, ""adds"": 64, ""sample"": [[59379089, 68684248], [81522044, 87068645]], ""checksum"": 1350003288}
","[decimal_gemm] STRASSEN result shape: 4x4
[decimal_gemm]   digit muls: 64 digit adds: 64 time (s): 0.000073
"
4,4,strassen,2,8.299999171867967e-05,64,64,,0,1709628840,"[[49720960, 45417368], [76940784, 117994851]]","{""ok"": true, ""elapsed"": 8.299999171867967e-05, ""muls"": 64, ""adds"": 64, ""sample"": [[49720960, 45417368], [76940784, 117994851]], ""checksum"": 1709628840}
","[decimal_gemm] STRASSEN result shape: 4x4
[decimal_gemm]   digit muls: 64 digit adds: 64 time (s): 0.000083
"
4,8,schoolbook,0,8.630000229459256e-05,64,64,,0,141038754869208346,"[[5500595889499455, 10785951636612022], [6510113771850832, 9846245000311007]]","{""ok"": true, ""elapsed"": 8.630000229459256e-05, ""muls"": 64, ""adds"": 64, ""sample"": [[5500595889499455, 10785951636612022], [6510113771850832, 9846245000311007]], ""checksum"": 141038754869208346}
","[decimal_gemm] SCHOOLBOOK result shape: 4x4
[decimal_gemm]   digit muls: 64 digit adds: 64 time (s): 0.000086
"
4,8,schoolbook,1,8.05000017862767e-05,64,64,,0,173330882191015000,"[[7801943433255691, 9230634439165719], [7048554331290015, 13400289829058939]]","{""ok"": true, ""elapsed"": 8.05000017862767e-05, ""muls"": 64, ""adds"": 64, ""sample"": [[7801943433255691, 9230634439165719], [7048554331290015, 13400289829058939]], ""checksum"": 173330882191015000}
","[decimal_gemm] SCHOOLBOOK result shape: 4x4
[decimal_gemm]   digit muls: 64 digit adds: 64 time (s): 0.000081
"
4,8,schoolbook,2,7.909999112598598e-05,64,64,,0,101675898502591610,"[[3797875638307090, 3121395445718928], [7778752073834454, 5410055439942432]]","{""ok"": true, ""elapsed"": 7.909999112598598e-05, ""muls"": 64, ""adds"": 64, ""sample"": [[3797875638307090, 3121395445718928], [7778752073834454, 5410055439942432]], ""checksum"": 101675898502591610}
","[decimal_gemm] SCHOOLBOOK result shape: 4x4
[decimal_gemm]   digit muls: 64 digit adds: 64 time (s): 0.000079
"
4,8,karatsuba,0,9.660000796429813e-05,64,64,,0,158481518999342059,"[[12732083019610906, 12840971596086281], [6953570931925588, 6601635942193412]]","{""ok"": true, ""elapsed"": 9.660000796429813e-05, ""muls"": 64, ""adds"": 64, ""sample"": [[12732083019610906, 12840971596086281], [6953570931925588, 6601635942193412]], ""checksum"": 158481518999342059}
","[decimal_gemm] KARATSUBA result shape: 4x4
[decimal_gemm]   digit muls: 64 digit adds: 64 time (s): 0.000097
"
4,8,karatsuba,1,9.520001185592264e-05,64,64,,0,190352458684872429,"[[15922031943446702, 7484158765191766], [17353408574636983, 9633012874189365]]","{""ok"": true, ""elapsed"": 9.520001185592264e-05, ""muls"": 64, ""adds"": 64, ""sample"": [[15922031943446702, 7484158765191766], [17353408574636983, 9633012874189365]], ""checksum"": 190352458684872429}
","[decimal_gemm] KARATSUBA result shape: 4x4
[decimal_gemm]   digit muls: 64 digit adds: 64 time (s): 0.000095
"
4,8,karatsuba,2,0.00010069999552797526,64,64,,0,185433593457389012,"[[8152327355403199, 9507212449573952], [18598608481446272, 17907184338773435]]","{""ok"": true, ""elapsed"": 0.00010069999552797526, ""muls"": 64, ""adds"": 64, ""sample"": [[8152327355403199, 9507212449573952], [18598608481446272, 17907184338773435]], ""checksum"": 185433593457389012}
","[decimal_gemm] KARATSUBA result shape: 4x4
[decimal_gemm]   digit muls: 64 digit adds: 64 time (s): 0.000101
"
4,8,strassen,0,9.800000407267362e-05,64,64,,0,199012537358526590,"[[5328023162690009, 4419884481825308], [14863880384454767, 13974926393287209]]","{""ok"": true, ""elapsed"": 9.800000407267362e-05, ""muls"": 64, ""adds"": 64, ""sample"": [[5328023162690009, 4419884481825308], [14863880384454767, 13974926393287209]], ""checksum"": 199012537358526590}
","[decimal_gemm] STRASSEN result shape: 4x4
[decimal_gemm]   digit muls: 64 digit adds: 64 time (s): 0.000098
"
4,8,strassen,1,9.709999721962959e-05,64,64,,0,133902716315660796,"[[7862398043528375, 10867314083721454], [3327531179318706, 8877489208145448]]","{""ok"": true, ""elapsed"": 9.709999721962959e-05, ""muls"": 64, ""adds"": 64, ""sample"": [[7862398043528375, 10867314083721454], [3327531179318706, 8877489208145448]], ""checksum"": 133902716315660796}
","[decimal_gemm] STRASSEN result shape: 4x4
[decimal_gemm]   digit muls: 64 digit adds: 64 time (s): 0.000097
"
4,8,strassen,2,9.390000195708126e-05,64,64,,0,166416670146352405,"[[6950573629492384, 3544826724058486], [14799852236687964, 9528735160958655]]","{""ok"": true, ""elapsed"": 9.390000195708126e-05, ""muls"": 64, ""adds"": 64, ""sample"": [[6950573629492384, 3544826724058486], [14799852236687964, 9528735160958655]], ""checksum"": 166416670146352405}
","[decimal_gemm] STRASSEN result shape: 4x4
[decimal_gemm]   digit muls: 64 digit adds: 64 time (s): 0.000094
"
4,16,schoolbook,0,0.00012620000052265823,64,64,,0,1717850890191760524244410651862912,"[[139551230699013077201973783540718, 161530348527653440730246851274261], [94646261541060530919782177790815, 76462091276219946889673332056779]]","{""ok"": true, ""elapsed"": 0.00012620000052265823, ""muls"": 64, ""adds"": 64, ""sample"": [[139551230699013077201973783540718, 161530348527653440730246851274261], [94646261541060530919782177790815, 76462091276219946889673332056779]], ""checksum"": 1717850890191760524244410651862912}
","[decimal_gemm] SCHOOLBOOK result shape: 4x4
[decimal_gemm]   digit muls: 64 digit adds: 64 time (s): 0.000126
"
4,16,schoolbook,1,0.0001247000036528334,64,64,,0,1693955411094658158848710335327025,"[[116818700211254704785154571594402, 44664085336622641889759952708929], [122150364744287681750221776887098, 53674885825075056883048767208576]]","{""ok"": true, ""elapsed"": 0.0001247000036528334, ""muls"": 64, ""adds"": 64, ""sample"": [[116818700211254704785154571594402, 44664085336622641889759952708929], [122150364744287681750221776887098, 53674885825075056883048767208576]], ""checksum"": 1693955411094658158848710335327025}
","[decimal_gemm] SCHOOLBOOK result shape: 4x4
[decimal_gemm]   digit muls: 64 digit adds: 64 time (s): 0.000125
"
4,16,schoolbook,2,0.00011330000415910035,64,64,,0,784731117265835168985207731846445,"[[87420274480152001325451807333682, 30703506950763812756772048897378], [17064899066663279802209361166266, 7529676573031109076328097166653]]","{""ok"": true, ""elapsed"": 0.00011330000415910035, ""muls"": 64, ""adds"": 64, ""sample"": [[87420274480152001325451807333682, 30703506950763812756772048897378], [17064899066663279802209361166266, 7529676573031109076328097166653]], ""checksum"": 784731117265835168985207731846445}
","[decimal_gemm] SCHOOLBOOK result shape: 4x4
[decimal_gemm]   digit muls: 64 digit adds: 64 time (s): 0.000113
"
4,16,karatsuba,0,0.00011500000255182385,64,64,,0,1478157522203844827626731131995803,"[[120472455397910891710567028889990, 35446542425703865563231302926781], [194371136844535156052616898620046, 105836669062118744647731708583577]]","{""ok"": true, ""elapsed"": 0.00011500000255182385, ""muls"": 64, ""adds"": 64, ""sample"": [[120472455397910891710567028889990, 35446542425703865563231302926781], [194371136844535156052616898620046, 105836669062118744647731708583577]], ""checksum"": 1478157522203844827626731131995803}
","[decimal_gemm] KARATSUBA result shape: 4x4
[decimal_gemm]   digit muls: 64 digit adds: 64 time (s): 0.000115
"
4,16,karatsuba,1,0.00011999999696854502,64,64,,0,1448525951650898888518262902842053,"[[150830920902814320221647415454734, 53213322102496889006190655577021], [119872069966884621566508711695977, 44525956260363834337706514618794]]","{""ok"": true, ""elapsed"": 0.00011999999696854502, ""muls"": 64, ""adds"": 64, ""sample"": [[150830920902814320221647415454734, 53213322102496889006190655577021], [119872069966884621566508711695977, 44525956260363834337706514618794]], ""checksum"": 1448525951650898888518262902842053}
","[decimal_gemm] KARATSUBA result shape: 4x4
[decimal_gemm]   digit muls: 64 digit adds: 64 time (s): 0.000120
"
4,16,karatsuba,2,0.0001272000081371516,64,64,,0,1228162834529087241034764300747826,"[[41700434063840228175970326678688, 44625613452905043186646673007863], [124851809649434442710911386732583, 138348507697168164973460970551128]]","{""ok"": true, ""elapsed"": 0.0001272000081371516, ""muls"": 64, ""adds"": 64, ""sample"": [[41700434063840228175970326678688, 44625613452905043186646673007863], [124851809649434442710911386732583, 138348507697168164973460970551128]], ""checksum"": 1228162834529087241034764300747826}
","[decimal_gemm] KARATSUBA result shape: 4x4
[decimal_gemm]   digit muls: 64 digit adds: 64 time (s): 0.000127
"
4,16,strassen,0,0.00013499999477062374,64,64,,0,2323444114130056007332704327616913,"[[148884418023018915188161132644124, 140671335805908488563837323559203], [192075433339623824019850043540244, 127988266129886580306878715204119]]","{""ok"": true, ""elapsed"": 0.00013499999477062374, ""muls"": 64, ""adds"": 64, ""sample"": [[148884418023018915188161132644124, 140671335805908488563837323559203], [192075433339623824019850043540244, 127988266129886580306878715204119]], ""checksum"": 2323444114130056007332704327616913}
","[decimal_gemm] STRASSEN result shape: 4x4
[decimal_gemm]   digit muls: 64 digit adds: 64 time (s): 0.000135
"
4,16,strassen,1,0.00015550000534858555,64,64,,0,1448360135273386356538899088515226,"[[158100112733837824366319685297432, 81871706057929769714705831978361], [131232689051497201649969837459392, 17401061436916503753370819057428]]","{""ok"": true, ""elapsed"": 0.00015550000534858555, ""muls"": 64, ""adds"": 64, ""sample"": [[158100112733837824366319685297432, 81871706057929769714705831978361], [131232689051497201649969837459392, 17401061436916503753370819057428]], ""checksum"": 1448360135273386356538899088515226}
","[decimal_gemm] STRASSEN result shape: 4x4
[decimal_gemm]   digit muls: 64 digit adds: 64 time (s): 0.000156
"
4,16,strassen,2,0.00012519999290816486,64,64,,0,1685078335177374526204349529542213,"[[78080641459559008521917504693388, 87737372149835418573286422050663], [226683375557703408602562205461717, 115030910650518429502908602655555]]","{""ok"": true, ""elapsed"": 0.00012519999290816486, ""muls"": 64, ""adds"": 64, ""sample"": [[78080641459559008521917504693388, 87737372149835418573286422050663], [226683375557703408602562205461717, 115030910650518429502908602655555]], ""checksum"": 1685078335177374526204349529542213}
","[decimal_gemm] STRASSEN result shape: 4x4
[decimal_gemm]   digit muls: 64 digit adds: 64 time (s): 0.000125
"
8,4,schoolbook,0,0.000225499999942258,512,512,,0,13367635507,"[[209204508, 211777900], [252318784, 277768794]]","{""ok"": true, ""elapsed"": 0.000225499999942258, ""muls"": 512, ""adds"": 512, ""sample"": [[209204508, 211777900], [252318784, 277768794]], ""checksum"": 13367635507}
","[decimal_gemm] SCHOOLBOOK result shape: 8x8
[decimal_gemm]   digit muls: 512 digit adds: 512 time (s): 0.000225
"
8,4,schoolbook,1,0.00022850000823382288,512,512,,0,11919635212,"[[210715200, 186927458], [191231480, 188041465]]","{""ok"": true, ""elapsed"": 0.00022850000823382288, ""muls"": 512, ""adds"": 512, ""sample"": [[210715200, 186927458], [191231480, 188041465]], ""checksum"": 11919635212}
","[decimal_gemm] SCHOOLBOOK result shape: 8x8
[decimal_gemm]   digit muls: 512 digit adds: 512 time (s): 0.000229
"
8,4,schoolbook,2,0.00023620000865776092,512,512,,0,16539625590,"[[287620432, 285334286], [214637921, 248114038]]","{""ok"": true, ""elapsed"": 0.00023620000865776092, ""muls"": 512, ""adds"": 512, ""sample"": [[287620432, 285334286], [214637921, 248114038]], ""checksum"": 16539625590}
","[decimal_gemm] SCHOOLBOOK result shape: 8x8
[decimal_gemm]   digit muls: 512 digit adds: 512 time (s): 0.000236
"
8,4,karatsuba,0,0.00022760000138077885,512,512,,0,11942518802,"[[180208207, 203707764], [221831905, 266131634]]","{""ok"": true, ""elapsed"": 0.00022760000138077885, ""muls"": 512, ""adds"": 512, ""sample"": [[180208207, 203707764], [221831905, 266131634]], ""checksum"": 11942518802}
","[decimal_gemm] KARATSUBA result shape: 8x8
[decimal_gemm]   digit muls: 512 digit adds: 512 time (s): 0.000228
"
8,4,karatsuba,1,0.00023119999968912452,512,512,,0,12901373248,"[[136814113, 199757269], [106419098, 122596206]]","{""ok"": true, ""elapsed"": 0.00023119999968912452, ""muls"": 512, ""adds"": 512, ""sample"": [[136814113, 199757269], [106419098, 122596206]], ""checksum"": 12901373248}
","[decimal_gemm] KARATSUBA result shape: 8x8
[decimal_gemm]   digit muls: 512 digit adds: 512 time (s): 0.000231
"
8,4,karatsuba,2,0.00022659999376628548,512,512,,0,12133189592,"[[172795680, 168914815], [175990674, 223553144]]","{""ok"": true, ""elapsed"": 0.00022659999376628548, ""muls"": 512, ""adds"": 512, ""sample"": [[172795680, 168914815], [175990674, 223553144]], ""checksum"": 12133189592}
","[decimal_gemm] KARATSUBA result shape: 8x8
[decimal_gemm]   digit muls: 512 digit adds: 512 time (s): 0.000227
"
8,4,strassen,0,0.00023119999968912452,512,512,,0,11330794108,"[[138955996, 156261044], [175073806, 228611453]]","{""ok"": true, ""elapsed"": 0.00023119999968912452, ""muls"": 512, ""adds"": 512, ""sample"": [[138955996, 156261044], [175073806, 228611453]], ""checksum"": 11330794108}
","[decimal_gemm] STRASSEN result shape: 8x8
[decimal_gemm]   digit muls: 512 digit adds: 512 time (s): 0.000231
"
8,4,strassen,1,0.0002317000034963712,512,512,,0,11021738630,"[[205337866, 274006383], [160878603, 232545276]]","{""ok"": true, ""elapsed"": 0.0002317000034963712, ""muls"": 512, ""adds"": 512, ""sample"": [[205337866, 274006383], [160878603, 232545276]], ""checksum"": 11021738630}
","[decimal_gemm] STRASSEN result shape: 8x8
[decimal_gemm]   digit muls: 512 digit adds: 512 time (s): 0.000232
"
8,4,strassen,2,0.00021899999410379678,512,512,,0,13256254142,"[[205935853, 151982647], [205806419, 163603359]]","{""ok"": true, ""elapsed"": 0.00021899999410379678, ""muls"": 512, ""adds"": 512, ""sample"": [[205935853, 151982647], [205806419, 163603359]], ""checksum"": 13256254142}
","[decimal_gemm] STRASSEN result shape: 8x8
[decimal_gemm]   digit muls: 512 digit adds: 512 time (s): 0.000219
"
8,8,schoolbook,0,0.0002795000036712736,512,512,,0,1200879303902407375,"[[25787791586511226, 24719443614488859], [19006767575506345, 16925206409027918]]","{""ok"": true, ""elapsed"": 0.0002795000036712736, ""muls"": 512, ""adds"": 512, ""sample"": [[25787791586511226, 24719443614488859], [19006767575506345, 16925206409027918]], ""checksum"": 1200879303902407375}
","[decimal_gemm] SCHOOLBOOK result shape: 8x8
[decimal_gemm]   digit muls: 512 digit adds: 512 time (s): 0.000280
"
8,8,schoolbook,1,0.00029639998683705926,512,512,,0,1451742255108067498,"[[18727791867721548, 29741666116757324], [13512745170968189, 28144024768659136]]","{""ok"": true, ""elapsed"": 0.00029639998683705926, ""muls"": 512, ""adds"": 512, ""sample"": [[18727791867721548, 29741666116757324], [13512745170968189, 28144024768659136]], ""checksum"": 1451742255108067498}
","[decimal_gemm] SCHOOLBOOK result shape: 8x8
[decimal_gemm]   digit muls: 512 digit adds: 512 time (s): 0.000296
"
8,8,schoolbook,2,0.00029070000164210796,512,512,,0,1206608113361737868,"[[27765294544852071, 33116136134821312], [19765274679574972, 18739158588516123]]","{""ok"": true, ""elapsed"": 0.00029070000164210796, ""muls"": 512, ""adds"": 512, ""sample"": [[27765294544852071, 33116136134821312], [19765274679574972, 18739158588516123]], ""checksum"": 1206608113361737868}
","[decimal_gemm] SCHOOLBOOK result shape: 8x8
[decimal_gemm]   digit muls: 512 digit adds: 512 time (s): 0.000291
"
8,8,karatsuba,0,0.0002975999959744513,512,512,,0,1186965354785850824,"[[18425063838705473, 18173192290871587], [28543820074236446, 27430325516500905]]","{""ok"": true, ""elapsed"": 0.0002975999959744513, ""muls"": 512, ""adds"": 512, ""sample"": [[18425063838705473, 18173192290871587], [28543820074236446, 27430325516500905]], ""checksum"": 1186965354785850824}
","[decimal_gemm] KARATSUBA result shape: 8x8
[decimal_gemm]   digit muls: 512 digit adds: 512 time (s): 0.000298
"
8,8,karatsuba,1,0.00030419998802244663,512,512,,0,1296388897601837198,"[[23786297400397098, 21719412697344390], [23151048702926493, 23671492822285778]]","{""ok"": true, ""elapsed"": 0.00030419998802244663, ""muls"": 512, ""adds"": 512, ""sample"": [[23786297400397098, 21719412697344390], [23151048702926493, 23671492822285778]], ""checksum"": 1296388897601837198}
","[decimal_gemm] KARATSUBA result shape: 8x8
[decimal_gemm]   digit muls: 512 digit adds: 512 time (s): 0.000304
"
8,8,karatsuba,2,0.0003057999856537208,512,512,,0,1330455548748595804,"[[19005458012378614, 17577022323105155], [21647052469361377, 14196934279125975]]","{""ok"": true, ""elapsed"": 0.0003057999856537208, ""muls"": 512, ""adds"": 512, ""sample"": [[19005458012378614, 17577022323105155], [21647052469361377, 14196934279125975]], ""checksum"": 1330455548748595804}
","[decimal_gemm] KARATSUBA result shape: 8x8
[decimal_gemm]   digit muls: 512 digit adds: 512 time (s): 0.000306
"
8,8,strassen,0,0.0003001000004587695,512,512,,0,1264201545777136696,"[[15156377744920993, 18329267173893190], [11261799787458547, 16265274453368751]]","{""ok"": true, ""elapsed"": 0.0003001000004587695, ""muls"": 512, ""adds"": 512, ""sample"": [[15156377744920993, 18329267173893190], [11261799787458547, 16265274453368751]], ""checksum"": 1264201545777136696}
","[decimal_gemm] STRASSEN result shape: 8x8
[decimal_gemm]   digit muls: 512 digit adds: 512 time (s): 0.000300
"
8,8,strassen,1,0.00030080000578891486,512,512,,0,1186813664825068989,"[[23565585653310317, 25042875460105907], [26605494192753636, 26280043474299805]]","{""ok"": true, ""elapsed"": 0.00030080000578891486, ""muls"": 512, ""adds"": 512, ""sample"": [[23565585653310317, 25042875460105907], [26605494192753636, 26280043474299805]], ""checksum"": 1186813664825068989}
","[decimal_gemm] STRASSEN result shape: 8x8
[decimal_gemm]   digit muls: 512 digit adds: 512 time (s): 0.000301
"
8,8,strassen,2,0.00029070000164210796,512,512,,0,1244482757081436173,"[[24446709104400041, 24635354146778454], [22197017613947723, 22956263738335518]]","{""ok"": true, ""elapsed"": 0.00029070000164210796, ""muls"": 512, ""adds"": 512, ""sample"": [[24446709104400041, 24635354146778454], [22197017613947723, 22956263738335518]], ""checksum"": 1244482757081436173}
","[decimal_gemm] STRASSEN result shape: 8x8
[decimal_gemm]   digit muls: 512 digit adds: 512 time (s): 0.000291
"
8,16,schoolbook,0,0.0004335999983595684,512,512,,0,11210848652623466904309976272095170,"[[159900365926163623584039272849451, 170025819265049053211879980721262], [160840111573931921084924181287130, 172531420963728363926051768743046]]","{""ok"": true, ""elapsed"": 0.0004335999983595684, ""muls"": 512, ""adds"": 512, ""sample"": [[159900365926163623584039272849451, 170025819265049053211879980721262], [160840111573931921084924181287130, 172531420963728363926051768743046]], ""checksum"": 11210848652623466904309976272095170}
","[decimal_gemm] SCHOOLBOOK result shape: 8x8
[decimal_gemm]   digit muls: 512 digit adds: 512 time (s): 0.000434
"
8,16,schoolbook,1,0.00045280001359060407,512,512,,0,12209450306193067858655930196836751,"[[341364428955606717168710154303546, 311916775386841868274451084196929], [281834348402464657451096745218730, 191377494980226014264485190716209]]","{""ok"": true, ""elapsed"": 0.00045280001359060407, ""muls"": 512, ""adds"": 512, ""sample"": [[341364428955606717168710154303546, 311916775386841868274451084196929], [281834348402464657451096745218730, 191377494980226014264485190716209]], ""checksum"": 12209450306193067858655930196836751}
","[decimal_gemm] SCHOOLBOOK result shape: 8x8
[decimal_gemm]   digit muls: 512 digit adds: 512 time (s): 0.000453
"
8,16,schoolbook,2,0.00046189999557100236,512,512,,0,13440323235191441798350327601168950,"[[251181454920098010381796742991328, 171535797862359350874965661368070], [259391485416888772336565145078162, 185550733617433355987001205403046]]","{""ok"": true, ""elapsed"": 0.00046189999557100236, ""muls"": 512, ""adds"": 512, ""sample"": [[251181454920098010381796742991328, 171535797862359350874965661368070], [259391485416888772336565145078162, 185550733617433355987001205403046]], ""checksum"": 13440323235191441798350327601168950}
","[decimal_gemm] SCHOOLBOOK result shape: 8x8
[decimal_gemm]   digit muls: 512 digit adds: 512 time (s): 0.000462
"
8,16,karatsuba,0,0.0005692999984603375,512,512,,0,11194143821379055411259814402301010,"[[330958437851556039336839928886767, 201600673209859771583469714963190], [194785124947559500758287145696983, 123636470824300018174536284298409]]","{""ok"": true, ""elapsed"": 0.0005692999984603375, ""muls"": 512, ""adds"": 512, ""sample"": [[330958437851556039336839928886767, 201600673209859771583469714963190], [194785124947559500758287145696983, 123636470824300018174536284298409]], ""checksum"": 11194143821379055411259814402301010}
","[decimal_gemm] KARATSUBA result shape: 8x8
[decimal_gemm]   digit muls: 512 digit adds: 512 time (s): 0.000569
"
8,16,karatsuba,1,0.00044859999616164714,512,512,,0,12699205665752677812133490269706504,"[[200810397768587039258303753892593, 212485773493409674956311572588700], [149107218035977567057644430310067, 223811241616186722122189739480231]]","{""ok"": true, ""elapsed"": 0.00044859999616164714, ""muls"": 512, ""adds"": 512, ""sample"": [[200810397768587039258303753892593, 212485773493409674956311572588700], [149107218035977567057644430310067, 223811241616186722122189739480231]], ""checksum"": 12699205665752677812133490269706504}
","[decimal_gemm] KARATSUBA result shape: 8x8
[decimal_gemm]   digit muls: 512 digit adds: 512 time (s): 0.000449
"
8,16,karatsuba,2,0.00045419999514706433,512,512,,0,13122603228057012825266435562074724,"[[198166023155490702274801863179950, 178199798920531402768928987758716], [163392814898234022236769673118823, 197519773426801456042787712381567]]","{""ok"": true, ""elapsed"": 0.00045419999514706433, ""muls"": 512, ""adds"": 512, ""sample"": [[198166023155490702274801863179950, 178199798920531402768928987758716], [163392814898234022236769673118823, 197519773426801456042787712381567]], ""checksum"": 13122603228057012825266435562074724}
","[decimal_gemm] KARATSUBA result shape: 8x8
[decimal_gemm]   digit muls: 512 digit adds: 512 time (s): 0.000454
"
8,16,strassen,0,0.0004391999973449856,512,512,,0,10989413177396745127208440084469374,"[[175411598458146395169794661606388, 82895860083472805604721376949643], [138825286991566184978124240902656, 127571693694707153742625875206856]]","{""ok"": true, ""elapsed"": 0.0004391999973449856, ""muls"": 512, ""adds"": 512, ""sample"": [[175411598458146395169794661606388, 82895860083472805604721376949643], [138825286991566184978124240902656, 127571693694707153742625875206856]], ""checksum"": 10989413177396745127208440084469374}
","[decimal_gemm] STRASSEN result shape: 8x8
[decimal_gemm]   digit muls: 512 digit adds: 512 time (s): 0.000439
"
8,16,strassen,1,0.00042290000419598073,512,512,,0,13225124889507722719973055968006713,"[[193057021080501412865420213938217, 129356266811959988179304472880609], [194611857366373763032634109563905, 144044194484243813873407679819661]]","{""ok"": true, ""elapsed"": 0.00042290000419598073, ""muls"": 512, ""adds"": 512, ""sample"": [[193057021080501412865420213938217, 129356266811959988179304472880609], [194611857366373763032634109563905, 144044194484243813873407679819661]], ""checksum"": 13225124889507722719973055968006713}
","[decimal_gemm] STRASSEN result shape: 8x8
[decimal_gemm]   digit muls: 512 digit adds: 512 time (s): 0.000423
"
8,16,strassen,2,0.0004189000028418377,512,512,,0,12504275780221858878033211438506437,"[[229140518300195395558743703583879, 129795569000411326823345033178818], [89136851954001791345438148071315, 58855533928933036751134430515322]]","{""ok"": true, ""elapsed"": 0.0004189000028418377, ""muls"": 512, ""adds"": 512, ""sample"": [[229140518300195395558743703583879, 129795569000411326823345033178818], [89136851954001791345438148071315, 58855533928933036751134430515322]], ""checksum"": 12504275780221858878033211438506437}
","[decimal_gemm] STRASSEN result shape: 8x8
[decimal_gemm]   digit muls: 512 digit adds: 512 time (s): 0.000419
"
16,4,schoolbook,0,0.0010084999958053231,4096,4096,,0,100828388648,"[[445768857, 481808524], [319177739, 387688478]]","{""ok"": true, ""elapsed"": 0.0010084999958053231, ""muls"": 4096, ""adds"": 4096, ""sample"": [[445768857, 481808524], [319177739, 387688478]], ""checksum"": 100828388648}
","[decimal_gemm] SCHOOLBOOK result shape: 16x16
[decimal_gemm]   digit muls: 4096 digit adds: 4096 time (s): 0.001008
"
16,4,schoolbook,1,0.0009776000079000369,4096,4096,,0,104181895151,"[[600267348, 450568054], [537483187, 360179549]]","{""ok"": true, ""elapsed"": 0.0009776000079000369, ""muls"": 4096, ""adds"": 4096, ""sample"": [[600267348, 450568054], [537483187, 360179549]], ""checksum"": 104181895151}
","[decimal_gemm] SCHOOLBOOK result shape: 16x16
[decimal_gemm]   digit muls: 4096 digit adds: 4096 time (s): 0.000978
"
16,4,schoolbook,2,0.0010143999970750883,4096,4096,,0,96703932021,"[[408362494, 499648188], [295952366, 444457963]]","{""ok"": true, ""elapsed"": 0.0010143999970750883, ""muls"": 4096, ""adds"": 4096, ""sample"": [[408362494, 499648188], [295952366, 444457963]], ""checksum"": 96703932021}
","[decimal_gemm] SCHOOLBOOK result shape: 16x16
[decimal_gemm]   digit muls: 4096 digit adds: 4096 time (s): 0.001014
"
16,4,karatsuba,0,0.0010710000060498714,4080,4080,,0,98866579432,"[[369736500, 389540408], [344540124, 347131614]]","{""ok"": true, ""elapsed"": 0.0010710000060498714, ""muls"": 4080, ""adds"": 4080, ""sample"": [[369736500, 389540408], [344540124, 347131614]], ""checksum"": 98866579432}
","[decimal_gemm] KARATSUBA result shape: 16x16
[decimal_gemm]   digit muls: 4080 digit adds: 4080 time (s): 0.001071
"
16,4,karatsuba,1,0.0010528999991947785,4096,4096,,0,103092079995,"[[460122710, 360393916], [335733628, 296214731]]","{""ok"": true, ""elapsed"": 0.0010528999991947785, ""muls"": 4096, ""adds"": 4096, ""sample"": [[460122710, 360393916], [335733628, 296214731]], ""checksum"": 103092079995}
","[decimal_gemm] KARATSUBA result shape: 16x16
[decimal_gemm]   digit muls: 4096 digit adds: 4096 time (s): 0.001053
"
16,4,karatsuba,2,0.0010823000047821552,4096,4096,,0,97517519165,"[[438178033, 441572940], [447610268, 360380177]]","{""ok"": true, ""elapsed"": 0.0010823000047821552, ""muls"": 4096, ""adds"": 4096, ""sample"": [[438178033, 441572940], [447610268, 360380177]], ""checksum"": 97517519165}
","[decimal_gemm] KARATSUBA result shape: 16x16
[decimal_gemm]   digit muls: 4096 digit adds: 4096 time (s): 0.001082
"
16,4,strassen,0,0.0010569000005489215,4096,4096,,0,102152325505,"[[591297784, 498052708], [497668389, 367543704]]","{""ok"": true, ""elapsed"": 0.0010569000005489215, ""muls"": 4096, ""adds"": 4096, ""sample"": [[591297784, 498052708], [497668389, 367543704]], ""checksum"": 102152325505}
","[decimal_gemm] STRASSEN result shape: 16x16
[decimal_gemm]   digit muls: 4096 digit adds: 4096 time (s): 0.001057
"
16,4,strassen,1,0.0009807000024011359,4096,4096,,0,101426515942,"[[353807767, 396176857], [313661100, 387269391]]","{""ok"": true, ""elapsed"": 0.0009807000024011359, ""muls"": 4096, ""adds"": 4096, ""sample"": [[353807767, 396176857], [313661100, 387269391]], ""checksum"": 101426515942}
","[decimal_gemm] STRASSEN result shape: 16x16
[decimal_gemm]   digit muls: 4096 digit adds: 4096 time (s): 0.000981
"
16,4,strassen,2,0.0010339000000385568,4096,4096,,0,107280552425,"[[536098044, 476205927], [611237687, 407364618]]","{""ok"": true, ""elapsed"": 0.0010339000000385568, ""muls"": 4096, ""adds"": 4096, ""sample"": [[536098044, 476205927], [611237687, 407364618]], ""checksum"": 107280552425}
","[decimal_gemm] STRASSEN result shape: 16x16
[decimal_gemm]   digit muls: 4096 digit adds: 4096 time (s): 0.001034
"
16,8,schoolbook,0,0.0012759999954141676,4096,4096,,0,8899502399438146355,"[[31771895414107830, 24128976216188776], [30826971071189468, 32925210109643113]]","{""ok"": true, ""elapsed"": 0.0012759999954141676, ""muls"": 4096, ""adds"": 4096, ""sample"": [[31771895414107830, 24128976216188776], [30826971071189468, 32925210109643113]], ""checksum"": 8899502399438146355}
","[decimal_gemm] SCHOOLBOOK result shape: 16x16
[decimal_gemm]   digit muls: 4096 digit adds: 4096 time (s): 0.001276
"
16,8,schoolbook,1,0.0012983999913558364,4096,4096,,0,10600186332646621708,"[[41491143180163591, 54752243299416073], [35168497999949716, 42773374033124610]]","{""ok"": true, ""elapsed"": 0.0012983999913558364, ""muls"": 4096, ""adds"": 4096, ""sample"": [[41491143180163591, 54752243299416073], [35168497999949716, 42773374033124610]], ""checksum"": 10600186332646621708}
","[decimal_gemm] SCHOOLBOOK result shape: 16x16
[decimal_gemm]   digit muls: 4096 digit adds: 4096 time (s): 0.001298
"
16,8,schoolbook,2,0.001280399999814108,4096,4096,,0,10651062769631513460,"[[39091299858498479, 34323996189662473], [31730651018949664, 27922428337118243]]","{""ok"": true, ""elapsed"": 0.001280399999814108, ""muls"": 4096, ""adds"": 4096, ""sample"": [[39091299858498479, 34323996189662473], [31730651018949664, 27922428337118243]], ""checksum"": 10651062769631513460}
","[decimal_gemm] SCHOOLBOOK result shape: 16x16
[decimal_gemm]   digit muls: 4096 digit adds: 4096 time (s): 0.001280
"
16,8,karatsuba,0,0.0012637000036193058,4096,4096,,0,9946631298015686760,"[[33207274221772563, 49943656009815129], [41434847626048837, 48148104710064314]]","{""ok"": true, ""elapsed"": 0.0012637000036193058, ""muls"": 4096, ""adds"": 4096, ""sample"": [[33207274221772563, 49943656009815129], [41434847626048837, 48148104710064314]], ""checksum"": 9946631298015686760}
","[decimal_gemm] KARATSUBA result shape: 16x16
[decimal_gemm]   digit muls: 4096 digit adds: 4096 time (s): 0.001264
"
16,8,karatsuba,1,0.0012204999948153272,4096,4096,,0,10497336989742212535,"[[31999084083745761, 48594029272968252], [36790356033103193, 56666354526489719]]","{""ok"": true, ""elapsed"": 0.0012204999948153272, ""muls"": 4096, ""adds"": 4096, ""sample"": [[31999084083745761, 48594029272968252], [36790356033103193, 56666354526489719]], ""checksum"": 10497336989742212535}
","[decimal_gemm] KARATSUBA result shape: 16x16
[decimal_gemm]   digit muls: 4096 digit adds: 4096 time (s): 0.001220
"
16,8,karatsuba,2,0.0013168000004952773,4096,4096,,0,10074578469231287864,"[[41374160735834799, 53024434398828831], [32386313421267327, 43123027126840788]]","{""ok"": true, ""elapsed"": 0.0013168000004952773, ""muls"": 4096, ""adds"": 4096, ""sample"": [[41374160735834799, 53024434398828831], [32386313421267327, 43123027126840788]], ""checksum"": 10074578469231287864}
","[decimal_gemm] KARATSUBA result shape: 16x16
[decimal_gemm]   digit muls: 4096 digit adds: 4096 time (s): 0.001317
"
16,8,strassen,0,0.001291799999307841,4096,4096,,0,11651946526641608264,"[[41178141935711391, 53766135684442005], [41838574177456365, 49458043464752316]]","{""ok"": true, ""elapsed"": 0.001291799999307841, ""muls"": 4096, ""adds"": 4096, ""sample"": [[41178141935711391, 53766135684442005], [41838574177456365, 49458043464752316]], ""checksum"": 11651946526641608264}
","[decimal_gemm] STRASSEN result shape: 16x16
[decimal_gemm]   digit muls: 4096 digit adds: 4096 time (s): 0.001292
"
16,8,strassen,1,0.001520399993751198,4096,4096,,0,10664340497991855572,"[[26436621269692970, 34267730112161018], [42245941260385675, 41055623939809184]]","{""ok"": true, ""elapsed"": 0.001520399993751198, ""muls"": 4096, ""adds"": 4096, ""sample"": [[26436621269692970, 34267730112161018], [42245941260385675, 41055623939809184]], ""checksum"": 10664340497991855572}
","[decimal_gemm] STRASSEN result shape: 16x16
[decimal_gemm]   digit muls: 4096 digit adds: 4096 time (s): 0.001520
"
16,8,strassen,2,0.0013431999977910891,4096,4096,,0,11287583618169962011,"[[50000409294993522, 42281351552215333], [51378619310467434, 49334463543771123]]","{""ok"": true, ""elapsed"": 0.0013431999977910891, ""muls"": 4096, ""adds"": 4096, ""sample"": [[50000409294993522, 42281351552215333], [51378619310467434, 49334463543771123]], ""checksum"": 11287583618169962011}
","[decimal_gemm] STRASSEN result shape: 16x16
[decimal_gemm]   digit muls: 4096 digit adds: 4096 time (s): 0.001343
"
16,16,schoolbook,0,0.0019509999983711168,4096,4096,,0,92206828005670704633178043629192928,"[[369786468026489927511870468778999, 320324577345318621929823445732049], [392987036420266023794989865307537, 346281633825219340600076601235498]]","{""ok"": true, ""elapsed"": 0.0019509999983711168, ""muls"": 4096, ""adds"": 4096, ""sample"": [[369786468026489927511870468778999, 320324577345318621929823445732049], [392987036420266023794989865307537, 346281633825219340600076601235498]], ""checksum"": 92206828005670704633178043629192928}
","[decimal_gemm] SCHOOLBOOK result shape: 16x16
[decimal_gemm]   digit muls: 4096 digit adds: 4096 time (s): 0.001951
"
16,16,schoolbook,1,0.0018713000026764348,4096,4096,,0,105977169004571891711248832614491784,"[[342619184563044184585344101820640, 317434573324441050586710496807954], [294930808299434522944325291677055, 458534674558253651277148408735421]]","{""ok"": true, ""elapsed"": 0.0018713000026764348, ""muls"": 4096, ""adds"": 4096, ""sample"": [[342619184563044184585344101820640, 317434573324441050586710496807954], [294930808299434522944325291677055, 458534674558253651277148408735421]], ""checksum"": 105977169004571891711248832614491784}
","[decimal_gemm] SCHOOLBOOK result shape: 16x16
[decimal_gemm]   digit muls: 4096 digit adds: 4096 time (s): 0.001871
"
16,16,schoolbook,2,0.0018121000030077994,4096,4096,,0,94618181329827475458414221904521084,"[[386123632935421184313787148498633, 509012666032628765609378623999270], [282356647455500872140165705255086, 316905338098549378965157287070829]]","{""ok"": true, ""elapsed"": 0.0018121000030077994, ""muls"": 4096, ""adds"": 4096, ""sample"": [[386123632935421184313787148498633, 509012666032628765609378623999270], [282356647455500872140165705255086, 316905338098549378965157287070829]], ""checksum"": 94618181329827475458414221904521084}
","[decimal_gemm] SCHOOLBOOK result shape: 16x16
[decimal_gemm]   digit muls: 4096 digit adds: 4096 time (s): 0.001812
"
16,16,karatsuba,0,0.0019303000008221716,4096,4096,,0,107122825147600972799315570620924273,"[[433416262085168912608193187964516, 423465579365846651559185047132235], [370238682569116765919372530798091, 365111777272583225214664692234624]]","{""ok"": true, ""elapsed"": 0.0019303000008221716, ""muls"": 4096, ""adds"": 4096, ""sample"": [[433416262085168912608193187964516, 423465579365846651559185047132235], [370238682569116765919372530798091, 365111777272583225214664692234624]], ""checksum"": 107122825147600972799315570620924273}
","[decimal_gemm] KARATSUBA result shape: 16x16
[decimal_gemm]   digit muls: 4096 digit adds: 4096 time (s): 0.001930
"
16,16,karatsuba,1,0.0018598000024212524,4096,4096,,0,104584564813301062668949164799197530,"[[482753247109506497394323713168455, 487133782663128026210340742843192], [446994895477288276803388575563473, 367025641467849353971702192079636]]","{""ok"": true, ""elapsed"": 0.0018598000024212524, ""muls"": 4096, ""adds"": 4096, ""sample"": [[482753247109506497394323713168455, 487133782663128026210340742843192], [446994895477288276803388575563473, 367025641467849353971702192079636]], ""checksum"": 104584564813301062668949164799197530}
","[decimal_gemm] KARATSUBA result shape: 16x16
[decimal_gemm]   digit muls: 4096 digit adds: 4096 time (s): 0.001860
"
16,16,karatsuba,2,0.0018505000043660402,4096,4096,,0,95018564798381191742887982074054220,"[[379824584881747844356873766053084, 341365266641843885798740247673105], [490367836629371109735543806882409, 269561552980391571489287268252115]]","{""ok"": true, ""elapsed"": 0.0018505000043660402, ""muls"": 4096, ""adds"": 4096, ""sample"": [[379824584881747844356873766053084, 341365266641843885798740247673105], [490367836629371109735543806882409, 269561552980391571489287268252115]], ""checksum"": 95018564798381191742887982074054220}
","[decimal_gemm] KARATSUBA result shape: 16x16
[decimal_gemm]   digit muls: 4096 digit adds: 4096 time (s): 0.001851
"
16,16,strassen,0,0.0019251000048825517,4096,4096,,0,106624157978209684595976179487516732,"[[468483807715241389830039499088163, 591609269008186000811679625594147], [431082328189245043267377101525318, 547267106754703611137188101127674]]","{""ok"": true, ""elapsed"": 0.0019251000048825517, ""muls"": 4096, ""adds"": 4096, ""sample"": [[468483807715241389830039499088163, 591609269008186000811679625594147], [431082328189245043267377101525318, 547267106754703611137188101127674]], ""checksum"": 106624157978209684595976179487516732}
","[decimal_gemm] STRASSEN result shape: 16x16
[decimal_gemm]   digit muls: 4096 digit adds: 4096 time (s): 0.001925
"
16,16,strassen,1,0.0018485000036889687,4096,4096,,0,98031545284245916730079577894464049,"[[407320278787054011638291652912685, 386027827379430288462622438951895], [425066422467160773103348839160912, 487824676894434564389319385501806]]","{""ok"": true, ""elapsed"": 0.0018485000036889687, ""muls"": 4096, ""adds"": 4096, ""sample"": [[407320278787054011638291652912685, 386027827379430288462622438951895], [425066422467160773103348839160912, 487824676894434564389319385501806]], ""checksum"": 98031545284245916730079577894464049}
","[decimal_gemm] STRASSEN result shape: 16x16
[decimal_gemm]   digit muls: 4096 digit adds: 4096 time (s): 0.001849
"
16,16,strassen,2,0.001818499993532896,4096,4096,,0,106358874202448296206270657887851487,"[[415165107680964502865634230048289, 512488248422218714451179571900575], [394670746130762180569691135014805, 478082035116442768740098707856362]]","{""ok"": true, ""elapsed"": 0.001818499993532896, ""muls"": 4096, ""adds"": 4096, ""sample"": [[415165107680964502865634230048289, 512488248422218714451179571900575], [394670746130762180569691135014805, 478082035116442768740098707856362]], ""checksum"": 106358874202448296206270657887851487}
","[decimal_gemm] STRASSEN result shape: 16x16
[decimal_gemm]   digit muls: 4096 digit adds: 4096 time (s): 0.001818
"
32,4,schoolbook,0,0.005681300011929125,32736,32736,,0,832938306008,"[[779515320, 675647403], [709772046, 705324146]]","{""ok"": true, ""elapsed"": 0.005681300011929125, ""muls"": 32736, ""adds"": 32736, ""sample"": [[779515320, 675647403], [709772046, 705324146]], ""checksum"": 832938306008}
","[decimal_gemm] SCHOOLBOOK result shape: 32x32
[decimal_gemm]   digit muls: 32736 digit adds: 32736 time (s): 0.005681
"
32,4,schoolbook,1,0.005728599993744865,32768,32768,,0,810125951573,"[[723605268, 869609365], [697548772, 873150781]]","{""ok"": true, ""elapsed"": 0.005728599993744865, ""muls"": 32768, ""adds"": 32768, ""sample"": [[723605268, 869609365], [697548772, 873150781]], ""checksum"": 810125951573}
","[decimal_gemm] SCHOOLBOOK result shape: 32x32
[decimal_gemm]   digit muls: 32768 digit adds: 32768 time (s): 0.005729
"
32,4,schoolbook,2,0.005682500006514601,32768,32768,,0,806813558458,"[[819128716, 776950971], [875511010, 796566496]]","{""ok"": true, ""elapsed"": 0.005682500006514601, ""muls"": 32768, ""adds"": 32768, ""sample"": [[819128716, 776950971], [875511010, 796566496]], ""checksum"": 806813558458}
","[decimal_gemm] SCHOOLBOOK result shape: 32x32
[decimal_gemm]   digit muls: 32768 digit adds: 32768 time (s): 0.005683
"
32,4,karatsuba,0,0.005657400004565716,32768,32768,,0,784312009827,"[[921703058, 675901664], [1017829892, 673790384]]","{""ok"": true, ""elapsed"": 0.005657400004565716, ""muls"": 32768, ""adds"": 32768, ""sample"": [[921703058, 675901664], [1017829892, 673790384]], ""checksum"": 784312009827}
","[decimal_gemm] KARATSUBA result shape: 32x32
[decimal_gemm]   digit muls: 32768 digit adds: 32768 time (s): 0.005657
"
32,4,karatsuba,1,0.005498300000908785,32768,32768,,0,830251844554,"[[902752006, 865723071], [855822600, 819681310]]","{""ok"": true, ""elapsed"": 0.005498300000908785, ""muls"": 32768, ""adds"": 32768, ""sample"": [[902752006, 865723071], [855822600, 819681310]], ""checksum"": 830251844554}
","[decimal_gemm] KARATSUBA result shape: 32x32
[decimal_gemm]   digit muls: 32768 digit adds: 32768 time (s): 0.005498
"
32,4,karatsuba,2,0.0056233999930555,32768,32768,,0,805063434055,"[[773582122, 668943018], [855171476, 806607444]]","{""ok"": true, ""elapsed"": 0.0056233999930555, ""muls"": 32768, ""adds"": 32768, ""sample"": [[773582122, 668943018], [855171476, 806607444]], ""checksum"": 805063434055}
","[decimal_gemm] KARATSUBA result shape: 32x32
[decimal_gemm]   digit muls: 32768 digit adds: 32768 time (s): 0.005623
"
32,4,strassen,0,0.005545199994230643,32768,32768,,0,785603052912,"[[837708367, 824764193], [884760927, 942464599]]","{""ok"": true, ""elapsed"": 0.005545199994230643, ""muls"": 32768, ""adds"": 32768, ""sample"": [[837708367, 824764193], [884760927, 942464599]], ""checksum"": 785603052912}
","[decimal_gemm] STRASSEN result shape: 32x32
[decimal_gemm]   digit muls: 32768 digit adds: 32768 time (s): 0.005545
"
32,4,strassen,1,0.005565600004047155,32768,32768,,0,829335572464,"[[811502300, 773058737], [781266174, 658833107]]","{""ok"": true, ""elapsed"": 0.005565600004047155, ""muls"": 32768, ""adds"": 32768, ""sample"": [[811502300, 773058737], [781266174, 658833107]], ""checksum"": 829335572464}
","[decimal_gemm] STRASSEN result shape: 32x32
[decimal_gemm]   digit muls: 32768 digit adds: 32768 time (s): 0.005566
"
32,4,strassen,2,0.00560490001225844,32768,32768,,0,842191572247,"[[594763396, 752336361], [730605295, 739241173]]","{""ok"": true, ""elapsed"": 0.00560490001225844, ""muls"": 32768, ""adds"": 32768, ""sample"": [[594763396, 752336361], [730605295, 739241173]], ""checksum"": 842191572247}
","[decimal_gemm] STRASSEN result shape: 32x32
[decimal_gemm]   digit muls: 32768 digit adds: 32768 time (s): 0.005605
"
32,8,schoolbook,0,0.007030299995676614,32768,32768,,0,80534066764700961112,"[[77989581472187503, 76854364621339526], [54626644386868856, 54409981067606360]]","{""ok"": true, ""elapsed"": 0.007030299995676614, ""muls"": 32768, ""adds"": 32768, ""sample"": [[77989581472187503, 76854364621339526], [54626644386868856, 54409981067606360]], ""checksum"": 80534066764700961112}
","[decimal_gemm] SCHOOLBOOK result shape: 32x32
[decimal_gemm]   digit muls: 32768 digit adds: 32768 time (s): 0.007030
"
32,8,schoolbook,1,0.007268800007295795,32768,32768,,0,79182441256926746249,"[[65795431109576155, 74291652397442027], [80488093630076226, 79563779929598510]]","{""ok"": true, ""elapsed"": 0.007268800007295795, ""muls"": 32768, ""adds"": 32768, ""sample"": [[65795431109576155, 74291652397442027], [80488093630076226, 79563779929598510]], ""checksum"": 79182441256926746249}
","[decimal_gemm] SCHOOLBOOK result shape: 32x32
[decimal_gemm]   digit muls: 32768 digit adds: 32768 time (s): 0.007269
"
32,8,schoolbook,2,0.007013599999481812,32768,32768,,0,80797423395287295069,"[[71168062161220722, 47091962813877803], [86236110377137494, 54915702125813704]]","{""ok"": true, ""elapsed"": 0.007013599999481812, ""muls"": 32768, ""adds"": 32768, ""sample"": [[71168062161220722, 47091962813877803], [86236110377137494, 54915702125813704]], ""checksum"": 80797423395287295069}
","[decimal_gemm] SCHOOLBOOK result shape: 32x32
[decimal_gemm]   digit muls: 32768 digit adds: 32768 time (s): 0.007014
"
32,8,karatsuba,0,0.0069561999989673495,32768,32768,,0,80489541041615500370,"[[79496256060685948, 62195476772154932], [76351274022619047, 63296925407760115]]","{""ok"": true, ""elapsed"": 0.0069561999989673495, ""muls"": 32768, ""adds"": 32768, ""sample"": [[79496256060685948, 62195476772154932], [76351274022619047, 63296925407760115]], ""checksum"": 80489541041615500370}
","[decimal_gemm] KARATSUBA result shape: 32x32
[decimal_gemm]   digit muls: 32768 digit adds: 32768 time (s): 0.006956
"
32,8,karatsuba,1,0.007034399997792207,32768,32768,,0,79063462185514138269,"[[71554885575581430, 69532209232465912], [75893931109460425, 76077500708546791]]","{""ok"": true, ""elapsed"": 0.007034399997792207, ""muls"": 32768, ""adds"": 32768, ""sample"": [[71554885575581430, 69532209232465912], [75893931109460425, 76077500708546791]], ""checksum"": 79063462185514138269}
","[decimal_gemm] KARATSUBA result shape: 32x32
[decimal_gemm]   digit muls: 32768 digit adds: 32768 time (s): 0.007034
"
32,8,karatsuba,2,0.007016399991698563,32768,32768,,0,81491423620802021013,"[[78556491638414967, 83356292625922074], [73278664656933482, 59403456419327542]]","{""ok"": true, ""elapsed"": 0.007016399991698563, ""muls"": 32768, ""adds"": 32768, ""sample"": [[78556491638414967, 83356292625922074], [73278664656933482, 59403456419327542]], ""checksum"": 81491423620802021013}
","[decimal_gemm] KARATSUBA result shape: 32x32
[decimal_gemm]   digit muls: 32768 digit adds: 32768 time (s): 0.007016
"
32,8,strassen,0,0.007194899997557513,32768,32768,,0,83168154068690304951,"[[73449512348272524, 64331019010764964], [85605540296872674, 68186953932227361]]","{""ok"": true, ""elapsed"": 0.007194899997557513, ""muls"": 32768, ""adds"": 32768, ""sample"": [[73449512348272524, 64331019010764964], [85605540296872674, 68186953932227361]], ""checksum"": 83168154068690304951}
","[decimal_gemm] STRASSEN result shape: 32x32
[decimal_gemm]   digit muls: 32768 digit adds: 32768 time (s): 0.007195
"
32,8,strassen,1,0.006804100004956126,32768,32768,,0,81618233724797073401,"[[87885697369241590, 84076527095920580], [71226963137895083, 85902340597763330]]","{""ok"": true, ""elapsed"": 0.006804100004956126, ""muls"": 32768, ""adds"": 32768, ""sample"": [[87885697369241590, 84076527095920580], [71226963137895083, 85902340597763330]], ""checksum"": 81618233724797073401}
","[decimal_gemm] STRASSEN result shape: 32x32
[decimal_gemm]   digit muls: 32768 digit adds: 32768 time (s): 0.006804
"
32,8,strassen,2,0.00693620000674855,32768,32768,,0,81977129593342050946,"[[86798982258710587, 102476450422213294], [71406936868075636, 81962269661352047]]","{""ok"": true, ""elapsed"": 0.00693620000674855, ""muls"": 32768, ""adds"": 32768, ""sample"": [[86798982258710587, 102476450422213294], [71406936868075636, 81962269661352047]], ""checksum"": 81977129593342050946}
","[decimal_gemm] STRASSEN result shape: 32x32
[decimal_gemm]   digit muls: 32768 digit adds: 32768 time (s): 0.006936
"
32,16,schoolbook,0,0.009696199995232746,32768,32768,,0,857902805435703552258319770891552392,"[[778369277376188654370974791739449, 1031158750056960006249019461763960], [831647143617132078680449867814401, 927536486075858496865435889516174]]","{""ok"": true, ""elapsed"": 0.009696199995232746, ""muls"": 32768, ""adds"": 32768, ""sample"": [[778369277376188654370974791739449, 1031158750056960006249019461763960], [831647143617132078680449867814401, 927536486075858496865435889516174]], ""checksum"": 857902805435703552258319770891552392}
","[decimal_gemm] SCHOOLBOOK result shape: 32x32
[decimal_gemm]   digit muls: 32768 digit adds: 32768 time (s): 0.009696
"
32,16,schoolbook,1,0.010100600004079752,32768,32768,,0,831026095451124992470935200229405700,"[[791704457600163575463408510710719, 888591440373211135130834050818487], [823335008937582484118328309656631, 909534212469733217525875540745145]]","{""ok"": true, ""elapsed"": 0.010100600004079752, ""muls"": 32768, ""adds"": 32768, ""sample"": [[791704457600163575463408510710719, 888591440373211135130834050818487], [823335008937582484118328309656631, 909534212469733217525875540745145]], ""checksum"": 831026095451124992470935200229405700}
","[decimal_gemm] SCHOOLBOOK result shape: 32x32
[decimal_gemm]   digit muls: 32768 digit adds: 32768 time (s): 0.010101
"
32,16,schoolbook,2,0.00987199999508448,32768,32768,,0,836845313846025730095864657769601098,"[[866609380497110819434035325869065, 784223564354688051042579943444109], [878328630753741572652325645942645, 816280988659975366797935525463224]]","{""ok"": true, ""elapsed"": 0.00987199999508448, ""muls"": 32768, ""adds"": 32768, ""sample"": [[866609380497110819434035325869065, 784223564354688051042579943444109], [878328630753741572652325645942645, 816280988659975366797935525463224]], ""checksum"": 836845313846025730095864657769601098}
","[decimal_gemm] SCHOOLBOOK result shape: 32x32
[decimal_gemm]   digit muls: 32768 digit adds: 32768 time (s): 0.009872
"
32,16,karatsuba,0,0.009771299999556504,32768,32768,,0,802798215488180899928245513025311595,"[[769531061021269854400304637195251, 977552438622868209819947707750566], [932902494629648441536913131908974, 922614962573728861640769051855643]]","{""ok"": true, ""elapsed"": 0.009771299999556504, ""muls"": 32768, ""adds"": 32768, ""sample"": [[769531061021269854400304637195251, 977552438622868209819947707750566], [932902494629648441536913131908974, 922614962573728861640769051855643]], ""checksum"": 802798215488180899928245513025311595}
","[decimal_gemm] KARATSUBA result shape: 32x32
[decimal_gemm]   digit muls: 32768 digit adds: 32768 time (s): 0.009771
"
32,16,karatsuba,1,0.00997280000592582,32768,32768,,0,777238145804899045769363165858184390,"[[608430148226166979988580456809059, 678745128975178303460417550825037], [759334066001656045267915706855823, 634193152966069325368393660037719]]","{""ok"": true, ""elapsed"": 0.00997280000592582, ""muls"": 32768, ""adds"": 32768, ""sample"": [[608430148226166979988580456809059, 678745128975178303460417550825037], [759334066001656045267915706855823, 634193152966069325368393660037719]], ""checksum"": 777238145804899045769363165858184390}
","[decimal_gemm] KARATSUBA result shape: 32x32
[decimal_gemm]   digit muls: 32768 digit adds: 32768 time (s): 0.009973
"
32,16,karatsuba,2,0.010143100007553585,32768,32768,,0,839558668441497085552684238903082249,"[[982365196314635681991779926137775, 931127926452348409675245326403475], [961671423664817619654387843850547, 865240950208541176537165882282935]]","{""ok"": true, ""elapsed"": 0.010143100007553585, ""muls"": 32768, ""adds"": 32768, ""sample"": [[982365196314635681991779926137775, 931127926452348409675245326403475], [961671423664817619654387843850547, 865240950208541176537165882282935]], ""checksum"": 839558668441497085552684238903082249}
","[decimal_gemm] KARATSUBA result shape: 32x32
[decimal_gemm]   digit muls: 32768 digit adds: 32768 time (s): 0.010143
"
32,16,strassen,0,0.009499100007815287,32768,32768,,0,832211074666158012322299626378658681,"[[759822584160408177474951610795790, 726602168189898622642501879685675], [630808183978627021866452328834447, 705884902539736373986883415577737]]","{""ok"": true, ""elapsed"": 0.009499100007815287, ""muls"": 32768, ""adds"": 32768, ""sample"": [[759822584160408177474951610795790, 726602168189898622642501879685675], [630808183978627021866452328834447, 705884902539736373986883415577737]], ""checksum"": 832211074666158012322299626378658681}
","[decimal_gemm] STRASSEN result shape: 32x32
[decimal_gemm]   digit muls: 32768 digit adds: 32768 time (s): 0.009499
"
32,16,strassen,1,0.009823299988056533,32768,32768,,0,814817232439120093390390356788188669,"[[856088498179848187965346046191758, 895117898507986522251734727333337], [887596989680468014700663837580573, 915131775039423527365572175921188]]","{""ok"": true, ""elapsed"": 0.009823299988056533, ""muls"": 32768, ""adds"": 32768, ""sample"": [[856088498179848187965346046191758, 895117898507986522251734727333337], [887596989680468014700663837580573, 915131775039423527365572175921188]], ""checksum"": 814817232439120093390390356788188669}
","[decimal_gemm] STRASSEN result shape: 32x32
[decimal_gemm]   digit muls: 32768 digit adds: 32768 time (s): 0.009823
"
32,16,strassen,2,0.010112999996636063,32768,32768,,0,817151399540167974390356938066213789,"[[744353610393483013351780547508977, 703848459406029063077731284994222], [710064035560469931260908729506762, 716571888684470714211149195978050]]","{""ok"": true, ""elapsed"": 0.010112999996636063, ""muls"": 32768, ""adds"": 32768, ""sample"": [[744353610393483013351780547508977, 703848459406029063077731284994222], [710064035560469931260908729506762, 716571888684470714211149195978050]], ""checksum"": 817151399540167974390356938066213789}
","[decimal_gemm] STRASSEN result shape: 32x32
[decimal_gemm]   digit muls: 32768 digit adds: 32768 time (s): 0.010113
"
64,4,schoolbook,0,0.0352089999942109,262080,262080,,0,6541889343744,"[[1679615974, 1674017798], [1423075115, 1329964309]]","{""ok"": true, ""elapsed"": 0.0352089999942109, ""muls"": 262080, ""adds"": 262080, ""sample"": [[1679615974, 1674017798], [1423075115, 1329964309]], ""checksum"": 6541889343744}
","[decimal_gemm] SCHOOLBOOK result shape: 64x64
[decimal_gemm]   digit muls: 262080 digit adds: 262080 time (s): 0.035209
"
64,4,schoolbook,1,0.03508770000189543,262080,262080,,0,6584356108144,"[[1557858553, 1443528057], [1404246136, 1337953154]]","{""ok"": true, ""elapsed"": 0.03508770000189543, ""muls"": 262080, ""adds"": 262080, ""sample"": [[1557858553, 1443528057], [1404246136, 1337953154]], ""checksum"": 6584356108144}
","[decimal_gemm] SCHOOLBOOK result shape: 64x64
[decimal_gemm]   digit muls: 262080 digit adds: 262080 time (s): 0.035088
"
64,4,schoolbook,2,0.03442209999775514,262144,262144,,0,6476572439929,"[[1906167395, 1580767400], [1841640019, 1617501522]]","{""ok"": true, ""elapsed"": 0.03442209999775514, ""muls"": 262144, ""adds"": 262144, ""sample"": [[1906167395, 1580767400], [1841640019, 1617501522]], ""checksum"": 6476572439929}
","[decimal_gemm] SCHOOLBOOK result shape: 64x64
[decimal_gemm]   digit muls: 262144 digit adds: 262144 time (s): 0.034422
"
64,4,karatsuba,0,0.03424329998961184,262144,262144,,0,6502126129093,"[[1495773073, 1753782131], [1608565311, 1927197395]]","{""ok"": true, ""elapsed"": 0.03424329998961184, ""muls"": 262144, ""adds"": 262144, ""sample"": [[1495773073, 1753782131], [1608565311, 1927197395]], ""checksum"": 6502126129093}
","[decimal_gemm] KARATSUBA result shape: 64x64
[decimal_gemm]   digit muls: 262144 digit adds: 262144 time (s): 0.034243
"
64,4,karatsuba,1,0.034278399994946085,262144,262144,,0,6494444775987,"[[1327369632, 1328258030], [1566363938, 1655454802]]","{""ok"": true, ""elapsed"": 0.034278399994946085, ""muls"": 262144, ""adds"": 262144, ""sample"": [[1327369632, 1328258030], [1566363938, 1655454802]], ""checksum"": 6494444775987}
","[decimal_gemm] KARATSUBA result shape: 64x64
[decimal_gemm]   digit muls: 262144 digit adds: 262144 time (s): 0.034278
"
64,4,karatsuba,2,0.03769309999188408,262144,262144,,0,6538093278142,"[[1413863697, 1354813806], [1586020317, 1477891179]]","{""ok"": true, ""elapsed"": 0.03769309999188408, ""muls"": 262144, ""adds"": 262144, ""sample"": [[1413863697, 1354813806], [1586020317, 1477891179]], ""checksum"": 6538093278142}
","[decimal_gemm] KARATSUBA result shape: 64x64
[decimal_gemm]   digit muls: 262144 digit adds: 262144 time (s): 0.037693
"
64,4,strassen,0,0.03489890000491869,262144,262144,,0,6536826167171,"[[1881018143, 1436866067], [1585576280, 1349761346]]","{""ok"": true, ""elapsed"": 0.03489890000491869, ""muls"": 262144, ""adds"": 262144, ""sample"": [[1881018143, 1436866067], [1585576280, 1349761346]], ""checksum"": 6536826167171}
","[decimal_gemm] STRASSEN result shape: 64x64
[decimal_gemm]   digit muls: 262144 digit adds: 262144 time (s): 0.034899
"
64,4,strassen,1,0.036126100007095374,262144,262144,,0,6620710509200,"[[1621606083, 1679204047], [1903666804, 1885406602]]","{""ok"": true, ""elapsed"": 0.036126100007095374, ""muls"": 262144, ""adds"": 262144, ""sample"": [[1621606083, 1679204047], [1903666804, 1885406602]], ""checksum"": 6620710509200}
","[decimal_gemm] STRASSEN result shape: 64x64
[decimal_gemm]   digit muls: 262144 digit adds: 262144 time (s): 0.036126
"
64,4,strassen,2,0.038940200000070035,262080,262080,,0,6457349305660,"[[1212252834, 1477883968], [1580334537, 1714696294]]","{""ok"": true, ""elapsed"": 0.038940200000070035, ""muls"": 262080, ""adds"": 262080, ""sample"": [[1212252834, 1477883968], [1580334537, 1714696294]], ""checksum"": 6457349305660}
","[decimal_gemm] STRASSEN result shape: 64x64
[decimal_gemm]   digit muls: 262080 digit adds: 262080 time (s): 0.038940
"
64,8,schoolbook,0,0.03939259999606293,262144,262144,,0,638413538670158264267,"[[141251669564993894, 170341560800220095], [122282076669445720, 165258508821279650]]","{""ok"": true, ""elapsed"": 0.03939259999606293, ""muls"": 262144, ""adds"": 262144, ""sample"": [[141251669564993894, 170341560800220095], [122282076669445720, 165258508821279650]], ""checksum"": 638413538670158264267}
","[decimal_gemm] SCHOOLBOOK result shape: 64x64
[decimal_gemm]   digit muls: 262144 digit adds: 262144 time (s): 0.039393
"
64,8,schoolbook,1,0.04273900001135189,262144,262144,,0,628250980776055192325,"[[168120161321455945, 147771556479155960], [166749209714491292, 136445289412437941]]","{""ok"": true, ""elapsed"": 0.04273900001135189, ""muls"": 262144, ""adds"": 262144, ""sample"": [[168120161321455945, 147771556479155960], [166749209714491292, 136445289412437941]], ""checksum"": 628250980776055192325}
","[decimal_gemm] SCHOOLBOOK result shape: 64x64
[decimal_gemm]   digit muls: 262144 digit adds: 262144 time (s): 0.042739
"
64,8,schoolbook,2,0.040534400002798066,262144,262144,,0,670473510464626778395,"[[167072321990922988, 160266993792156243], [142420440390826964, 142121356905732869]]","{""ok"": true, ""elapsed"": 0.040534400002798066, ""muls"": 262144, ""adds"": 262144, ""sample"": [[167072321990922988, 160266993792156243], [142420440390826964, 142121356905732869]], ""checksum"": 670473510464626778395}
","[decimal_gemm] SCHOOLBOOK result shape: 64x64
[decimal_gemm]   digit muls: 262144 digit adds: 262144 time (s): 0.040534
"
64,8,karatsuba,0,0.04363339999690652,262144,262144,,0,645026033772842878394,"[[150769524301588805, 144987054580411859], [130398679250976192, 132354363982725540]]","{""ok"": true, ""elapsed"": 0.04363339999690652, ""muls"": 262144, ""adds"": 262144, ""sample"": [[150769524301588805, 144987054580411859], [130398679250976192, 132354363982725540]], ""checksum"": 645026033772842878394}
","[decimal_gemm] KARATSUBA result shape: 64x64
[decimal_gemm]   digit muls: 262144 digit adds: 262144 time (s): 0.043633
"
64,8,karatsuba,1,0.03951629999210127,262144,262144,,0,651609484122957085267,"[[151522582789688215, 157368187603459664], [152257062705210252, 143098870615174802]]","{""ok"": true, ""elapsed"": 0.03951629999210127, ""muls"": 262144, ""adds"": 262144, ""sample"": [[151522582789688215, 157368187603459664], [152257062705210252, 143098870615174802]], ""checksum"": 651609484122957085267}
","[decimal_gemm] KARATSUBA result shape: 64x64
[decimal_gemm]   digit muls: 262144 digit adds: 262144 time (s): 0.039516
"
64,8,karatsuba,2,0.039452700002584606,262144,262144,,0,657351649288923763484,"[[166130080266099017, 173688347106459513], [138046279714786251, 149852848056771774]]","{""ok"": true, ""elapsed"": 0.039452700002584606, ""muls"": 262144, ""adds"": 262144, ""sample"": [[166130080266099017, 173688347106459513], [138046279714786251, 149852848056771774]], ""checksum"": 657351649288923763484}
","[decimal_gemm] KARATSUBA result shape: 64x64
[decimal_gemm]   digit muls: 262144 digit adds: 262144 time (s): 0.039453
"
64,8,strassen,0,0.04302559999632649,262144,262144,,0,650351421051304226669,"[[143743767594864533, 143511139711653915], [163553357137945633, 157247492650100519]]","{""ok"": true, ""elapsed"": 0.04302559999632649, ""muls"": 262144, ""adds"": 262144, ""sample"": [[143743767594864533, 143511139711653915], [163553357137945633, 157247492650100519]], ""checksum"": 650351421051304226669}
","[decimal_gemm] STRASSEN result shape: 64x64
[decimal_gemm]   digit muls: 262144 digit adds: 262144 time (s): 0.043026
"
64,8,strassen,1,0.04298140000901185,262144,262144,,0,662818608920374291662,"[[160759914305041707, 164670623040442890], [157379835206344033, 177996495392782342]]","{""ok"": true, ""elapsed"": 0.04298140000901185, ""muls"": 262144, ""adds"": 262144, ""sample"": [[160759914305041707, 164670623040442890], [157379835206344033, 177996495392782342]], ""checksum"": 662818608920374291662}
","[decimal_gemm] STRASSEN result shape: 64x64
[decimal_gemm]   digit muls: 262144 digit adds: 262144 time (s): 0.042981
"
64,8,strassen,2,0.039010000007692724,262144,262144,,0,646909729405169311540,"[[179478474303956205, 156454853092002345], [170961888449703343, 144145130015604311]]","{""ok"": true, ""elapsed"": 0.039010000007692724, ""muls"": 262144, ""adds"": 262144, ""sample"": [[179478474303956205, 156454853092002345], [170961888449703343, 144145130015604311]], ""checksum"": 646909729405169311540}
","[decimal_gemm] STRASSEN result shape: 64x64
[decimal_gemm]   digit muls: 262144 digit adds: 262144 time (s): 0.039010
"
64,16,schoolbook,0,0.058883300007437356,262144,262144,,0,6662939706241186585961524832320339888,"[[1768019289494456651436749611170709, 1588549403945757079942250608779898], [1566641402456490186805543800391076, 1377790200700465453289489069456732]]","{""ok"": true, ""elapsed"": 0.058883300007437356, ""muls"": 262144, ""adds"": 262144, ""sample"": [[1768019289494456651436749611170709, 1588549403945757079942250608779898], [1566641402456490186805543800391076, 1377790200700465453289489069456732]], ""checksum"": 6662939706241186585961524832320339888}
","[decimal_gemm] SCHOOLBOOK result shape: 64x64
[decimal_gemm]   digit muls: 262144 digit adds: 262144 time (s): 0.058883
"
64,16,schoolbook,1,0.054808800006867386,262144,262144,,0,6543435390289495451891736996289858662,"[[1529258337218803321741933398297008, 1548137800327614612268930061533422], [1434386613616341434446000409545418, 1413841493687707432262742037102529]]","{""ok"": true, ""elapsed"": 0.054808800006867386, ""muls"": 262144, ""adds"": 262144, ""sample"": [[1529258337218803321741933398297008, 1548137800327614612268930061533422], [1434386613616341434446000409545418, 1413841493687707432262742037102529]], ""checksum"": 6543435390289495451891736996289858662}
","[decimal_gemm] SCHOOLBOOK result shape: 64x64
[decimal_gemm]   digit muls: 262144 digit adds: 262144 time (s): 0.054809
"
64,16,schoolbook,2,0.05791880001197569,262144,262144,,0,6548290107195487533122027898620122295,"[[1724731224776969314865409664777354, 1472063150741563607231805928054766], [1784381007093714355272312682967630, 1708391391347192815557443985647258]]","{""ok"": true, ""elapsed"": 0.05791880001197569, ""muls"": 262144, ""adds"": 262144, ""sample"": [[1724731224776969314865409664777354, 1472063150741563607231805928054766], [1784381007093714355272312682967630, 1708391391347192815557443985647258]], ""checksum"": 6548290107195487533122027898620122295}
","[decimal_gemm] SCHOOLBOOK result shape: 64x64
[decimal_gemm]   digit muls: 262144 digit adds: 262144 time (s): 0.057919
"
64,16,karatsuba,0,0.055983999991440214,262144,262144,,0,6491888220710070306779571454224915648,"[[1857674172063222219273280830716933, 1687073899578889322947419060239568], [1688428071178868814006036746476693, 1627970194131028008763926876604595]]","{""ok"": true, ""elapsed"": 0.055983999991440214, ""muls"": 262144, ""adds"": 262144, ""sample"": [[1857674172063222219273280830716933, 1687073899578889322947419060239568], [1688428071178868814006036746476693, 1627970194131028008763926876604595]], ""checksum"": 6491888220710070306779571454224915648}
","[decimal_gemm] KARATSUBA result shape: 64x64
[decimal_gemm]   digit muls: 262144 digit adds: 262144 time (s): 0.055984
"
64,16,karatsuba,1,0.05570719999377616,262144,262144,,0,6705890234694354573564689567236421702,"[[1539015154845085564406304818034974, 1456900884161959702822494301134486], [1327008749038011913775175806972570, 1361363358938279205680436659397316]]","{""ok"": true, ""elapsed"": 0.05570719999377616, ""muls"": 262144, ""adds"": 262144, ""sample"": [[1539015154845085564406304818034974, 1456900884161959702822494301134486], [1327008749038011913775175806972570, 1361363358938279205680436659397316]], ""checksum"": 6705890234694354573564689567236421702}
","[decimal_gemm] KARATSUBA result shape: 64x64
[decimal_gemm]   digit muls: 262144 digit adds: 262144 time (s): 0.055707
"
64,16,karatsuba,2,0.05448249999608379,262144,262144,,0,6550799442270644390256610910720260235,"[[1641666996227371848330922002169010, 1356071635487395240919919674788316], [1859426845192056010702001337928880, 1536192059668108225884731222793663]]","{""ok"": true, ""elapsed"": 0.05448249999608379, ""muls"": 262144, ""adds"": 262144, ""sample"": [[1641666996227371848330922002169010, 1356071635487395240919919674788316], [1859426845192056010702001337928880, 1536192059668108225884731222793663]], ""checksum"": 6550799442270644390256610910720260235}
","[decimal_gemm] KARATSUBA result shape: 64x64
[decimal_gemm]   digit muls: 262144 digit adds: 262144 time (s): 0.054482
"
64,16,strassen,0,0.05988440000510309,262144,262144,,0,6594878146545978117528969224593281378,"[[1592044377306573574840510328431003, 1854524720828844167969346392748548], [1819527813420474056405203318582462, 1795604962632240201283148675245189]]","{""ok"": true, ""elapsed"": 0.05988440000510309, ""muls"": 262144, ""adds"": 262144, ""sample"": [[1592044377306573574840510328431003, 1854524720828844167969346392748548], [1819527813420474056405203318582462, 1795604962632240201283148675245189]], ""checksum"": 6594878146545978117528969224593281378}
","[decimal_gemm] STRASSEN result shape: 64x64
[decimal_gemm]   digit muls: 262144 digit adds: 262144 time (s): 0.059884
"
64,16,strassen,1,0.055015799996908754,262144,262144,,0,6496526427926480197737657657953347997,"[[1910990727475416277616586094876969, 1743287446637567684494227204158343], [1811732837506319195503909359224884, 1892365962143695712856606747459604]]","{""ok"": true, ""elapsed"": 0.055015799996908754, ""muls"": 262144, ""adds"": 262144, ""sample"": [[1910990727475416277616586094876969, 1743287446637567684494227204158343], [1811732837506319195503909359224884, 1892365962143695712856606747459604]], ""checksum"": 6496526427926480197737657657953347997}
","[decimal_gemm] STRASSEN result shape: 64x64
[decimal_gemm]   digit muls: 262144 digit adds: 262144 time (s): 0.055016
"
64,16,strassen,2,0.05410249999840744,262144,262144,,0,6438929414294707455884803535536015074,"[[1498132448803608226765533559532645, 1705075794410529899042078112212180], [1705174986913347649123879527432103, 1577578350504510467867388783177606]]","{""ok"": true, ""elapsed"": 0.05410249999840744, ""muls"": 262144, ""adds"": 262144, ""sample"": [[1498132448803608226765533559532645, 1705075794410529899042078112212180], [1705174986913347649123879527432103, 1577578350504510467867388783177606]], ""checksum"": 6438929414294707455884803535536015074}
","[decimal_gemm] STRASSEN result shape: 64x64
[decimal_gemm]   digit muls: 262144 digit adds: 262144 time (s): 0.054102
"
128,4,schoolbook,0,0.25125020000268705,2096896,2096896,,0,52645082045117,"[[3560793849, 3427931712], [3551022688, 3529104956]]","{""ok"": true, ""elapsed"": 0.25125020000268705, ""muls"": 2096896, ""adds"": 2096896, ""sample"": [[3560793849, 3427931712], [3551022688, 3529104956]], ""checksum"": 52645082045117}
","[decimal_gemm] SCHOOLBOOK result shape: 128x128
[decimal_gemm]   digit muls: 2096896 digit adds: 2096896 time (s): 0.251250
"
128,4,schoolbook,1,0.2669106999965152,2096896,2096896,,0,52853782333689,"[[2962416222, 2830373073], [3124932006, 3016141925]]","{""ok"": true, ""elapsed"": 0.2669106999965152, ""muls"": 2096896, ""adds"": 2096896, ""sample"": [[2962416222, 2830373073], [3124932006, 3016141925]], ""checksum"": 52853782333689}
","[decimal_gemm] SCHOOLBOOK result shape: 128x128
[decimal_gemm]   digit muls: 2096896 digit adds: 2096896 time (s): 0.266911
"
128,4,schoolbook,2,0.2702798999962397,2097024,2097024,,0,52236892007063,"[[3278108765, 3340485999], [3220228462, 3380200931]]","{""ok"": true, ""elapsed"": 0.2702798999962397, ""muls"": 2097024, ""adds"": 2097024, ""sample"": [[3278108765, 3340485999], [3220228462, 3380200931]], ""checksum"": 52236892007063}
","[decimal_gemm] SCHOOLBOOK result shape: 128x128
[decimal_gemm]   digit muls: 2097024 digit adds: 2097024 time (s): 0.270280
"
128,4,karatsuba,0,0.24774399999296293,2096768,2096768,,0,52323687649226,"[[2805025803, 2885576061], [3057107587, 3105592225]]","{""ok"": true, ""elapsed"": 0.24774399999296293, ""muls"": 2096768, ""adds"": 2096768, ""sample"": [[2805025803, 2885576061], [3057107587, 3105592225]], ""checksum"": 52323687649226}
","[decimal_gemm] KARATSUBA result shape: 128x128
[decimal_gemm]   digit muls: 2096768 digit adds: 2096768 time (s): 0.247744
"
128,4,karatsuba,1,0.24680300000181887,2097152,2097152,,0,52589183137328,"[[3396654318, 3096576794], [3235267989, 2907044070]]","{""ok"": true, ""elapsed"": 0.24680300000181887, ""muls"": 2097152, ""adds"": 2097152, ""sample"": [[3396654318, 3096576794], [3235267989, 2907044070]], ""checksum"": 52589183137328}
","[decimal_gemm] KARATSUBA result shape: 128x128
[decimal_gemm]   digit muls: 2097152 digit adds: 2097152 time (s): 0.246803
"
128,4,karatsuba,2,0.2482610000006389,2097024,2097024,,0,52421692048269,"[[3104666851, 2903116308], [3445864031, 3419808702]]","{""ok"": true, ""elapsed"": 0.2482610000006389, ""muls"": 2097024, ""adds"": 2097024, ""sample"": [[3104666851, 2903116308], [3445864031, 3419808702]], ""checksum"": 52421692048269}
","[decimal_gemm] KARATSUBA result shape: 128x128
[decimal_gemm]   digit muls: 2097024 digit adds: 2097024 time (s): 0.248261
"
128,4,strassen,0,0.24938059999840334,2097024,2097024,,0,52310271150838,"[[3050562320, 3103847968], [3299779101, 3004825753]]","{""ok"": true, ""elapsed"": 0.24938059999840334, ""muls"": 2097024, ""adds"": 2097024, ""sample"": [[3050562320, 3103847968], [3299779101, 3004825753]], ""checksum"": 52310271150838}
","[decimal_gemm] STRASSEN result shape: 128x128
[decimal_gemm]   digit muls: 2097024 digit adds: 2097024 time (s): 0.249381
"
128,4,strassen,1,0.25493150000693277,2096896,2096896,,0,52724228247166,"[[3289502232, 3057151067], [3627626797, 3341801899]]","{""ok"": true, ""elapsed"": 0.25493150000693277, ""muls"": 2096896, ""adds"": 2096896, ""sample"": [[3289502232, 3057151067], [3627626797, 3341801899]], ""checksum"": 52724228247166}
","[decimal_gemm] STRASSEN result shape: 128x128
[decimal_gemm]   digit muls: 2096896 digit adds: 2096896 time (s): 0.254932
"
128,4,strassen,2,0.24914869999338407,2096768,2096768,,0,53082430332629,"[[3060566315, 2999203698], [3300246798, 3023469421]]","{""ok"": true, ""elapsed"": 0.24914869999338407, ""muls"": 2096768, ""adds"": 2096768, ""sample"": [[3060566315, 2999203698], [3300246798, 3023469421]], ""checksum"": 53082430332629}
","[decimal_gemm] STRASSEN result shape: 128x128
[decimal_gemm]   digit muls: 2096768 digit adds: 2096768 time (s): 0.249149
"
128,8,schoolbook,0,0.2825567999971099,2097152,2097152,,0,5252224283185672001054,"[[343960021830472017, 314996263710775343], [303420136587154528, 283377103283295859]]","{""ok"": true, ""elapsed"": 0.2825567999971099, ""muls"": 2097152, ""adds"": 2097152, ""sample"": [[343960021830472017, 314996263710775343], [303420136587154528, 283377103283295859]], ""checksum"": 5252224283185672001054}
","[decimal_gemm] SCHOOLBOOK result shape: 128x128
[decimal_gemm]   digit muls: 2097152 digit adds: 2097152 time (s): 0.282557
"
128,8,schoolbook,1,0.2669534000015119,2097152,2097152,,0,5196645853272361357788,"[[342399783346206104, 324325097519068021], [306271527390096464, 317609576486651562]]","{""ok"": true, ""elapsed"": 0.2669534000015119, ""muls"": 2097152, ""adds"": 2097152, ""sample"": [[342399783346206104, 324325097519068021], [306271527390096464, 317609576486651562]], ""checksum"": 5196645853272361357788}
","[decimal_gemm] SCHOOLBOOK result shape: 128x128
[decimal_gemm]   digit muls: 2097152 digit adds: 2097152 time (s): 0.266953
"
128,8,schoolbook,2,0.27596620000258554,2097152,2097152,,0,5268541308542574353754,"[[316789898918594316, 286888770058453343], [327455463548059648, 306317091847590717]]","{""ok"": true, ""elapsed"": 0.27596620000258554, ""muls"": 2097152, ""adds"": 2097152, ""sample"": [[316789898918594316, 286888770058453343], [327455463548059648, 306317091847590717]], ""checksum"": 5268541308542574353754}
","[decimal_gemm] SCHOOLBOOK result shape: 128x128
[decimal_gemm]   digit muls: 2097152 digit adds: 2097152 time (s): 0.275966
"
128,8,karatsuba,0,0.2813986999972258,2097152,2097152,,0,5246585490071750167141,"[[305048043710223904, 336246617395030181], [264857317411888874, 300085391095503408]]","{""ok"": true, ""elapsed"": 0.2813986999972258, ""muls"": 2097152, ""adds"": 2097152, ""sample"": [[305048043710223904, 336246617395030181], [264857317411888874, 300085391095503408]], ""checksum"": 5246585490071750167141}
","[decimal_gemm] KARATSUBA result shape: 128x128
[decimal_gemm]   digit muls: 2097152 digit adds: 2097152 time (s): 0.281399
"
128,8,karatsuba,1,0.2982598000089638,2097152,2097152,,0,5247041677224848864597,"[[364551136666080189, 330316786068264815], [364124483516000432, 332799968591345028]]","{""ok"": true, ""elapsed"": 0.2982598000089638, ""muls"": 2097152, ""adds"": 2097152, ""sample"": [[364551136666080189, 330316786068264815], [364124483516000432, 332799968591345028]], ""checksum"": 5247041677224848864597}
","[decimal_gemm] KARATSUBA result shape: 128x128
[decimal_gemm]   digit muls: 2097152 digit adds: 2097152 time (s): 0.298260
"
128,8,karatsuba,2,0.27450539999699686,2097152,2097152,,0,5241264541943191441674,"[[330517044151717095, 303748398729818710], [345254230290495536, 346348361325128160]]","{""ok"": true, ""elapsed"": 0.27450539999699686, ""muls"": 2097152, ""adds"": 2097152, ""sample"": [[330517044151717095, 303748398729818710], [345254230290495536, 346348361325128160]], ""checksum"": 5241264541943191441674}
","[decimal_gemm] KARATSUBA result shape: 128x128
[decimal_gemm]   digit muls: 2097152 digit adds: 2097152 time (s): 0.274505
"
128,8,strassen,0,0.28228159999707714,2097152,2097152,,0,5231357720040235896167,"[[286827595234744239, 348482698887352945], [324478414770927937, 350308820789183634]]","{""ok"": true, ""elapsed"": 0.28228159999707714, ""muls"": 2097152, ""adds"": 2097152, ""sample"": [[286827595234744239, 348482698887352945], [324478414770927937, 350308820789183634]], ""checksum"": 5231357720040235896167}
","[decimal_gemm] STRASSEN result shape: 128x128
[decimal_gemm]   digit muls: 2097152 digit adds: 2097152 time (s): 0.282282
"
128,8,strassen,1,0.27483310000388883,2097152,2097152,,0,5221018885913713562846,"[[342607575262203432, 278658794571491190], [325920713546200555, 282356405460426503]]","{""ok"": true, ""elapsed"": 0.27483310000388883, ""muls"": 2097152, ""adds"": 2097152, ""sample"": [[342607575262203432, 278658794571491190], [325920713546200555, 282356405460426503]], ""checksum"": 5221018885913713562846}
","[decimal_gemm] STRASSEN result shape: 128x128
[decimal_gemm]   digit muls: 2097152 digit adds: 2097152 time (s): 0.274833
"
128,8,strassen,2,0.283245699989493,2097152,2097152,,0,5265276900875083131095,"[[297595966792128586, 330675284396383072], [325214501844118261, 328221225004513423]]","{""ok"": true, ""elapsed"": 0.283245699989493, ""muls"": 2097152, ""adds"": 2097152, ""sample"": [[297595966792128586, 330675284396383072], [325214501844118261, 328221225004513423]], ""checksum"": 5265276900875083131095}
","[decimal_gemm] STRASSEN result shape: 128x128
[decimal_gemm]   digit muls: 2097152 digit adds: 2097152 time (s): 0.283246
"
128,16,schoolbook,0,0.36604710000392515,2097152,2097152,,0,52376154588475060319198640316368210617,"[[3395143434317202078308488975886876, 3532932922672758187243945236245504], [2979380450546717669450873810612054, 3392922593258442629325276334239564]]","{""ok"": true, ""elapsed"": 0.36604710000392515, ""muls"": 2097152, ""adds"": 2097152, ""sample"": [[3395143434317202078308488975886876, 3532932922672758187243945236245504], [2979380450546717669450873810612054, 3392922593258442629325276334239564]], ""checksum"": 52376154588475060319198640316368210617}
","[decimal_gemm] SCHOOLBOOK result shape: 128x128
[decimal_gemm]   digit muls: 2097152 digit adds: 2097152 time (s): 0.366047
"
128,16,schoolbook,1,0.40690210000320803,2097152,2097152,,0,52462316555079147612550114772064492524,"[[3468095727925130594025010644394919, 3269509158281445213066374210372879], [3396463444914396845295331707238002, 3405895265244839258686076256555994]]","{""ok"": true, ""elapsed"": 0.40690210000320803, ""muls"": 2097152, ""adds"": 2097152, ""sample"": [[3468095727925130594025010644394919, 3269509158281445213066374210372879], [3396463444914396845295331707238002, 3405895265244839258686076256555994]], ""checksum"": 52462316555079147612550114772064492524}
","[decimal_gemm] SCHOOLBOOK result shape: 128x128
[decimal_gemm]   digit muls: 2097152 digit adds: 2097152 time (s): 0.406902
"
128,16,schoolbook,2,0.37582210000255145,2097152,2097152,,0,52534894727560181259006788183021541828,"[[3012295458528970275476469838846315, 2897502288888542766289949207734895], [3146441470880922843076695975693264, 3023051545180792163851585102709740]]","{""ok"": true, ""elapsed"": 0.37582210000255145, ""muls"": 2097152, ""adds"": 2097152, ""sample"": [[3012295458528970275476469838846315, 2897502288888542766289949207734895], [3146441470880922843076695975693264, 3023051545180792163851585102709740]], ""checksum"": 52534894727560181259006788183021541828}
","[decimal_gemm] SCHOOLBOOK result shape: 128x128
[decimal_gemm]   digit muls: 2097152 digit adds: 2097152 time (s): 0.375822
"
128,16,karatsuba,0,0.36431200000515673,2097152,2097152,,0,52197708107265797003267254062801564126,"[[3040692033345682545237172774176853, 2686865703443443617189666631069465], [2906489046230869725543062373691920, 2548327591678899784126174346039556]]","{""ok"": true, ""elapsed"": 0.36431200000515673, ""muls"": 2097152, ""adds"": 2097152, ""sample"": [[3040692033345682545237172774176853, 2686865703443443617189666631069465], [2906489046230869725543062373691920, 2548327591678899784126174346039556]], ""checksum"": 52197708107265797003267254062801564126}
","[decimal_gemm] KARATSUBA result shape: 128x128
[decimal_gemm]   digit muls: 2097152 digit adds: 2097152 time (s): 0.364312
"
128,16,karatsuba,1,0.3797721000009915,2097152,2097152,,0,52371704446388745166616552234943899292,"[[3403997559765454924942131997167370, 2890524681282020808400201818238391], [3635888662635229185955494879752857, 3118344961902501105879935287544571]]","{""ok"": true, ""elapsed"": 0.3797721000009915, ""muls"": 2097152, ""adds"": 2097152, ""sample"": [[3403997559765454924942131997167370, 2890524681282020808400201818238391], [3635888662635229185955494879752857, 3118344961902501105879935287544571]], ""checksum"": 52371704446388745166616552234943899292}
","[decimal_gemm] KARATSUBA result shape: 128x128
[decimal_gemm]   digit muls: 2097152 digit adds: 2097152 time (s): 0.379772
"
128,16,karatsuba,2,0.38310240001010243,2097152,2097152,,0,52539460574154123668937095409890564112,"[[3203382910928793936943641198753108, 2862523626981197432727437393377192], [3272675918656401528658725510984036, 2909535139722285082668181783959314]]","{""ok"": true, ""elapsed"": 0.38310240001010243, ""muls"": 2097152, ""adds"": 2097152, ""sample"": [[3203382910928793936943641198753108, 2862523626981197432727437393377192], [3272675918656401528658725510984036, 2909535139722285082668181783959314]], ""checksum"": 52539460574154123668937095409890564112}
","[decimal_gemm] KARATSUBA result shape: 128x128
[decimal_gemm]   digit muls: 2097152 digit adds: 2097152 time (s): 0.383102
"
128,16,strassen,0,0.3793267000000924,2097152,2097152,,0,52493336933533429251845728117090918730,"[[3299691785825456669339220747237508, 3856573904517617124856847535129353], [2715672997088085464322354703181271, 3299686113781372971171893667930810]]","{""ok"": true, ""elapsed"": 0.3793267000000924, ""muls"": 2097152, ""adds"": 2097152, ""sample"": [[3299691785825456669339220747237508, 3856573904517617124856847535129353], [2715672997088085464322354703181271, 3299686113781372971171893667930810]], ""checksum"": 52493336933533429251845728117090918730}
","[decimal_gemm] STRASSEN result shape: 128x128
[decimal_gemm]   digit muls: 2097152 digit adds: 2097152 time (s): 0.379327
"
128,16,strassen,1,0.3542587999982061,2097152,2097152,,0,52385008458337515536092767422331319422,"[[3191020723485916364684643512961678, 3042325319463167747991018176223635], [3535767129662241603653311659286882, 3376701032033412349064329063404963]]","{""ok"": true, ""elapsed"": 0.3542587999982061, ""muls"": 2097152, ""adds"": 2097152, ""sample"": [[3191020723485916364684643512961678, 3042325319463167747991018176223635], [3535767129662241603653311659286882, 3376701032033412349064329063404963]], ""checksum"": 52385008458337515536092767422331319422}
","[decimal_gemm] STRASSEN result shape: 128x128
[decimal_gemm]   digit muls: 2097152 digit adds: 2097152 time (s): 0.354259
"
128,16,strassen,2,0.383460599987302,2097152,2097152,,0,52272310902535875684400943383428754129,"[[3608744231506567095399667703411368, 3113851754105793440705595368565052], [3563838062798827786565946662089462, 2974687548081486749837958554017613]]","{""ok"": true, ""elapsed"": 0.383460599987302, ""muls"": 2097152, ""adds"": 2097152, ""sample"": [[3608744231506567095399667703411368, 3113851754105793440705595368565052], [3563838062798827786565946662089462, 2974687548081486749837958554017613]], ""checksum"": 52272310902535875684400943383428754129}
","[decimal_gemm] STRASSEN result shape: 128x128
[decimal_gemm]   digit muls: 2097152 digit adds: 2097152 time (s): 0.383461
"
